subject.subjectGuid,sample.sampleKitGuid,freq.L1_b_cell,freq.L1_dc,freq.L1_erythrocyte,freq.L1_ilc,freq.L1_monocyte,freq.L1_nk_cell,freq.L1_platelet,freq.L1_progenitor_cell,freq.L1_t_cell,freq.L2_asdc,freq.L2_cd14_monocyte,freq.L2_cd16_monocyte,freq.L2_cd56bright_nk_cell,freq.L2_cd56dim_nk_cell,freq.L2_cd8aa,freq.L2_cdc1,freq.L2_cdc2,freq.L2_dn_t_cell,freq.L2_effector_b_cell,freq.L2_erythrocyte,freq.L2_gdt,freq.L2_ilc,freq.L2_intermediate_monocyte,freq.L2_mait,freq.L2_memory_b_cell,freq.L2_memory_cd4_t_cell,freq.L2_memory_cd8_t_cell,freq.L2_naive_b_cell,freq.L2_naive_cd4_t_cell,freq.L2_naive_cd8_t_cell,freq.L2_pdc,freq.L2_plasma_cell,freq.L2_platelet,freq.L2_progenitor_cell,freq.L2_proliferating_nk_cell,freq.L2_proliferating_t_cell,freq.L2_transitional_b_cell,freq.L2_treg,freq.L3_activated_memory_b_cell,freq.L3_adaptive_nk_cell,freq.L3_asdc,freq.L3_baeomap_cell,freq.L3_c1q_cd16_monocyte,freq.L3_cd14_cdc2,freq.L3_cd27_effector_b_cell,freq.L3_cd27_effector_b_cell,freq.L3_cd27_effector_b_cell,freq.L3_cd27_effector_b_cell,freq.L3_cd4_mait,freq.L3_cd56bright_nk_cell,freq.L3_cd8_mait,freq.L3_cd8aa,freq.L3_cd95_memory_b_cell,freq.L3_cdc1,freq.L3_clp_cell,freq.L3_cm_cd4_t_cell,freq.L3_cm_cd8_t_cell,freq.L3_cmp_cell,freq.L3_core_cd14_monocyte,freq.L3_core_cd16_monocyte,freq.L3_core_memory_b_cell,freq.L3_core_naive_b_cell,freq.L3_core_naive_cd4_t_cell,freq.L3_core_naive_cd8_t_cell,freq.L3_dn_t_cell,freq.L3_early_memory_b_cell,freq.L3_erythrocyte,freq.L3_gzmb_cd27_em_cd4_t_cell,freq.L3_gzmb_cd27_em_cd4_t_cell,freq.L3_gzmb_cd27_em_cd4_t_cell,freq.L3_gzmb_cd27_em_cd4_t_cell,freq.L3_gzmb_vd2_gdt,freq.L3_gzmk_cd27_em_cd8_t_cell,freq.L3_gzmk_cd27_em_cd8_t_cell,freq.L3_gzmk_cd27_em_cd8_t_cell,freq.L3_gzmk_cd27_em_cd8_t_cell,freq.L3_gzmk_cd56dim_nk_cell,freq.L3_gzmk_cd56dim_nk_cell,freq.L3_gzmk_cd56dim_nk_cell,freq.L3_gzmk_cd56dim_nk_cell,freq.L3_gzmk_memory_cd4_treg,freq.L3_gzmk_vd2_gdt,freq.L3_hla_drhi_cdc2,freq.L3_il1b_cd14_monocyte,freq.L3_ilc,freq.L3_intermediate_monocyte,freq.L3_isg_cd14_monocyte,freq.L3_isg_cd16_monocyte,freq.L3_isg_cd56dim_nk_cell,freq.L3_isg_cdc2,freq.L3_isg_mait,freq.L3_isg_memory_cd4_t_cell,freq.L3_isg_memory_cd8_t_cell,freq.L3_isg_naive_b_cell,freq.L3_isg_naive_cd4_t_cell,freq.L3_isg_naive_cd8_t_cell,freq.L3_klrb1_memory_cd4_treg,freq.L3_klrb1_memory_cd8_treg,freq.L3_klrf1_effector_vd1_gdt,freq.L3_klrf1_effector_vd1_gdt,freq.L3_klrf1_effector_vd1_gdt,freq.L3_klrf1_effector_vd1_gdt,freq.L3_klrf1_gzmb_cd27_em_cd8_t_cell,freq.L3_klrf1_gzmb_cd27_em_cd8_t_cell,freq.L3_klrf1_gzmb_cd27_em_cd8_t_cell,freq.L3_klrf1_gzmb_cd27_em_cd8_t_cell,freq.L3_klrf1_gzmb_cd27_memory_cd4_t_cell,freq.L3_memory_cd4_treg,freq.L3_memory_cd8_treg,freq.L3_naive_cd4_treg,freq.L3_naive_vd1_gdt,freq.L3_pdc,freq.L3_plasma_cell,freq.L3_platelet,freq.L3_proliferating_nk_cell,freq.L3_proliferating_t_cell,freq.L3_sox4_naive_cd4_t_cell,freq.L3_sox4_naive_cd8_t_cell,freq.L3_sox4_vd1_gdt,freq.L3_transitional_b_cell,freq.L3_type_2_polarized_memory_b_cell
BR1001,KT00001,2.05465324034219,0.0785499689394143,-2.65824964544878,-3.23361379035234,2.8644604918139,1.66173534828612,-1.60219697119947,-3.03294309489019,3.86760445250917,-2.93298387830426,3.12934678467236,0.876452538348787,-0.200241064611677,1.93838934845849,-1.71658855397977,-2.93298387830426,-0.063665529605926,-1.51591785851761,-0.427457941313522,-2.23983669774431,0.927745832736337,-2.81520084264787,0.339432713491972,2.09007393579055,0.932995188622481,3.21120175582139,2.6382191314528,2.02723492987798,2.5631592315737,1.99336359926941,-0.479825926830838,-2.06798644081765,-1.183784023495,-2.61453014718572,-1.37483926025771,-0.853542336624422,-0.0288187982757578,0.780588188400049,-2.61358614138429,0.605289683483911,-1.92043896082434,-3.30673332194424,0.770804121961484,-0.0486367839227534,0.276785616511874,-0.704043636499852,0.276785616511874,-0.704043636499852,-1.43493114504264,0.812303852868237,3.08182808360139,-0.704043636499852,-1.2272917802644,-1.92043896082434,-3.30673332194424,3.58743000351843,1.7072297622447,-1.80265592516796,4.03701627018089,1.45115795106152,1.79921215195635,3.01852129656502,3.48448814078195,2.97646756794357,-0.503372941037701,-1.60198522970581,-1.2272917802644,2.96330948336606,2.31185430664873,2.96330948336606,2.31185430664873,0.941761920105123,2.87741556899325,0.127253882540911,2.87741556899325,0.127253882540911,1.29342432222031,2.59316403163826,1.29342432222031,2.59316403163826,-2.20812103327613,1.24186651255546,0.442770753986136,-0.444532441014767,-1.80265592516796,1.35197763097189,1.73346077439356,-1.51497385271618,-1.10950874460802,-2.20812103327613,-1.36082317288892,-0.667675992328977,-1.29183030140197,-0.78100467763598,-0.821826672156235,-2.05397035344887,-0.955358064780758,-1.60198522970581,-2.90126821383607,-2.05397035344887,-2.90126821383607,-2.05397035344887,-0.0486367839227534,2.56115016339239,-0.0486367839227534,2.56115016339239,0.812303852868237,1.03707209990945,-2.05397035344887,0.897959297446731,-0.388962589859956,0.532718990649075,-1.05544152333774,-0.171239106015086,-0.362294342777795,0.159002580855491,0.997331771259934,-0.704043636499852,-1.80265592516796,0.983726119204156,-0.78100467763598
BR1002,KT00002,1.34236448201264,0.374953381364531,-2.47863912502834,-3.39492985690249,2.67233765362099,2.16478977307684,-1.73670178029896,-2.76632119748012,3.82214666963491,-2.77245593534803,3.29199350451644,1.00848166318385,-0.847165073495457,2.88353587547182,-1.5403122540554,-2.77245593534803,0.559748574827169,-2.23345943461535,-1.25263018160362,-1.72263381084936,1.33372308452107,-2.63892454272351,0.186908694035082,-0.185766591250092,0.599753909440869,3.1695932521966,2.92031373947276,1.73683247893677,3.5890932426086,2.27922989857858,0.223276338205956,-2.4157809914093,-0.980696466119979,-2.01031588330114,-1.31716870274119,-1.2843788799182,-1.16301802291393,1.35467844969706,-3.65390306667738,-0.157395505210903,-1.70799291762207,-2.55529077800927,-0.518408850748233,0.636556374471008,-0.395806528655901,-1.70799291762207,-0.395806528655901,-1.70799291762207,-2.96075588611744,0.217297944230508,0.867885510371657,-0.475849236329438,-1.08895370921585,-1.70799291762207,-2.04446515424328,3.7412044798851,2.6339554934844,-1.45667848934116,4.28096849926779,1.96649779903977,1.48776048982528,2.78704347395554,4.60994506469152,3.33081325344088,-1.16899641688938,-0.709464087510943,-0.658170793123392,2.7245231169742,2.388729767005,2.7245231169742,2.388729767005,1.22129425652377,3.1584420275001,0.535751675349042,3.1584420275001,0.535751675349042,0.971069746606888,3.87227584666876,0.971069746606888,3.87227584666876,-2.04446515424328,1.8350346594793,1.11678155778828,-0.763531308781218,-1.57446152499755,1.25137171176105,1.6593029123644,-1.35131797368334,-1.01484573706212,-1.70799291762207,-3.65390306667738,-0.763531308781218,-1.45667848934116,-1.35131797368334,-0.475849236329438,-3.65390306667738,-0.219915862192237,-1.35131797368334,-1.35131797368334,-2.04446515424328,-1.35131797368334,-2.04446515424328,0.931064411993189,2.48166182440436,0.931064411993189,2.48166182440436,-1.08895370921585,1.31591023289862,-0.881314344437602,1.79713538688832,-0.127542542061222,1.28773935593192,-1.35131797368334,0.0837665516059851,-0.252705685015228,-0.219915862192237,1.36337677013754,-0.945852865575173,-1.57446152499755,-0.0985550051879695,-2.26760870555749
BR1003,KT00003,2.05314334987564,-0.0136616077996855,-2.6301446153764,-3.20550876027997,2.75492367758029,1.57174557340886,-1.96874613313104,-2.56951999355997,4.00776850928228,-3.17152246205579,2.84015312566833,1.68699711730358,0.723693425055979,1.65412104669064,-0.645793817747531,-3.35384401884974,-0.0729328030620875,-1.2744024771699,-0.83614754623875,-2.19069320904406,0.786111054624412,-2.76605735394762,0.635140027714533,1.35568618246259,0.96364409468657,2.87978208540821,1.86000419107185,2.12762789079614,3.53309612041848,2.86833534506877,-0.60657310459425,-2.3983325738223,-1.5292947267987,-2.13006858722763,-1.63107742110864,-1.59598610129737,-0.544441323487243,0.832775819481531,-2.14879149009987,-1.37560160186639,-2.14879149009987,-3.94055095932793,-0.276989313198282,0.0297409542241931,-0.202881341044561,-0.896028521604506,-0.202881341044561,-0.896028521604506,-3.94055095932793,1.74642439701189,2.34916461158107,0.376937154208382,-1.05017920143176,-2.33111304689383,-1.86110941764809,3.33945729355626,1.72932996365259,-1.63796586633388,3.30367655627542,2.37661372741935,1.81519125425898,3.06704965462392,4.38111384780707,3.84600084710078,-0.251671505213992,-1.37560160186639,-1.16796223708815,2.50198920714027,1.95385187493692,2.50198920714027,1.95385187493692,-0.251671505213992,2.19284708366872,-0.6447140933236,2.19284708366872,-0.6447140933236,0.838572533783601,2.42419979752398,0.838572533783601,2.42419979752398,-2.84193867065982,0.972103926408123,-0.0285279538997827,-1.45564430953993,-1.74332638199171,1.65787099967045,3.0054630317713,1.26345572774887,-0.302964799601543,-0.474815056528202,-1.10733761527171,0.713409390829595,-1.23250075822572,0.634160019175454,1.47998403994436,-0.357032020871819,-0.506563754842782,-2.55425659820804,-3.24740377876798,-3.94055095932793,-3.24740377876798,-3.94055095932793,-0.133888469557609,0.513796336925579,-0.133888469557609,0.513796336925579,-2.33111304689383,1.03618278309265,-3.24740377876798,1.06339534661753,0.634160019175454,0.416157867361663,-1.37560160186639,-0.506563754842782,-0.608346449152725,-0.573255129341455,2.38916994619477,0.403254462525755,-0.179350843634366,0.478289648468669,-0.682454421306447
BR1004,KT00004,1.42966058899635,0.0861225958620449,-3.23259856397587,-2.42166834775954,2.21897622642221,1.8786359286765,-0.846131987001124,-3.23259856397587,4.11960212275531,-3.02953445812946,2.50582936490178,0.743226479965178,-0.439267292683633,2.27625492325728,-2.18223659774226,-3.02953445812946,0.10595975779969,-1.38730672287237,-0.601786222181408,-2.74185238567768,1.95064162848209,-1.93092216946135,-0.378642670867199,1.98995045124378,0.723883517122047,3.10747239426918,2.37539264347683,1.26092498301893,3.60925145733305,2.49392446239546,-0.517228834153345,-1.64324009700957,-0.355385808702931,-2.74185238567768,-1.13241447324358,-1.64324009700957,-0.646906657461878,1.25863926773808,-2.54472333623193,-0.935285423797827,-1.85157615567198,-3.64333562490004,-2.03389771246594,0.619344252141278,0.185305771589058,-0.507841408970887,0.185305771589058,-0.507841408970887,-2.95018844434009,0.738691009773844,3.16459931879989,-1.00427829528478,-0.552293171541721,-1.85157615567198,-2.95018844434009,3.8359640128828,2.18266448248041,-1.69742547584472,3.53291890711711,1.80770282866566,1.67967435423837,2.42970890920037,4.77315286239457,3.65713718936776,-0.209348420414891,-0.810122280843821,-1.5638940832202,2.6008312757637,2.48571458516051,2.6008312757637,2.48571458516051,1.67967435423837,2.75192597321541,0.206811976810022,2.75192597321541,0.206811976810022,1.48656309002304,3.27930826657585,1.48656309002304,3.27930826657585,-2.03389771246594,2.7618928331308,0.499799101491496,-1.00427829528478,-0.752963867003872,0.799315631590279,1.65996928315904,-0.424459800031836,-1.0783862674385,-1.85157615567198,-2.54472333623193,-0.424459800031836,-1.15842897511204,-2.03389771246594,-0.385239086878555,-2.25704126378015,-0.698896645733597,-2.54472333623193,0.163326864870283,-3.64333562490004,0.163326864870283,-3.64333562490004,1.58777299195455,1.4065203823495,1.58777299195455,1.4065203823495,-1.34075053190599,1.60368844726045,-2.25704126378015,1.75482707661772,-0.698896645733597,0.660729468304133,-0.465281794552092,0.822572493754546,0.045543829213899,-0.465281794552092,0.045543829213899,-0.647603351346046,-2.54472333623193,0.5310516449956,-1.0783862674385
BR1005,KT00006,1.58115167968158,0.141177169098062,-2.52018591803149,-2.8996755397364,3.34075024171173,0.337493478179128,-1.59342388629004,-2.03063769271279,3.64335046810022,-2.87817846848094,4.01952647464769,0.843490808455984,-0.465245318318032,0.843490808455984,-1.67420566415501,-3.57132564904089,0.500546057329154,-1.37410107170467,-0.798736926801107,-1.72549895854256,0.932180883170703,-2.10498858024746,1.51214696900763,0.793893867316612,0.709959415831462,2.8071005346107,1.52037746814415,2.0246241208121,3.79511949928671,2.25073356653969,-0.170128267378733,-3.57132564904089,-0.798736926801107,-1.23595073322385,-1.77956617981283,-1.49188410736105,-0.339204597422667,1.42588662472323,-2.17441942092027,-1.48127224036032,-1.7689543128121,-2.46210149337205,-0.341837957171956,0.982581000229847,-0.616274802873717,-0.159516400378002,-0.616274802873717,-0.159516400378002,-2.17441942092027,0.643978837350809,1.88170392848164,-0.564981508486166,-1.07580713225216,-2.46210149337205,-1.95127586960606,3.34202895511844,1.50819042018007,-0.341837957171956,5.03621437739493,1.8191835715003,1.60407219188336,3.09858013764348,4.85864604902732,3.34303347554444,-0.264876916035828,-1.07580713225216,-0.616274802873717,2.30858313109362,2.43324764526641,2.30858313109362,2.43324764526641,1.02425369663041,1.62106976825193,-0.616274802873717,1.62106976825193,-0.616274802873717,0.267927614448938,1.70714437702317,0.267927614448938,1.70714437702317,-1.61480363298484,1.38092864056915,0.770019558246174,-0.616274802873717,-0.99576442457862,2.62137112467647,2.66976766553832,-1.48127224036032,-2.46210149337205,-1.48127224036032,-2.46210149337205,-0.564981508486166,-1.61480363298484,-0.193417952053683,0.223475851878104,-2.17441942092027,-0.341837957171956,-1.61480363298484,-1.61480363298484,-1.36348920470394,-1.61480363298484,-1.36348920470394,0.770019558246174,0.428270264524117,0.770019558246174,0.428270264524117,-3.56071378204016,1.80526223298169,-1.61480363298484,1.68103323301949,-0.852663580937947,0.939095888290108,-2.46210149337205,0.310487228867734,-0.670342024143992,-0.382659951692211,1.5750846550101,-0.852663580937947,-1.61480363298484,0.770019558246174,-0.670342024143992
BR1006,KT00010,2.13928667853248,0.105053320937589,-2.98219406145218,-3.0692054384418,2.74979786967344,1.84010160352456,-1.66043822146986,-2.82804338162492,3.70564163032069,-3.27838472854635,3.07075426283345,1.52399562672945,0.205927559826311,2.28460193614439,-1.66894681611225,-2.32287328351891,0.122812653115805,-1.39131507951397,-0.936578922399024,-2.40291599119245,1.78673875083397,-2.48992736818208,0.576009164045159,1.2455754020162,1.24774225010129,2.86408269209816,2.17608132049162,2.3088639298539,3.29305830101594,2.04267212497118,-0.302855162309879,-3.27838472854635,-1.08116015121013,-2.24876531136519,-1.59198577497612,-2.48992736818208,0.193581724004012,0.541522987973989,-2.05858351383321,-0.40992488824583,-2.05858351383321,-2.97487424570737,0.223798871843315,0.506365843628325,-0.0304352665409263,-0.959971225165102,-0.0304352665409263,-0.959971225165102,-2.5694091375992,1.42572877453945,2.45884775784687,-0.449145601399111,-0.335816916092108,-1.10307206880578,-2.97487424570737,3.62635587302151,1.89649898105538,-1.18311477647931,4.20709785477298,2.61797666824155,2.27477794885939,3.51660772645,4.46791134573758,3.24670946645125,-0.171513864800832,-0.335816916092108,-1.18311477647931,2.60296700559099,2.06207835670626,2.60296700559099,2.06207835670626,2.31591485441988,2.59537683632431,0.357330264467837,2.59537683632431,0.357330264467837,0.896326765200524,3.39588253520476,0.896326765200524,3.39588253520476,-2.05858351383321,2.22638140799754,0.762795372576001,-1.18311477647931,-1.27012615346894,1.7958103787583,1.72105030354919,-0.449145601399111,-0.959971225165102,-2.5694091375992,-2.97487424570737,-0.895432704027531,-1.47079684893109,-0.834808082211096,-0.202285523467585,-2.97487424570737,-1.18311477647931,-2.5694091375992,-2.28172706514742,-3.66802142626731,-2.28172706514742,-3.66802142626731,0.339311758965159,1.92296555424354,0.339311758965159,1.92296555424354,-2.05858351383321,0.896326765200524,-2.97487424570737,1.07691070209594,-0.335816916092108,0.91694605240326,-2.05858351383321,0.138641063503008,-0.372184560262983,-1.27012615346894,1.17616566019128,-0.895432704027531,-2.28172706514742,1.41338293871715,-0.489967595919366
BR1007,KT00014,1.63597207621196,-0.116221792809907,-2.26712229847189,-3.77119969524816,2.29992287016527,1.60639085219438,-0.621316741866913,-2.51843672675279,3.75201145657805,-2.85526309110537,2.92327340547286,0.658412273983479,-1.08760117345637,2.32571756873813,-2.09312303905847,-2.40327796736231,0.334625196889582,-2.31626659037268,-0.869347607436354,-1.50533637415635,1.68498754878341,-3.00941377093262,-0.166444251931044,1.91663145486301,1.8321451931197,2.88223044089315,1.78361815222504,1.27187129393973,3.68246316772672,2.55446786281357,-0.951025638450621,-1.36718603567553,0.140469182448624,-1.75665080243726,-2.09312303905847,-1.75665080243726,-0.611518498134254,0.851315940107971,-2.27550130955972,2.16243295705246,-1.93902907293851,-3.88493922199382,-1.24588189237856,0.140412468741328,-0.552734711818617,-0.706885391645876,-0.552734711818617,-0.706885391645876,-3.19179204143388,-0.171367155289514,2.82436511826448,-1.17688902089161,-0.171367155289514,-1.48704394919545,-1.80549768031399,3.19676936411175,0.842448596718519,-1.24588189237856,3.68756376302656,1.43318077185039,2.51365571254139,2.15769361168856,4.55321076208196,3.44218407026547,-1.40003257220582,-1.40003257220582,-0.589102355989492,2.19040680909486,2.16479423323814,2.19040680909486,2.16479423323814,0.24219516305127,1.76403501616738,-0.274021309349597,1.76403501616738,-0.274021309349597,0.787889612468085,2.68173320780942,0.787889612468085,2.68173320780942,-3.19179204143388,1.04953471113687,0.778499872118246,0.12239396323865,-2.09317975276577,0.749789766235814,1.69855708678788,-0.940500242827381,-1.93902907293851,-1.58235412899978,-1.93902907293851,-0.626842683972339,-1.40003257220582,-1.24588189237856,0.27394386136585,-1.93902907293851,-1.17688902089161,-2.27550130955972,-0.450952017508675,2.02856378364445,-0.450952017508675,2.02856378364445,-0.388431660527341,1.63652169586842,-0.388431660527341,1.63652169586842,0.730181294847438,0.815541143798595,-2.49864486087393,1.15201338041981,-0.171367155289514,-0.0347916202837628,-0.450952017508675,1.05670320061548,-1.17688902089161,-0.840416784270398,1.14549869939861,-0.221377575864175,-0.994567464097657,0.304715520032604,0.769021128163702
BR1008,KT00012,2.03753523044883,-0.568515802698254,-2.59868629537131,-3.08419411115301,2.23698492453829,1.09976260975878,-0.139755131986567,-3.21772550377753,4.23459408024076,-2.54153867317854,2.81302399203395,0.364581441685769,-0.0686082144372505,1.58328890576864,-2.87801090979975,-2.69568935300579,-0.238953580184489,-1.77939862113164,-0.74977920395048,-1.92249946477231,1.55518401144853,-2.40800728055401,-1.08625144057169,0.203899059995295,0.820818875167356,3.80309467853889,3.01308066316145,2.34450474333201,3.95437406215761,1.91446837449334,-1.54300984306741,-1.26857299736565,0.536431698612428,-2.54153867317854,-2.08955354943548,-1.26857299736565,0.516497483711611,1.6567368118918,-3.42363457925696,1.1089649138963,-1.47772443020164,-2.73048739869701,-0.590421235200739,0.447566431650936,-0.332592125898639,-0.379112141533532,-0.332592125898639,-0.379112141533532,-2.73048739869701,0.995206028539643,1.25849664786726,-1.81419666682286,-0.590421235200739,-1.6318751100289,-2.73048739869701,4.34151032367918,1.91869967270786,-1.81419666682286,3.83407309790309,1.24919425520495,1.71216385779331,3.39856281136354,5.01082896456029,2.97662286605187,-0.715584378154745,-2.03734021813706,-0.858685221795419,2.626098875975,3.46391799240766,2.626098875975,3.46391799240766,1.42839568466266,2.46800963256882,-0.784577249641697,2.46800963256882,-0.784577249641697,0.314035039026413,2.27009755954574,0.314035039026413,2.27009755954574,-0.858685221795419,1.37215596633979,-0.379112141533532,-1.47772443020164,-1.34419303757712,-0.0224371975947999,0.619416688577595,-1.6318751100289,-2.03734021813706,-2.32502229058885,-3.42363457925696,-0.715584378154745,-2.32502229058885,-1.12104948626291,-0.784577249641697,-2.73048739869701,0.583698605975516,-0.938727929468955,-0.0563387492704813,1.23980451485511,-0.0563387492704813,1.23980451485511,2.6118468532678,3.27092747926414,2.6118468532678,3.27092747926414,1.9423414357649,2.20398653443368,-2.73048739869701,1.28589562205538,0.289937487447352,-0.479195600090515,-0.204758754388755,1.60024594158932,-1.02573930645858,-0.204758754388755,-0.332592125898639,-3.42363457925696,-3.42363457925696,1.5803117266885,-0.784577249641697
BR1009,KT00023,2.29085527601316,0.079012498167386,-3.04054512549895,-3.35899885661749,2.67048375767802,1.70754406941707,-1.5466201001867,-2.60522705424111,3.80349553526861,-2.96243369025035,2.93643573793753,0.438763691411801,-0.53101572541334,2.0151617497677,0.183871441783011,-2.96243369025035,-0.159073309343819,-1.86382140158224,0.860758101471176,-2.64397995913182,1.4164630514146,-2.96243369025035,0.0880234829928832,1.84873388821698,1.62253378842022,2.75664782169502,2.15630834517175,1.7997402445474,3.03959980820686,2.0565004066606,-0.397484332788818,-1.32830316522588,-1.15005493381956,-2.20866188787397,-2.09743625276375,-2.47692587446865,-0.0245953951152659,0.549111748580666,-1.9007300711565,-1.1385900191096,-1.76719867853198,-3.15349303965187,-1.0134268761556,0.142343826352462,1.3181457537117,1.41085515181597,1.3181457537117,1.41085515181597,-1.07405149797203,0.664219286305038,3.02133418875848,1.37910645350139,-0.291292158722398,-1.76719867853198,-2.23720230777771,3.37300181991892,1.87038748119441,-1.36173357042381,4.06101137449928,1.51933579481004,2.68131769741074,2.97009566038316,4.1122862728383,3.22238320636645,-0.668586389863866,-0.445442838549657,-1.44874494741344,2.62261009658396,2.15724684689473,2.62261009658396,2.15724684689473,1.8736715563956,2.65314682044404,-0.850907946657821,2.65314682044404,-0.850907946657821,0.572200387584786,3.1193839668943,0.572200387584786,3.1193839668943,-3.84664022021181,1.57830979726959,0.497165201641872,-2.46034585909192,-1.76719867853198,1.28325849471126,1.43656350852618,-1.44874494741344,-2.05488075098376,-2.7480279315437,-1.76719867853198,-0.902201241045372,-1.36173357042381,-0.668586389863866,-0.58854368219033,-2.46034585909192,-1.07405149797203,-2.7480279315437,-2.05488075098376,-3.15349303965187,-2.05488075098376,-3.15349303965187,0.797750678929561,1.62141992092332,0.797750678929561,1.62141992092332,-2.05488075098376,0.707236671388729,-2.46034585909192,1.19031238220182,0.497165201641872,0.797750678929561,-0.133068153507504,0.0451800778988144,-0.902201241045372,-1.28169086275028,2.00843170199061,-0.350132658745332,-0.58854368219033,1.17063961660311,-0.380904317412086
BR1010,KT00022,1.04268648597967,0.062464213259722,-1.8642145738677,-3.65597404309576,2.63633556299028,1.52693247194095,-0.254776661433603,-3.4736524863018,3.98019903052824,-3.84062295386937,3.16788222821291,1.44003947743995,0.270250910303945,2.09823164296632,-0.950251195973202,-2.45432859274948,0.0714000515587792,-1.8257199333271,-0.922852221785088,-1.13257275276716,1.78339455231797,-2.92433222199521,0.0613497157052777,0.951026799061343,0.429074495830595,3.44454083543841,3.11306125700117,1.25005504790043,3.59363442826377,2.17431394942376,0.0613497157052777,-4.53377013442931,0.476865159666944,-2.74201066520126,-2.04886348464131,-1.442727681071,-0.683622532719254,1.11520410373189,-3.66108088772874,-0.259883506066583,-2.96793370716879,-2.96793370716879,-0.0234947280023522,0.0765887305546303,-0.525586671799588,-0.953030686626528,-0.525586671799588,-0.953030686626528,-1.0961315302672,1.14294015700452,1.75945411154355,-0.077561949272628,-2.05164297529464,-1.5816393460489,-3.66108088772874,3.4833262925924,2.18246352930262,-2.05164297529464,3.9433154610676,2.15900204262362,1.12641085505331,2.07549140975045,4.43634541086848,3.03595335993775,-0.953030686626528,-0.716641908562298,-0.259883506066583,3.06515251463001,2.74083630899845,3.06515251463001,2.74083630899845,0.399362122817681,3.03224278054121,-0.365244021724409,3.03224278054121,-0.365244021724409,1.01174794673317,2.76054138007778,1.01174794673317,2.76054138007778,-2.27478652660885,1.66192909140967,0.210120123179153,-0.953030686626528,-2.05164297529464,0.934038962405852,1.59641448429904,-0.665348614174747,-1.35849579473469,-1.17617423794074,-2.27478652660885,-0.442205062860537,-1.26318561493037,-0.888492165488957,-0.328876377553534,-2.96793370716879,-0.770709129832573,-1.86932141850068,1.55385486988025,0.733368266943701,1.55385486988025,0.733368266943701,2.17372984933387,2.67927841599901,2.17372984933387,2.67927841599901,1.59641448429904,1.3887751195208,-1.35849579473469,0.892796003871803,-0.442205062860537,0.934038962405852,-3.66108088772874,1.34955440636752,-1.17617423794074,-0.570038434370422,0.642984205475432,-1.46385631039252,-1.86932141850068,0.189066713981321,-2.96793370716879
BR1011,KT00025,2.07498815213519,0.0364668802447171,-3.24067785274746,-3.9338250333074,2.5794050776049,1.96744124588243,-0.220252966603097,-3.12289481709108,3.8593493138818,-3.43498678796094,2.8388331700931,1.34203365495381,0.360502401211254,2.31201480581524,-1.48907663890563,-2.04869242684105,0.105972536076373,-1.29492062446467,0.360502401211254,-2.741839607401,1.13196218520695,-3.43498678796094,-0.206160632239572,0.50659501970875,1.98000188539079,3.57238755604991,1.8302907245089,1.36698297400176,3.13273993819721,1.72979918596257,-0.778229881246281,-1.29492062446467,0.278585278743367,-2.62405657174461,-1.32477358761435,-1.73023869572252,-1.29492062446467,0.848599773899688,-2.54887655636363,-1.5680473033519,-2.26119448391185,-3.64748884503174,-0.703049865865299,0.15917364473858,1.01595024908033,0.642970596116652,1.01595024908033,0.642970596116652,-0.874900122791958,1.53429470526035,1.60478458301489,-0.315284334856535,-0.121128320415578,-0.874900122791958,-2.03805093259764,4.28702461885052,1.98730075813751,-2.03805093259764,3.91415290055704,2.44382103704596,3.05077920908367,2.50524384967237,4.25240647810799,2.88192999323049,-0.121128320415578,-0.246291463369584,-1.5680473033519,2.97790352297622,3.08233522545774,2.97790352297622,3.08233522545774,1.3361177766766,2.25514448836963,0.495645881359793,2.25514448836963,0.495645881359793,0.795162411458577,3.40263367523732,0.795162411458577,3.40263367523732,-2.03805093259764,1.60478458301489,0.863370661485111,-1.5680473033519,-2.26119448391185,0.96763167180952,1.61520134387315,-0.874900122791958,-1.34490375203769,-2.26119448391185,-3.64748884503174,-0.0639699065756293,-1.70157869597643,-0.757117087135575,-0.121128320415578,-2.03805093259764,-0.469435014683794,-2.54887655636363,-2.03805093259764,-3.64748884503174,-2.03805093259764,-3.64748884503174,-0.469435014683794,0.0160728010979071,-0.469435014683794,0.0160728010979071,-2.26119448391185,1.21232355932993,-2.26119448391185,1.22004560542384,-0.0921407835423255,0.395562422802811,-0.121128320415578,1.45237758279246,-0.150981283565259,-0.556446391673423,1.12319577943393,-1.16258219524374,-1.16258219524374,-0.121128320415578,-0.428613020163539
BR1012,KT00026,2.17967750943432,0.191880557665604,-2.90482763322839,-3.59797481378833,3.06802732463042,1.859480774098,-2.68168408191418,-2.27621897380602,4.16163933690857,-3.71703654821035,3.58377381880327,0.290296637022119,-0.648983613076735,2.37878801422187,-1.15208719074882,-1.57697038471408,0.0557243898842866,-1.46574474960386,-0.581542332281202,-2.33074218709046,1.27339603856838,-3.02388936765041,-0.161688486720938,1.76151686864062,1.52206145867771,2.88215344740358,3.52754804648981,2.3184448843144,3.52826182239449,2.750662177894,-0.106118635566127,-2.8007458163362,-2.10759863577625,-1.70213352766809,-2.21295915143408,-2.21295915143408,-0.944447825970571,0.873019999967691,-2.75653673628205,-0.191587378820512,-2.75653673628205,-3.44968391684199,-1.50377376778668,0.10566414464742,-0.271630086494048,-0.314189700912844,-0.271630086494048,-0.314189700912844,-1.50377376778668,0.311516198851568,2.69878437907565,-0.191587378820512,-1.14709882384795,-0.616470572785778,-1.65792444761394,3.21089123299769,1.2865145315525,-1.14709882384795,4.48016251290051,1.17528889644228,2.36444661498307,3.27174178394865,4.40663565456459,3.67076045555049,-0.505244937675554,-1.14709882384795,-1.37024237516216,2.58579751568276,1.83351981189599,2.58579751568276,1.83351981189599,0.644660645380107,3.31073077424143,-0.559312158945829,3.31073077424143,-0.559312158945829,0.854381176362176,3.21344877914881,0.854381176362176,3.21344877914881,-2.75653673628205,1.73770188899876,0.462339088586152,-0.677095194602213,-2.0633895557221,0.798811325207365,1.68611452020827,-2.35107162817388,-1.37024237516216,-2.0633895557221,-1.65792444761394,-0.964777267053994,-2.0633895557221,-1.50377376778668,-0.230808091973793,-1.65792444761394,-0.964777267053994,-2.0633895557221,-0.453951643288003,-0.884734559380457,-0.453951643288003,-0.884734559380457,1.78142470001259,3.94049751138444,1.78142470001259,3.94049751138444,0.724703353053643,0.784422587755265,-3.44968391684199,1.2865145315525,-0.741633715739784,0.854381176362176,-1.84024600440789,-1.14709882384795,-1.25245933950577,-1.25245933950577,1.83858311385254,0.400463684868065,-0.964777267053994,0.0160519859577326,-0.271630086494048
BR1013,KT00030,1.67229899850407,0.274132713222872,-3.52935012363007,-2.7026715504456,3.08767081040471,2.18955551260035,-2.7026715504456,-2.17942340668105,3.89045859647031,-3.47537775871594,3.61823448679439,0.446595577565372,-0.557607026631663,2.74122834236892,-1.27815318137972,-2.46377684703746,0.593648995521869,-1.81714968211241,-0.161191754043416,-2.91576197078052,0.374769842994117,-2.08908339759605,0.518225233704627,1.1146787894621,1.37077589671469,3.14169093879412,2.2579635181818,1.51845041706393,3.63204771539476,2.49843185315332,-0.642164414659726,-1.77062966647752,-2.08908339759605,-1.5658352538315,-0.836320429100683,-2.08908339759605,-1.07748248591757,1.00195905576226,-3.07431272774076,-1.68801836662087,-2.38116554718081,-2.66884761963259,0.124360389809924,0.914671318823517,0.651380699495895,-0.435255398125499,0.651380699495895,-0.435255398125499,-1.57023533096448,0.536605184903467,2.16212923508919,-0.183940969844593,-0.823020929134262,-1.36956463550233,-3.07431272774076,3.56556310608578,2.07608450873066,-0.589406077952757,4.61482952065073,1.1741825143086,2.323849973777,2.59211396037167,4.657837268411,3.5688257517206,-0.72293747057728,-0.994871186060921,-1.82154975924539,3.01586529230326,2.5148068385953,3.01586529230326,2.5148068385953,-0.934246564244487,2.55330838594988,1.79322172271483,2.55330838594988,1.79322172271483,1.23648639764476,3.73858227021742,1.23648639764476,3.73858227021742,-1.97570043907265,0.886500441856821,0.933020457491714,-1.68801836662087,-0.994871186060921,1.61243744523976,2.323849973777,-1.05940970719849,-0.333472703815556,-0.877088150404538,-1.36956463550233,0.0392025814696172,-1.2825532585127,-1.20251055083917,0.183783810280725,-1.57023533096448,-1.20251055083917,-1.46487481530666,-3.7674599083007,-3.7674599083007,-3.7674599083007,-3.7674599083007,-0.129873748574317,-0.366262526638547,-0.129873748574317,-0.366262526638547,-3.07431272774076,1.28239609894883,-2.38116554718081,1.35650407110256,0.239873276931768,0.452047796875404,-0.676417454942387,-0.994871186060921,0.257891782434447,-0.994871186060921,1.84201188688426,-0.366262526638547,-1.12840257868544,0.0167297256175586,-0.241099383684541
BR1014,KT00031,1.82186842216254,0.108144951795992,-3.58903330513264,-3.30135123268086,2.66767596930819,2.00753508521641,-1.07672768115652,-2.60820405212091,3.9700918426078,-3.08227730439219,3.29920024626503,0.432248762576964,-0.272874609029697,2.63606532159534,-0.597370654604194,-2.38913012383225,0.438183498096778,-2.29381994402792,-0.203078847094155,-2.89995574759824,1.59241894424451,-2.61227367514646,-2.49449063949008,2.27052824743991,1.42417690865674,3.27937053667931,3.00857998659382,1.93102110712354,3.44099127286697,2.26483022632527,-0.580841352652984,-2.12676585936476,-0.387650123622125,-1.91912649458651,-2.05265788721104,-2.05265788721104,-1.00283576271236,0.950191854111819,-2.75316940287518,1.81377957029272,-2.53002585156097,-3.44631658343512,-1.43141356289286,-2.53002585156097,-0.188220045413642,-0.501877604268683,-0.188220045413642,-0.501877604268683,-2.34770429476701,0.279376843801529,2.48592860401289,-0.0451192017729681,-1.65455711420707,-1.83687867100102,-3.04085147532696,2.63247179184453,1.540708845022,-1.57451440653353,0.837269978425506,-2.19355361493976,1.83434584787419,1.77133288004546,3.68378192669045,2.68599627226024,-1.7415684911967,-1.30625041993885,-2.34770429476701,2.50952078602971,1.81896092903471,2.50952078602971,1.81896092903471,1.05349308689514,2.1143650475804,-0.425891697290761,2.1143650475804,-0.425891697290761,0.204341657858615,1.97863343404628,0.204341657858615,1.97863343404628,-2.34770429476701,0.954286436811693,-2.06002222231523,-1.7415684911967,-2.06002222231523,-1.94223918665885,3.79791093216823,0.857748509769046,2.27235450371483,0.923131269031898,1.55762972251034,2.28540525991032,0.587924054717272,1.81117878859266,2.42298032969865,0.424884427472767,-0.84362689799074,-1.83687867100102,-0.150479717430794,0.314883532258439,-0.150479717430794,0.314883532258439,1.83942200090605,2.60812276283425,1.83942200090605,2.60812276283425,1.38598917513671,0.809296126383099,-3.04085147532696,0.465706421993022,-0.528545851350845,-0.0285898998217577,-1.57451440653353,0.164601329209101,-1.50040643437981,-1.50040643437981,1.15885360255297,-0.584115702505655,-1.09494132627165,-0.450584309881133,-0.705476559509923
BR1015,KT00514,1.07326272028404,0.626615322209456,-1.44385754948762,-4.08291487910288,3.05317047788077,2.58975077754665,-3.67744977099471,-2.5788374823266,4.44026038399091,-2.82661898861374,2.94855348212913,2.27568349400834,-0.231364281656877,2.86171138148354,-1.14022003504351,-1.87110754358631,0.669888572852738,-2.82661898861374,-0.909696376431681,-1.10385239087264,3.0111114585522,-3.7429097204879,-0.0293376537835897,1.60419781022957,0.925235264661582,3.16334443236797,3.82830642868382,-0.0293376537835897,2.36633786227647,2.32667260588404,-0.698387282764474,-2.1334718080538,-3.33744461237973,-2.23883232371162,-0.772495254918196,-1.14022003504351,-1.95115025125984,1.00202240787535,-2.17878102395358,2.05894212111387,-1.95563747263937,-3.56507538507347,-2.17878102395358,0.791633441616124,-0.731862041017251,-0.674703627177303,-0.731862041017251,-0.674703627177303,-1.08016873528547,0.639617234317499,2.44619178933069,-0.269238519069138,-0.620636405907027,-1.00012602761193,-2.87192820451352,2.77528391865428,1.04009480091462,-1.48563384339363,3.75941459427506,3.11703321237634,1.4975196479535,0.841643862190786,3.17189157292839,3.17189157292839,-1.95563747263937,-0.926018055458209,-0.232870874898263,2.65352473461826,2.70591304678483,2.65352473461826,2.70591304678483,3.27547114421522,2.42137662021097,0.172594233209901,2.42137662021097,0.172594233209901,1.47834973184578,3.37804703774596,1.47834973184578,3.37804703774596,-2.46646309640536,0.978219397196537,0.865741413769846,-1.36785080773725,-2.87192820451352,0.841643862190786,0.900832733581116,-0.474032931715152,-1.08016873528547,-1.95563747263937,-2.87192820451352,-1.1671801122751,-2.46646309640536,-3.56507538507347,-1.26249029207942,-2.46646309640536,-0.857025183971257,-2.46646309640536,0.752412728462843,2.81165156282516,0.752412728462843,2.81165156282516,2.09440683068615,4.46044100141554,2.09440683068615,4.46044100141554,2.406186454717,1.55888859432979,-2.87192820451352,0.219114248844794,-0.792486662833686,0.172594233209901,-1.26249029207942,-2.46646309640536,0.098486261056179,-0.269238519069138,0.326744913037159,-0.520552947350044,-1.08016873528547,-1.08016873528547,-0.474032931715152
BR1016,KT00384,1.9068970232166,0.330102958858867,-4.58987796696926,-2.19198269417089,3.12010308759906,2.69322679621642,-2.57497494642699,-2.10497131718126,3.41147705885744,-3.02727442919644,3.85079453941534,1.69122444209866,0.446243614045343,3.50542369784892,-3.02727442919644,-3.02727442919644,0.838704637730301,-2.62180932108827,-1.46912981114989,-3.72042160975638,-0.750007144186683,-1.32252633695801,0.469233132270042,1.98502614421888,1.67774109176137,3.40687072494585,1.55513876966904,2.10262428572663,3.15532687309067,1.19223327597967,-0.0568599636267375,-1.84861943285479,-1.70551858921412,-1.23551495996838,-0.858220728826916,-3.02727442919644,0.779388060573881,1.04175232504137,-2.16734697947312,-1.32004911908592,-1.87966490702134,-2.16734697947312,-0.557909067039023,1.28791762345931,-0.432745924085017,-2.16734697947312,-0.432745924085017,-2.16734697947312,0.861175116903859,1.59385313622044,3.02003882636763,-1.87966490702134,-0.557909067039023,-1.87966490702134,-1.47419979891318,3.77282427324731,1.73798703780423,-0.432745924085017,4.88422000154109,2.66628591930678,2.73297729380545,3.2323228813352,4.26719953931433,2.30238523561986,-1.47419979891318,-0.868063995342862,-2.57281208758129,3.32159074668356,3.10906555168686,3.32159074668356,3.10906555168686,-1.47419979891318,1.67568315446807,1.23385040218903,1.67568315446807,1.23385040218903,1.84602852021531,4.56168027822519,1.84602852021531,4.56168027822519,-2.57281208758129,0.199776634658494,1.19994885051335,-0.321520288974792,-0.174916814782917,1.61684265444514,2.73049282047779,0.794483742405186,0.982535973908126,-0.868063995342862,-1.87966490702134,0.447612798563075,-0.963374175147187,-0.701009910679696,0.0298775978630961,-2.57281208758129,-0.626901938525974,-2.57281208758129,-3.26595926814123,-3.26595926814123,-3.26595926814123,-3.26595926814123,-2.16734697947312,-1.87966490702134,-2.16734697947312,-1.87966490702134,-3.26595926814123,1.24490023837562,-2.16734697947312,1.57822781831736,-2.16734697947312,1.09074955854836,-0.701009910679696,-0.557909067039023,0.289388793348181,-1.87966490702134,0.495240847552329,-0.963374175147187,-3.26595926814123,1.92699758274898,-0.626901938525974
BR1017,KT00507,1.08439680830336,-0.0602762537412843,-2.40410430526938,-3.04595819144177,2.44008278118921,2.60793351360096,-2.09044674641434,-2.35281101088183,3.82118340465507,-2.76172340009666,2.83510999621658,1.42359294033117,0.316246971694306,3.17505865713706,-1.04407190302232,-2.3097382763536,0.0108653221431242,-1.81726179125581,-0.376900208865639,-1.76319456998553,1.14743837305046,-2.40504845615792,-0.488125843975864,1.2863278781546,1.04175943675628,3.11400957708801,1.56146273455429,0.620242619637611,3.68512956388609,2.26684536187308,-0.444953672110655,-2.51040897181575,-1.44953701113049,-1.71190127559798,-0.737341635599848,-1.93504482691219,-1.66311111142855,0.934273521786143,-2.14030140606886,-1.67029777682313,-1.80382916944765,-3.05659213794302,-0.658696865144647,0.142080979607664,0.344605243719138,-0.916525974446746,0.344605243719138,-0.916525974446746,-1.55251474116674,1.27414120234331,2.17984982488693,-0.0861776723733159,-0.754007044948971,-1.35184404570459,-3.74973931850296,3.40409448307588,1.07857441879934,-0.805300339336522,3.3436653073658,1.79152422665546,1.82620978464335,1.45974683433846,4.55401309706045,3.1560139578085,-0.859367560606798,-1.18478996104143,-0.805300339336522,2.6604355634632,2.53065652045723,2.6604355634632,2.53065652045723,0.941608563726181,1.80708874319658,-0.417534808327758,1.80708874319658,-0.417534808327758,0.632287316170919,4.05532772575553,0.632287316170919,4.05532772575553,-3.05659213794302,1.51295087040192,0.0569231712673575,-1.44715422550892,-1.44715422550892,0.469768386673144,2.76497337236957,1.47061650657536,0.977648500209378,-0.754007044948971,-0.859367560606798,0.526926800513093,-0.805300339336522,-0.571685488155017,1.23386730320537,-1.1106819888877,-1.1106819888877,-2.36344495738307,-2.36344495738307,-3.05659213794302,-2.36344495738307,-3.05659213794302,0.0114607971906001,0.327798125402757,0.0114607971906001,0.327798125402757,-2.14030140606886,0.89465158063841,-2.65112702983485,1.32543449673086,-0.453902452498633,0.512940558538353,-1.55251474116674,-0.49164278048148,0.22055259504916,-0.977150596263181,1.69699805316335,0.327798125402757,-0.805300339336522,-0.705216880779539,-0.977150596263181
BR1018,KT00041,2.13713966871939,-0.115637793509055,-4.59864034552294,-2.65273019646763,3.30735424798052,1.24054676613947,-0.110003975790799,-2.89389225328451,3.68586388173556,-2.90865489491654,3.6955147397786,1.70646562192472,-0.0560234650032243,1.61675032260269,-4.00726718358465,-3.0909764517105,0.135867542806881,-1.92782564190482,-0.657363096310047,-4.00726718358465,1.27593654515334,-2.06135703452934,1.27593654515334,0.804917171787766,0.763417440881013,3.22763123673018,2.05418973534337,2.41109775235156,3.19278450540001,1.82608049542619,-0.939214248451035,-1.4815385392764,0.481369186147488,-2.30251909134623,-1.26642715965945,-0.768588731420271,0.269398935431404,0.737664944778598,-2.3321222405203,-0.658145806948632,-1.63897505996036,-2.3321222405203,1.13361366227942,1.02361276706509,0.330465586505149,-0.722684328086204,0.330465586505149,-0.722684328086204,-3.43073452918841,1.21365636995296,2.05820319696827,-2.73758734862847,-0.252680698840468,-1.82129661675431,-2.73758734862847,4.15758914814681,1.43679992126717,-1.35129298750858,4.84234680447742,2.73258027484623,1.82153889885822,3.66681432142638,4.44742080731491,3.08249558172389,-0.658145806948632,-0.945827879400413,-2.73758734862847,2.26635895731699,2.74720958486219,2.26635895731699,2.74720958486219,2.30260674770933,2.1222250557332,1.55287209251992,2.1222250557332,1.55287209251992,0.375927960581906,2.76162796028646,0.375927960581906,2.76162796028646,-1.82129661675431,0.97598471807584,0.0956259954277479,-0.658145806948632,-0.791677199573155,2.54561638010952,2.77986554783624,0.180183383455811,-1.4848243801331,-1.35129298750858,-1.82129661675431,-0.386212091464991,-1.82129661675431,-0.540362771292249,-0.486295550021973,-2.04444016806852,-0.945827879400413,-3.43073452918841,-2.73758734862847,-3.43073452918841,-2.73758734862847,-3.43073452918841,0.461085768922213,2.18603656847816,0.461085768922213,2.18603656847816,-2.73758734862847,1.55969805759032,-2.73758734862847,0.788773175987693,-2.3321222405203,0.330465586505149,-0.211858704320213,1.75104902110367,0.0032526752967325,0.501091103535912,-0.295240313259264,-1.4848243801331,-2.73758734862847,1.53907877038759,-1.12814943619437
BR1019,KT00366,2.55906296360054,0.26648033552004,-5.08537779795603,-2.68748252515766,2.97737010313033,1.6251453114964,-1.58887023648955,-2.44632046834077,4.37999231419669,-3.64540264061535,3.11655585625521,1.45649424475923,0.0517756163132839,1.79845703122335,-0.79277121070203,-2.79810478022814,0.138786993302914,-0.872813918375566,-0.119042115999186,-4.74401492928346,0.631263478400708,-2.34611965648509,-0.244205258953192,1.49820833617171,1.02430606651032,3.6035754777466,2.5339236436622,2.62558579124295,3.48522948745245,2.87570928449921,-0.467348810267402,-1.97142620704368,-1.24750736781698,-2.1049575996682,-2.66457338760362,-1.97142620704368,-0.52450722410735,1.67435000665275,-1.79044832237106,-2.48359550293101,-2.77127757538279,-3.17674268349095,-0.156317797346592,0.319764877975526,-0.0197422623408411,0.15546182668425,-0.0197422623408411,0.15546182668425,-0.925450884884459,0.925900681545841,2.32655426374362,0.0813538545305276,-0.502594034064426,-1.92397971499559,-2.2604519516168,3.70978895903956,1.90155125907912,-1.67266528671468,3.87554574622348,2.17748231499538,1.63544167188146,3.48255123619268,4.22540391279375,3.65790412367054,0.0013111468569914,-0.979518106154735,-3.8698898640509,3.01152143959164,3.24569226213355,3.01152143959164,3.24569226213355,0.0813538545305276,2.55982961398824,-0.691836033702954,2.55982961398824,-0.691836033702954,-0.0857002301326384,2.58373513484179,-0.0857002301326384,2.58373513484179,-2.07813039482284,0.173161403783651,0.257244520994192,-1.09730114181112,-1.47199459125253,0.629919806279366,1.72109711645996,-0.435902659565753,-1.23083253443564,-2.07813039482284,-2.07813039482284,-0.0632273742805798,-1.67266528671468,-0.537685353875696,-0.206328217921253,-2.2604519516168,-0.258971951406675,-0.874157590496909,-2.77127757538279,-2.77127757538279,-2.77127757538279,-2.77127757538279,1.65953922346052,1.5550601534305,1.65953922346052,1.5550601534305,-1.09730114181112,1.65556307508088,-2.2604519516168,1.83055370933979,0.486818962638692,0.406776254965156,-1.09730114181112,-0.373382302584419,-1.79044832237106,-1.09730114181112,2.20084786395159,1.30059413098725,-0.537685353875696,0.349617841125207,-0.73439564812175
BR1021,KT00338,2.0443940234368,-0.219320295168252,-2.5219053881623,-3.34858396134677,2.54463753787225,1.81129201907919,-1.26914241966693,-2.65543678078682,3.61406526474282,-3.46451049486612,3.10963511310828,1.31741020286647,-0.0198280012642215,2.4507926912763,-1.85507258243202,-2.77136331430617,0.181809344829025,-1.47208033017591,-0.232389443247894,-1.79053406129444,0.774415296167093,-2.61721263447891,-1.06661522206775,1.57891462205313,1.61274448657154,3.4230420767985,1.83213881458122,2.16550582955048,3.08656984017729,2.06756060210815,-0.899561137404579,-2.07821613374623,-0.537771092799076,-1.92406545391897,-1.85507258243202,-2.48368124185439,0.364130901622979,1.10330390457821,-2.12165900862417,-0.943004012282527,-2.40934108107595,-3.50795336974406,-0.735364647504282,0.423872262980262,0.404069635684083,-0.212116503739734,0.404069635684083,-0.212116503739734,-1.71619390051601,1.03534141252594,2.61453943977032,-0.799903168641854,-0.868896040128805,-1.71619390051601,-2.40934108107595,3.84576896065557,1.91258162952822,-1.02304671995606,4.08542082337723,2.25723773304078,2.55815472035968,3.20500283093301,4.06660511445842,3.04169737248975,-0.416910916385748,-1.02304671995606,-0.735364647504282,2.88228729732129,3.11743899826389,2.88228729732129,3.11743899826389,-0.0114458082775833,1.72315524711052,0.320688026745031,1.72315524711052,0.320688026745031,0.481030676820211,3.43323668532431,0.481030676820211,3.43323668532431,-2.81480618918412,1.35958108071152,0.619181015301028,0.155608276385583,-1.56204322068875,-0.0114458082775833,1.33623371671453,-0.289077544875863,-0.868896040128805,-2.12165900862417,-1.89851545730996,-0.106755988081908,-1.42851182806423,-0.868896040128805,-0.563514390577623,-2.12165900862417,-0.735364647504282,-1.71619390051601,-3.50795336974406,-2.81480618918412,-3.50795336974406,-2.81480618918412,0.586391192478037,0.83585205210962,0.586391192478037,0.83585205210962,-2.81480618918412,1.32832853720741,-1.89851545730996,1.42652056338663,-0.289077544875863,0.155608276385583,-1.02304671995606,0.517398320991086,-0.799903168641854,-1.42851182806423,1.39732140869437,0.535097898090487,-0.416910916385748,1.41930031541314,-0.329899539396118
BR1023,KT00365,1.85189596468262,0.176842525083309,-4.28906559357127,-4.28906559357127,3.00870268896011,1.98097721173902,-0.130182510211603,-2.49730612434322,4.18720143123232,-3.43032738436034,3.2203827916319,1.74582234821348,0.241744951437211,2.27788968736372,-0.637119374917827,-2.44949813134862,0.0249372185720868,-2.33171509569223,0.18059052828388,-3.83579249246851,0.63584630089506,-3.83579249246851,0.125020677129069,2.05998680450507,1.32326280674602,3.37021381031464,2.54602352493759,1.55783505388385,3.41767789021602,2.82029115158488,-0.266259795987139,-4.52893967302845,0.323090590891163,-2.04403302324045,-0.91802176038423,-1.96399031556692,-1.03243211156197,1.40330551441956,-3.66412743809696,-2.05468952566286,-2.56551514942885,-3.66412743809696,-0.368290572092631,0.207073572810931,0.835682232233305,-0.573084984738644,0.835682232233305,-0.573084984738644,-1.87236796886891,1.1065571863687,2.89407036471531,0.227692860013666,-1.46690286076074,-1.58468589641712,-3.66412743809696,3.53927808298613,2.10419355769681,-1.17922078830896,3.61588081478723,2.28911589619082,2.06921383880079,2.33232465052206,4.14986823690583,3.63431766341119,-1.46690286076074,-0.830914094040744,-2.97098025753701,2.81284492479272,2.75586749005018,2.81284492479272,2.75586749005018,-0.406030900075478,2.56635400948152,0.598552438944355,2.56635400948152,0.598552438944355,0.730321716575479,3.01043395371747,0.730321716575479,3.01043395371747,-3.66412743809696,1.14805691727546,-0.0532095254527358,-2.27783307697707,-2.97098025753701,0.989832912060563,3.10091153868358,1.13166310749978,-0.296831608110486,-1.17922078830896,-0.773755680200796,0.778523818393356,-0.230140233611814,-0.0005657919673138,0.692581388592632,-0.95607723699475,-0.108779376607547,-0.773755680200796,-2.97098025753701,-2.56551514942885,-2.97098025753701,-2.56551514942885,1.35315239871796,0.999311656015107,1.35315239871796,0.999311656015107,-1.87236796886891,1.61907629064103,-1.46690286076074,1.1398936066363,-0.830914094040744,0.598552438944355,-3.66412743809696,1.18790282582266,-0.0532095254527358,-1.09917808063542,1.95264365956961,0.494755645262712,-1.46690286076074,-0.16761987663048,-0.891538715857179
BR1024,KT00350,1.83620442191364,0.348127366483812,-3.61268580311377,-4.30583298367371,2.64832866812258,2.81380265434392,-0.616953529559775,-3.38954225179956,4.27855145728285,-3.26717309800343,2.66440873950318,1.53479666395927,0.198562804796301,3.09412937956957,-0.761647161012689,-2.57402591744348,-0.0090765599819434,-1.94541725802111,-0.0787564806199332,-3.26717309800343,1.55109030344537,-3.96032027856337,-0.0187384708936803,2.33402278787767,1.25732918491721,3.13100577661315,2.28578648691819,1.37961876267549,3.65670156285859,2.40356952257458,-0.0787564806199332,-2.86170798989526,-0.271440824449435,-3.04402954668922,-1.25227007746116,-2.57402591744348,-0.846804969352996,1.32034215274595,-2.30207546879068,-1.2904745571122,-2.30207546879068,-3.68836982991057,-0.552875613981422,0.118292659859749,0.501284912115854,-0.222633927110845,0.501284912115854,-0.222633927110845,-0.91578110767079,1.16366043400905,3.28048054843138,0.203450468200055,-0.69263755635658,-1.60892828823074,-2.99522264935063,3.49550088515188,1.61989786749063,-2.30207546879068,3.51354648762106,2.37075336567123,2.09545535241917,2.32044335553202,4.51848659848908,3.30280705721064,-0.980319628808361,-1.49114525257435,-2.30207546879068,2.8038700051099,2.28289200987989,2.8038700051099,2.28289200987989,1.82505891625441,2.38697620117811,0.300614216653703,2.38697620117811,0.300614216653703,1.76695128544713,3.93429412141302,1.76695128544713,3.93429412141302,-2.30207546879068,1.71430755196171,0.3189633553219,-1.2904745571122,-2.99522264935063,0.946359158319064,1.36148617733897,-0.0507836701841855,-0.287172448248416,-1.89661036068252,-1.89661036068252,-0.356165319735367,-1.49114525257435,-1.2904745571122,-0.0248081837809249,-2.07893191747647,-0.430273291889089,-1.2904745571122,-2.30207546879068,-3.68836982991057,-2.30207546879068,-3.68836982991057,1.80056789624612,0.865507061689969,1.80056789624612,0.865507061689969,-1.49114525257435,1.24610410322012,-2.30207546879068,1.67760618511128,-1.20346318012257,0.886341148592812,-1.89661036068252,0.69365680476331,-0.287172448248416,-1.60892828823074,2.2032743819152,0.574310047130744,-1.12342047244903,0.118292659859749,-0.980319628808361
BR1025,KT00349,1.54715115872301,0.82493984521915,-3.99802628575656,-4.40349139386472,2.96516370011368,1.83970416140938,-0.727190721957644,-2.26342523036845,4.21517476648215,-1.90720394498511,3.30773181262388,1.11484563688626,-0.664010427505892,2.24225991645807,-1.39637832121912,-2.31266905309327,0.831483225578991,-2.82349467685926,-0.901682079383012,-3.51664185741921,1.09847865942205,-3.92210696552737,0.038706204070204,1.27914868817753,1.02310052324643,3.82332864474701,3.03062167909749,1.42500056519009,3.19954928340204,2.0656005327029,0.16386934702421,-1.97619681647206,-0.245806293620298,-1.7820408020311,-1.28304963591212,-1.35715760806584,-1.84266542384754,1.28737918731405,-3.80759934727573,-0.549502809254251,-1.09954914617352,-3.11445216671579,-0.0234097133574722,0.714189229773307,-0.629545516927788,-0.917227589379569,-0.629545516927788,-0.917227589379569,-0.511762481271404,0.143644371305694,2.00054314270471,-0.588723522407533,-1.86168919822042,-1.50501425428169,-2.70898705860762,3.87349965426063,1.92897295020346,-1.16854201766047,3.91241859315651,1.58602819907663,1.72182974023569,2.20611580876707,3.9609339536503,2.84784100309191,-2.01583987804768,-1.2426499898142,-2.70898705860762,3.33047368676861,3.13068513674123,3.33047368676861,3.13068513674123,1.0976754311627,2.8516945724079,-0.0463992315821709,2.8516945724079,-0.0463992315821709,0.836791551865639,2.88696271124536,0.836791551865639,2.88696271124536,-3.80759934727573,0.910899524019361,0.979892395506313,-0.440303517289259,-3.11445216671579,0.84636100288179,2.3661867566262,0.0210420492133617,-1.03501062503595,-0.716556893917418,-2.19816143484163,0.104423658152413,-1.2426499898142,-1.32269269748773,-0.0234097133574722,-1.7281578055959,-0.511762481271404,-1.32269269748773,-0.588723522407533,-1.2426499898142,-0.588723522407533,-1.2426499898142,2.81513697667411,1.48570547744876,2.81513697667411,1.48570547744876,0.971524145835796,1.2293532551379,-1.40970407447736,1.30438844108081,-0.917227589379569,0.971524145835796,-1.16854201766047,0.561848505191288,-0.475394837100529,-0.549502809254251,0.440895894773626,-1.16854201766047,-2.19816143484163,-1.03501062503595,-1.32269269748773
BR1026,KT00347,2.25434491989438,-0.0735744283171206,-3.99884266049529,-3.15154480010808,2.90724456138615,1.85527369546147,-1.73015911917692,-2.45839761954814,4.39565545090355,-3.9402530914401,3.29752510048334,0.322426785601213,-0.370720394958732,2.23872782933894,-0.969838625870401,-2.68749012294473,0.0579476102290963,-1.41452444713185,-0.167492153345464,-3.53478798333194,2.3307353404182,-2.68749012294473,-0.342940830851656,1.37541291344255,1.44653292309554,3.44000269698636,2.45417343355793,2.20070846681379,3.93619559820924,2.79730681054592,-1.02248235935582,-2.84164080277199,-1.26610444201357,-1.99434294238479,-2.14849362221205,-1.80018692794383,0.0109906271413251,1.28010273363822,-1.83017866905829,-1.3193530452923,-2.9287909577264,-2.9287909577264,0.0156480214400437,0.53694494507333,0.385395046946129,-0.125430576819862,0.385395046946129,-0.125430576819862,-1.54249659660651,0.640741738754973,2.35187147358292,0.0416235078433044,-1.22404286548797,-1.67602798923103,-2.52332584961823,3.81113721061224,2.25299259256569,-1.22404286548797,4.23940365731365,0.942410053181494,2.3416412053321,3.19807822638779,4.84037639161991,3.76762581539129,-0.403062313418141,-1.3193530452923,-2.52332584961823,3.29080468220683,2.56427048561415,3.29080468220683,2.56427048561415,2.36199814240085,2.74624904806415,0.0416235078433044,2.74624904806415,0.0416235078433044,0.973181711848248,3.1042952640724,0.973181711848248,3.1042952640724,-2.52332584961823,2.79479414422598,0.184724351483978,-1.83017866905829,-1.67602798923103,0.668521302862049,1.58754801455508,-1.3193530452923,-0.403062313418141,-2.9287909577264,-1.54249659660651,-0.403062313418141,-1.83017866905829,-0.982880808671084,-0.443884307938396,-2.9287909577264,-0.187950933801196,-1.83017866905829,-2.52332584961823,-3.62193813828634,-2.52332584961823,-3.62193813828634,0.931938753314199,1.19024621708608,0.931938753314199,1.19024621708608,-2.01250022585224,1.53135345621144,-2.9287909577264,1.45323567694748,0.0156480214400437,-0.0110202256421176,-1.83017866905829,-0.254642308299868,-1.13703148849834,-0.788724794230126,2.62028512716882,0.597569566889765,-1.13703148849834,1.02245276085503,-0.403062313418141
BR1028,KT00362,2.50348705940788,0.056443234081108,-4.9998025712672,-2.92036102958736,2.29661069750672,1.82565746498811,-0.888928707093889,-2.36074524165194,4.48763909361658,-3.58290210497204,2.47388190825658,0.460149162862507,0.267245496738015,1.95048738375548,-0.831366791930095,-2.60207285196032,-0.117166202172317,-1.12616633215074,-0.789694095529527,-4.68151439364015,1.3539670388846,-2.60207285196032,-1.46263856877195,1.71040271975245,1.81676775583628,3.45412550971423,2.136316177814,2.15259434517369,3.82925822997316,3.05828006476855,-0.711222480088031,-1.79114263574399,-0.570640529466842,-2.04245706402489,-1.546020177711,-2.11656503617862,0.381080639386814,1.5290856833845,-1.48816451228052,-1.20048243982873,-2.58677680094863,-2.99224190905679,-0.28419170795458,0.0758110260768273,-0.427292551595253,-0.507335259268789,-0.427292551595253,-0.507335259268789,-0.79501733172057,1.26337080076143,2.67591338795626,0.164758512093324,-0.594346636258419,-1.6059475479369,-2.58677680094863,3.71217244590732,2.3332041248795,-1.28749381681836,3.31949290009613,1.15879799684186,2.71154056559941,3.1346272750574,4.75341003437149,3.99015691292111,-0.130041028127321,-1.1204397321552,-3.68538908961674,3.09906797302091,3.09453281785552,3.09906797302091,3.09453281785552,1.45040934743353,2.26003151898984,-0.389552223612406,2.26003151898984,-0.389552223612406,0.658416332236949,2.80533444488577,0.658416332236949,2.80533444488577,-2.07595117718263,1.56163498254375,0.185811921291156,0.0522805286666334,-1.6059475479369,-0.466513264748534,1.24908484351396,-0.912800367376954,-1.04633176000148,-1.73947894056142,-2.99224190905679,-0.740950110450294,-1.6059475479369,-1.04633176000148,0.246436543107591,-1.6059475479369,-0.389552223612406,-1.28749381681836,-3.68538908961674,-3.68538908961674,-3.68538908961674,-3.68538908961674,0.441745295428357,-0.318093259630261,0.441745295428357,-0.318093259630261,-2.58677680094863,1.81994244631563,-1.6059475479369,1.64248707917285,0.246436543107591,0.284902823935387,-0.79501733172057,0.425484774556576,-0.549894873687585,-1.1204397321552,2.00497036470733,1.23459183621139,-1.38280399662269,1.37720594341023,-0.507335259268789
BR1030,KT00525,2.30892445181242,0.508769712094308,-5.04030637280091,-2.84308179546469,3.22534379277942,1.57575881233191,-2.2070930287447,-1.9492639194426,4.42094834743484,-3.5685391672485,3.51568725484942,0.56395716093798,-0.556277591743295,1.85494134225355,-0.0131911057590829,-3.28085709479672,0.103533168549058,-1.77677969802044,-0.297703603449585,-4.66715145591661,0.809312096014905,-2.46992687858039,0.153130109688431,1.72308921114874,1.57701544474713,2.95109964196009,3.25220473474401,2.08745264357136,3.70107758235967,3.14035858629959,0.238123322521823,-2.46992687858039,-1.83393811186039,-1.57610900255829,-2.58770991423677,-1.62262901819318,-0.0821839772460343,1.13194119854392,-1.7452327633734,0.727697695367885,-2.5925306237606,-2.99799573186877,-0.1357948509393,0.513549706962253,0.528364792747393,-1.20623626264071,0.528364792747393,-1.20623626264071,-1.89938344320066,0.419730951744598,2.68897962447105,0.96281743772881,-1.29324763963034,-2.30484855130882,-3.69114291242871,3.36675502498314,1.98218035474278,-0.64662047470529,4.41506999019125,1.27867038714729,2.47637357845963,3.05173772336319,4.56208473315306,4.0803458476889,-0.800771154532548,-1.20623626264071,-3.69114291242871,2.64213671571098,1.87720159133238,2.64213671571098,1.87720159133238,-0.64662047470529,2.89226630973005,0.0224291542755945,2.89226630973005,0.0224291542755945,0.467740170930959,2.58361910881323,0.467740170930959,2.58361910881323,-1.12619355496718,1.42084487592783,0.240682720295613,-0.0022634583147769,-1.49391833509249,1.12913865317632,1.72939208684357,-1.38855781943467,-2.08170499999461,-2.99799573186877,-2.99799573186877,-0.918554190188932,-2.30484855130882,-1.29324763963034,-0.107623973972603,-1.38855781943467,-0.600100459070397,-1.7452327633734,-0.857929568372497,-1.61170137074888,-0.857929568372497,-1.61170137074888,1.60216191229578,3.62007547199092,1.60216191229578,3.62007547199092,-0.107623973972603,0.923977604412546,-2.30484855130882,1.54529905040124,-0.323847082442239,1.21413186600972,-1.49391833509249,-0.857929568372497,-1.61170137074888,-0.64662047470529,2.38190162167169,0.678304940038308,-2.5925306237606,0.893824566241859,-1.20623626264071
BR1031,KT00345,2.02511967916541,-0.550119158144534,-3.94294829013617,-3.24980110957623,2.7712222397733,1.77325670451859,0.439078344537709,-3.02665755826202,3.76084914812394,-2.55190557692094,3.37000790722593,0.861714324739774,0.468519309223424,2.31658995001419,-0.967785472471128,-3.02190920616667,-0.588295850766224,-1.79813377454456,0.12224307250559,-3.24505275748088,1.35006709265371,-2.55190557692094,-0.382851876551415,1.9367307928112,1.4230922276686,3.02688040756058,1.89221518754874,2.21559602098461,3.39089379820576,2.7293927844575,-0.680103400019347,-3.93819993804083,1.136973877193,-2.32876202560673,-2.14644046881277,-2.83958764937272,-0.224627871336521,1.02464469221908,-3.48547641977717,-2.79232923921722,-1.40603487809733,-2.79232923921722,0.40634387833346,0.0408841048389945,0.503507626787108,0.657658306614366,0.503507626787108,0.657658306614366,-0.92052706231563,1.61439000804703,3.05843542578763,0.17808522635248,-1.40603487809733,-1.87603850734307,-3.48547641977717,3.63415921824047,1.93947359770424,-1.28825184244095,4.3964610694949,1.70748043111304,2.47552891984611,3.33998361647814,4.48664470914449,3.85471041554295,-0.652263075720951,-0.92052706231563,-2.09918205865728,2.65440813244909,2.4832311402082,2.65440813244909,2.4832311402082,1.05781836249284,2.29217590344549,0.0980425186789431,2.29217590344549,0.0980425186789431,1.14925256845247,3.33998361647814,1.14925256845247,3.33998361647814,-1.40603487809733,2.04395266773426,-0.440953982053744,-0.712887697537386,-1.40603487809733,0.763018822272192,2.28907512576724,-0.712887697537386,-0.595104661881002,-2.09918205865728,-1.69371695054911,-0.118180589790693,-1.28825184244095,-0.440953982053744,0.152109739949219,-2.09918205865728,-0.777426218674957,-3.48547641977717,-2.09918205865728,-3.48547641977717,-2.09918205865728,-3.48547641977717,0.40634387833346,0.252193198506202,0.40634387833346,0.252193198506202,-2.79232923921722,1.37433598458451,-2.38686413110906,1.41979835866126,0.343164976711928,0.465767298804261,-2.79232923921722,2.28284457601661,-1.00056976998917,-1.69371695054911,1.24191139893517,-0.0842790381150114,-2.09918205865728,0.921242827487086,-0.489744146223176
BR1032,KT00357,2.09713733104261,0.0304580409766252,-3.79818335551247,-3.79818335551247,2.78291799578579,3.20306226655701,-1.52949981419411,-3.28735773174648,4.29964862260349,-2.77830617510664,2.94636765858094,0.823561902017667,-0.618821925753267,3.51140939580236,-0.188039009660813,-2.17217037153632,0.112065582789525,-1.5743333707807,-0.350557939158588,-3.47145335566658,1.883559354558,-3.47145335566658,0.112065582789525,1.67797723017373,1.19512545845015,3.09004867483923,2.20871925335048,1.8692847267654,3.6930091914679,2.72363207626674,-1.79747692209491,-1.5743333707807,-1.20276981434822,-2.96062773190059,-2.26748055134065,-1.93100831471944,-0.459191780161383,0.971197900823732,-2.95222231956448,4.19179014987725,-1.85361003089637,-3.64536950012442,-0.148861938657944,0.448975062097676,0.225831510783466,-0.600847062401002,0.225831510783466,-0.600847062401002,-0.509875284195275,0.305874218457003,2.5510746276701,0.736657134549457,-1.69945935106911,-1.24747422732605,-2.95222231956448,3.17573797213204,0.969751016716835,-2.25907513900453,3.74295835945268,1.5307802324494,2.03138430214386,2.77625276768209,4.56638489725077,3.62285352103514,-0.649637226570434,-1.44814492278821,-2.54675721145632,2.52841660377751,2.17767639535859,2.52841660377751,2.17767639535859,0.0682025665798832,2.38290902010627,-1.85361003089637,2.38290902010627,-1.85361003089637,0.361963685108046,2.82388081667135,0.361963685108046,2.82388081667135,-3.64536950012442,2.02795376704707,0.138820133793837,-1.85361003089637,-2.54675721145632,1.0367617269998,1.73452785341603,-1.16046285033642,-2.25907513900453,-1.85361003089637,-2.03593158769032,-1.08042014266289,-1.44814492278821,-1.16046285033642,-0.278073670137951,-2.03593158769032,-0.649637226570434,-2.03593158769032,1.77073090208,-1.44814492278821,1.77073090208,-1.44814492278821,1.05511086566799,1.84769194321612,1.05511086566799,1.84769194321612,2.28952469549516,0.949750350010165,-1.85361003089637,1.21444290423725,0.225831510783466,-0.872780777884643,-0.649637226570434,-0.278073670137951,-1.34278440713038,-1.00631217050917,1.47262431229233,-0.119008975508263,-0.387272962102943,0.465504364048887,-1.08042014266289
BR1033,KT00166,1.73937315828276,0.329142757334139,-3.43205735835942,-2.39060348353126,2.45404667309073,1.89419937687786,-1.856520997601,-2.92123173459343,4.18365160849963,-2.89270271169253,2.62408061661861,1.61448706593536,-0.380397087716415,2.36479266033525,-0.946792562637216,-2.89270271169253,0.608842643803908,-2.04540485130533,-0.407796061904529,-2.89270271169253,1.03584959568683,-1.85124883686437,0.143851556381717,0.445436534002489,1.4380306285938,3.50644670026193,2.84655415115733,1.48095567331084,3.45963628241794,3.06442915633495,-0.772439175492439,-1.9118734586808,-1.31716635093411,-2.38187708792654,-2.38187708792654,-1.9118734586808,-0.970890114216277,1.32435100452201,-2.63603281752379,2.94996662147603,-1.94288563696384,-3.7346451061919,0.513850135857459,0.919315243965624,0.0495445277263615,-0.367349276205425,0.0495445277263615,-0.367349276205425,-3.7346451061919,0.56941998701227,1.38931887321136,0.0030245120914687,-0.738912832637908,-1.94288563696384,-3.7346451061919,3.51669987718031,1.79478398131952,-1.43206001319785,3.49156390390877,2.37903707364033,2.25180689909254,2.42233387939366,4.34093753047982,3.96655507466555,-1.09558777657664,-0.476548568170417,-1.94288563696384,3.11865398699418,3.32497252209948,3.11865398699418,3.32497252209948,0.49946139840536,2.62492876248048,-0.962056383952118,2.62492876248048,-0.962056383952118,0.742691708286307,1.84130399695442,0.742691708286307,1.84130399695442,-2.34835074507201,1.17800977954415,0.684195501604698,-2.1252071937578,-0.901431762135684,1.0936686311104,1.01028702217135,-0.556591275843954,-2.63603281752379,-1.16969574873036,-3.04149792563195,-0.790206127025459,-1.33674983339353,-2.1252071937578,-0.515769281323699,-1.65520356451206,-0.179297044702486,-2.1252071937578,-1.94288563696384,0.542021012824156,-1.94288563696384,0.542021012824156,1.19260857896531,3.03957878016571,1.19260857896531,3.03957878016571,0.542021012824156,1.59323106259768,-2.1252071937578,1.32160069915641,-0.901431762135684,0.177377899236247,-0.962056383952118,-0.367349276205425,-1.43206001319785,-0.962056383952118,1.58836487294651,0.890327707092372,-1.43206001319785,-0.0210730394875917,-1.16969574873036
BR1037,KT00341,2.2418064668964,-0.0737739881897174,-2.1078469248397,-3.59592398026954,2.75321501111026,1.5906634223352,-1.95831519086874,-2.49731169160143,3.64748687542726,-2.20203301991454,3.36930590557498,0.879221427077613,0.0109399143898186,2.17462207095743,-2.06850162729002,-2.89518020047449,0.421599839375087,-1.37535444673007,0.515495925142214,-1.40710314504465,1.0225408260683,-2.89518020047449,-1.75004789617148,0.270897438826745,1.67658092338248,3.16794033553993,3.16993302965664,2.35409697064891,2.51837728872582,2.40027593379252,-1.58299381150832,-1.58299381150832,-1.25757141107369,-1.79656791180638,-2.3561836997418,-1.54525348352547,0.21515545581851,0.547981380286702,-1.04049667007008,0.977908981023386,-1.34587831962126,-3.29178846867658,0.536852927812519,0.568941242364019,0.963824241141647,0.291730469779534,0.963824241141647,0.291730469779534,-3.98493564923652,0.867094614683096,1.10881455157024,-1.21234692699674,-0.429587587747108,-2.03902550018121,-2.88632336056841,2.84917308957732,0.794187843875008,-1.09456389134036,4.05422174123672,1.25150631359343,2.38153479849492,3.18672117353199,3.24996277107831,3.21100157723905,-0.519199746436795,-1.34587831962126,-0.550948444751375,1.83514728111584,2.20332847384607,1.83514728111584,2.20332847384607,-0.550948444751375,2.09041038185216,-1.27688544813431,2.09041038185216,-1.27688544813431,0.589775329266861,2.77779385769536,0.589775329266861,2.77779385769536,-2.59864128811663,0.600031829434051,0.421783598027732,0.589775329266861,-2.03902550018121,-0.893893195878205,2.19714925748011,-0.689098783232192,-1.50002899944852,-1.09456389134036,-2.59864128811663,-0.652731139061317,-2.37549773680242,-0.519199746436795,-0.519199746436795,-1.68235055624248,-1.58704037643815,-2.59864128811663,-0.519199746436795,1.05201695317711,-0.519199746436795,1.05201695317711,2.33762959069076,3.55833769746892,2.33762959069076,3.55833769746892,3.13064647694793,0.851346257714956,-2.88632336056841,0.34579769104981,-0.583738267574366,-0.726839111215039,-0.726839111215039,-0.401416710780411,-1.50002899944852,-0.689098783232192,1.05201695317711,0.004048397327753,-1.50002899944852,1.07131015611179,-0.550948444751375
BR1040,KT00363,1.78070742034073,0.601522060687788,-5.06835886229273,-3.45892094985863,2.83597597979236,2.80447731273299,-1.30715874659917,-2.23514551823652,4.04690130343318,-3.87342248240631,3.12873347199731,1.33879218508831,0.212553830145271,3.24580854302235,-1.85851946186405,-2.26398456997221,0.539375810934323,-2.08166301317826,-0.0892328484880515,-4.56656966296626,1.9302053272196,-2.95713175053216,0.417036958742078,1.98021574779427,1.78431605374848,3.2187355195736,2.03466045576262,0.95088323349845,3.58187600327698,2.18218988452542,0.187020528140107,-3.18027530184637,-0.805369547272695,-1.73335631891004,-0.955651750322034,-2.26398456997221,-1.07006210149978,0.966819825761262,-1.99165909175249,-1.80933753495853,-2.90794982362664,-3.60109700418659,-0.268892494011382,0.647398237862773,0.768350848280436,-1.29851191119254,0.768350848280436,-1.29851191119254,-2.50248471551848,1.17802648892494,2.93269183374676,-0.893046803084376,-0.76788366013037,-1.29851191119254,-1.80933753495853,3.45075861876931,1.76954102394108,-1.11619035439859,3.87254010430962,2.09263513461611,2.63917884098418,1.83262499936765,4.48192291498474,3.11307352572289,-1.11619035439859,-0.305260138182257,-3.60109700418659,2.77051484304527,2.79916044112224,2.77051484304527,2.79916044112224,2.16409409859826,2.33643920089584,-1.20320173138822,2.33643920089584,-1.20320173138822,1.14383512417666,4.14822546047377,1.14383512417666,4.14822546047377,-2.90794982362664,2.16095437859359,0.841554252303731,-0.0175780657304758,-1.99165909175249,1.38250961752175,2.3978395577601,0.183092629731675,-0.104589442720105,-1.11619035439859,-1.52165546250675,0.493247558035515,-1.40387242685037,-0.556574566463163,0.829719794656728,-1.65518685513127,-0.893046803084376,-1.65518685513127,-2.50248471551848,-3.60109700418659,-2.50248471551848,-3.60109700418659,0.459346006359834,0.633009500410674,0.459346006359834,0.633009500410674,-1.65518685513127,1.49876942363761,-2.90794982362664,0.618410700989521,-0.556574566463163,1.15249318691978,-2.2148026430667,0.160103111506977,0.0098209084576388,-1.29851191119254,1.31888392164154,-0.42304317383864,-1.80933753495853,-0.104589442720105,-0.893046803084376
BR1041,KT00575,2.20677739177233,0.231476109345091,-3.76855777340577,-3.43208553678456,2.75617858629803,1.23940729213461,-0.813647494372033,-2.33347324811645,3.91392467312874,-3.15672291764215,3.06915477303827,0.758627877878666,-0.805347660478677,1.55580578666644,-0.685802509828894,-2.46357573708221,0.364723592171578,-1.58118655688374,0.261003765971212,-3.33904447443611,1.67823536237882,-3.0025722378149,-0.617749046583878,0.710999828889412,1.5422411476323,2.88788737367491,2.51717292326385,1.89420089536821,3.31665324306718,2.04911359611172,-0.941149201637738,-1.54728500520805,-0.384134195402373,-1.90395994914679,-2.00404340770377,-1.42212186225405,0.145267813936553,1.10360678205421,-4.0458264518031,0.508050439797446,-2.25406698257504,-4.0458264518031,-0.549318890336615,0.465033054713755,0.852013348147816,-0.133803446374949,0.852013348147816,-0.133803446374949,-2.6595320906832,0.0973082745884374,1.58179466188754,0.21685342523822,-0.11400081907877,-1.56091980201509,-2.94721416313499,3.31681881861473,1.29171162789822,-1.10138747263665,3.83308646049404,1.46356188482488,2.17476371829664,2.76871644545686,4.08187340101468,2.90785775906744,-0.678530621816621,-1.10138747263665,-2.43638853936899,2.00154572724318,1.82347046133068,2.00154572724318,1.82347046133068,-0.0755345382509734,2.63878527586483,-0.826950626934895,2.63878527586483,-0.826950626934895,0.888647481327596,2.02028163830065,0.888647481327596,2.02028163830065,-2.43638853936899,1.6274968153684,0.569294065038164,-1.74324135880905,-2.09991630274778,0.284906888483236,1.90741688248469,-0.910332235873946,-2.25406698257504,-1.48087709434156,-2.09991630274778,-0.713621941627891,-1.48087709434156,-0.749989585798766,-0.020474761067946,-2.25406698257504,-0.611839247317949,-1.40676912218784,-1.10138747263665,1.62405447117742,-1.10138747263665,1.62405447117742,1.21686373710179,2.19444939336767,1.21686373710179,2.19444939336767,0.991126150610534,0.881427233354109,-2.94721416313499,1.43063710012842,0.258238641401074,-0.0384932665706244,-0.64462907014094,0.518521739664741,-1.10138747263665,-0.519465927186934,2.05224783036314,-0.284626336109533,-0.549318890336615,1.04792374900367,0.442809917929045
BR1042,KT00398,1.82966151849457,0.299824492159611,-4.1775123223186,-3.6666866985526,3.00964080952763,2.30763168972041,-1.51492449529314,-2.09807078063876,4.01043578690089,-3.95317072808382,3.57569852855843,0.686400884621605,-0.862128274725502,2.90381743384467,-1.93826770754155,-2.16141125885576,0.518468065279751,-1.7559461507476,0.141173834138282,-3.54770561997565,2.26143737033837,-3.03687999620966,-0.957438454529827,2.55634328787947,1.22015014828953,3.44714436585742,2.78970990770808,1.84743593120792,2.61490718332816,2.78260928615851,-0.289609081954172,-3.26002354752387,-0.885117792950201,-1.46826407829582,-1.51082369271461,-2.70040775958845,-0.203666652153447,1.18556456863975,-2.3552328540769,-1.54430263786057,-3.04838003463685,-2.64291492652868,-0.563473384848847,0.801767567073211,0.735809599281414,-0.245019653730312,0.735809599281414,-0.245019653730312,0.689289583646521,0.0426624187214683,3.39416013183135,-1.03347701409458,-1.25662056540879,-1.25662056540879,-3.04838003463685,3.42164517564985,2.20911533739093,-0.69700477747337,4.3604535166564,1.34606912003559,1.9950450822824,2.71837723918074,3.42009478774239,3.6615338758933,-0.851155457300628,-0.851155457300628,-2.64291492652868,3.10328826401147,3.18603069108152,3.10328826401147,3.18603069108152,2.41333087881962,2.98470618716195,1.1929467179339,2.98470618716195,1.1929467179339,0.822820976271043,3.74227947246904,0.822820976271043,3.74227947246904,-1.94976774596874,2.47906295490295,0.575960898339518,0.83318376330659,-2.13208930276269,-0.0526477610828564,2.04537016616991,-0.606032999267643,-0.745794941642802,-1.66208567351696,-2.13208930276269,-0.797088236030352,-1.03347701409458,-0.606032999267643,-1.10246988558153,-2.64291492652868,-0.968938492957012,-2.3552328540769,-3.74152721519679,-1.94976774596874,-3.74152721519679,-1.94976774596874,1.02064671960096,1.61505905947522,1.02064671960096,1.61505905947522,-1.66208567351696,1.52116297370809,-2.3552328540769,1.07065714017562,-0.69700477747337,0.615181611492799,-2.3552328540769,0.0196729004967696,-0.606032999267643,-1.79561706614148,1.07065714017562,-0.0038575969134245,-2.64291492652868,0.701124041293524,-1.17657785773526
BR1043,KT00386,2.23856322559484,0.424369683504513,-3.03614427531406,-2.74846220286228,2.89255795005761,2.42909896254996,-3.21846583210802,-3.21846583210802,4.23694832068546,-3.79299280149718,3.02702356317695,1.16634919821152,0.108979868077462,2.69316798744691,-1.11884415207065,-2.87670206962303,0.292983511054402,-1.22804344403565,0.755607033002515,-2.69438051282907,1.50782144524944,-2.40669844037729,0.448333951073564,0.167820368100396,1.36606249771735,3.49695895865376,3.14383572497066,1.76768882951835,3.0313808685459,2.40039166047338,-0.266632276881021,-2.69438051282907,-2.87670206962303,-2.87670206962303,-2.28891540472091,-1.59576822416096,0.241247836655213,1.10110867634312,-2.03525126599739,3.2232852305388,-2.95154199787155,-3.64468917843149,0.226511832476398,0.287136454292833,1.19159272851999,0.514193904928179,1.19159272851999,0.514193904928179,-1.07973982096996,0.950430671703097,0.887910314721763,-0.277393348445019,-0.648956904877502,-2.03525126599739,-3.64468917843149,3.48300452091591,1.47330463398526,-2.03525126599739,3.74054174463508,1.75347352308626,1.93504064755473,2.57590099166825,3.71286702247886,3.19049540771581,-0.386592640410011,0.11651093726207,-1.85292970920344,2.84603435607101,2.61870908416013,2.84603435607101,2.61870908416013,0.183952218057602,3.24998086100199,-0.148181616965013,3.24998086100199,-0.148181616965013,0.76203006883276,1.94255947996876,0.76203006883276,1.94255947996876,-1.34210408543745,-0.466635348083547,0.49844554796004,-1.69877902937618,-1.56524763675166,1.2897847546992,1.72594884969617,-0.754317420535328,-2.03525126599739,-1.69877902937618,-3.64468917843149,-1.44746460109527,-1.56524763675166,-0.754317420535328,-0.509194962502343,-3.64468917843149,-0.277393348445019,-2.2583948173116,2.12675194469852,-2.2583948173116,2.12675194469852,-2.2583948173116,2.13296314479116,2.65792979731341,2.13296314479116,2.65792979731341,2.56188674829343,1.0738096928636,-2.2583948173116,1.08269864028085,-1.56524763675166,0.574818526744614,-1.85292970920344,-2.03525126599739,-1.44746460109527,-0.754317420535328,1.88076376070029,0.267333826996653,-2.54607688976338,1.08269864028085,-0.700250199265052
BR1044,KT00391,2.40010060077057,-0.191379421100462,-3.72749612066199,-3.72749612066199,2.38323184727281,2.62803266881658,-1.6072325844619,-2.52352331633605,4.36576244636242,-2.72879680044243,2.61066250943678,1.25647666672531,-1.0423978468722,3.0960226692566,-1.20274049694738,-3.64508753231659,-0.277791702330112,-1.34250243932254,0.205060069393473,-3.23962242420842,1.65821737574249,-3.23962242420842,-0.577034597182969,0.150401656855609,1.32472576725941,3.08712317415062,3.73173343618331,2.41403566326521,3.67742290168081,2.69085285127313,-0.624662646172223,-2.72879680044243,-1.11935888800833,-2.03564961988249,-2.14101013554031,-1.69917738326127,0.574420172859521,1.16709682305583,-3.56538929364051,3.51126452180344,-1.95595138120641,-3.56538929364051,0.218800340277753,-0.0390287690243463,0.305811717267383,0.284758308069551,0.305811717267383,0.284758308069551,-1.95595138120641,-0.269552427636179,0.877261962849809,-0.429895077711358,-0.620950314474067,-2.87224211308056,-3.56538929364051,2.98996759817016,1.3324505063104,-1.26280420064646,3.12047165342785,1.59939668028301,1.85514570563178,3.12793437462944,4.36012968614642,3.41561644708122,-0.569657020086517,-0.732175949584292,-2.4667770049724,2.10793397353098,2.07651777729761,2.10793397353098,2.07651777729761,-1.26280420064646,2.74634551551241,-0.675017535744343,2.74634551551241,-0.675017535744343,0.123490160473428,2.52592058843719,0.123490160473428,2.52592058843719,-2.4667770049724,-0.346513468772307,-0.569657020086517,-0.269552427636179,-2.4667770049724,0.195810822053055,1.80988911404366,0.38585442494092,-0.164191911978352,-1.77362982441245,-3.56538929364051,-0.307292755619026,-1.48594775196067,0.346633711787638,0.305811717267383,-1.95595138120641,-1.16749402084214,-2.87224211308056,2.18081389689965,-0.520866855917085,2.18081389689965,-0.520866855917085,0.791319533049084,4.22323677198452,0.791319533049084,4.22323677198452,2.37478195907992,0.900518825014076,-2.87224211308056,1.41821732806783,-0.131402089155361,0.1481827730638,-1.95595138120641,-0.346513468772307,-1.36816471630429,-0.926331964025249,1.80524873448715,0.346633711787638,-1.61947914458519,1.34726559209554,-0.198093463654034
BR1045,KT00504,1.66044459235176,-0.426047507324743,-2.66173836548876,-3.70319224031692,2.55543274352205,2.08011998996259,-0.138365434872962,-2.85589437992972,3.4892406020967,-2.97313801122044,3.20860248357613,0.471544482381453,-0.254037973931647,2.74388969018578,-1.05132541374419,-2.56767290311228,-0.011307289342132,-2.36700220765013,-0.59051021055286,-1.93168413639228,1.27535723082892,-2.97313801122044,-0.936256083959402,1.65183480206383,1.11842490803978,3.03157176263756,2.76558251479704,1.81296387727255,2.43103974602707,2.12469382790597,-1.33091027596335,-2.12584015083324,0.591688794223516,-2.12584015083324,-1.18137854199239,-1.72037504272507,0.0871327834711206,0.82608950006236,-2.19188179942629,2.53992103749517,-2.19188179942629,-2.88502897998623,-1.58574599585597,0.0053427779099295,-0.487133707187864,-0.487133707187864,-0.487133707187864,-0.487133707187864,0.527218237862505,0.527218237862505,2.25468335638516,-0.270069201950037,-1.58574599585597,-1.78641669131813,-2.37420335622024,2.75332568934751,1.92172057940023,-1.90419972697451,3.78658193550444,0.999965353053992,1.70333408768548,2.56886661838025,3.16313091079829,2.86965782453173,-1.58574599585597,-0.457280744038183,-1.15042792459813,2.5942200890667,2.53403000425793,2.5942200890667,2.53403000425793,0.143493116390747,2.56027057691045,0.398385366019537,2.56027057691045,0.398385366019537,0.76994892245202,2.90900037251774,0.76994892245202,2.90900037251774,-2.19188179942629,1.47594424548981,0.0053427779099295,1.34907752461102,-2.19188179942629,-0.15499987216525,1.81241648211103,-0.487133707187864,-0.176978778884025,-1.6810561756603,-1.58574599585597,-0.222441152960782,-1.21105254641456,-1.0392022894879,-1.0392022894879,-2.03773111959903,-1.6810561756603,-2.19188179942629,0.333846844881966,-2.88502897998623,0.333846844881966,-2.88502897998623,0.972185788946916,2.36023916547199,0.972185788946916,2.36023916547199,1.05331133375928,0.852640638297133,-1.78641669131813,0.76994892245202,-0.245971650370976,-0.549654064169199,-1.34458393903909,1.37294500601767,-0.400122330198235,-0.939118830930922,-0.133493666944286,-0.582443886992189,-1.90419972697451,0.868388995265272,-1.15042792459813
BR1047,KT00535,1.95403445482056,0.35289534520116,-2.73814710815716,-3.05660083927569,2.68680290932425,1.95819246496923,-3.19013223190021,-2.24567062305936,4.27862562807723,-2.3649932221735,2.95947910185139,1.38920569806108,0.491476984046982,2.25605031297088,-1.40948177714606,-2.87581884593949,0.625726509556946,-1.57653586180923,-0.0136179650100234,-2.26968304236918,1.88635508885826,-2.58813677348771,-1.72313933600111,1.64958637157974,1.54101171092908,3.00004777641744,3.78965253507601,1.64233996305897,2.69949874471347,3.04307500833365,-1.26638093350539,-2.26968304236918,-2.72166816611223,-1.77720655727138,-1.83436497111133,-2.3649932221735,-0.954006248463239,1.03620415948865,-1.76634600060737,1.95633083308986,-1.54320244929316,-3.15264036172726,-0.0845874265936385,0.845560339941943,0.124504371264921,0.124504371264921,0.124504371264921,0.124504371264921,-1.20673021267194,1.31326775692733,2.44578159727112,-0.587691004265719,-0.444590160625046,-2.05402807305915,-2.2363496298531,2.9238544345653,2.14066446299724,-1.28083818482566,3.68254422442005,2.04031648916295,2.10485501030053,2.45499825237604,3.4573825089496,3.84449847838957,-0.754745088928885,0.373720162888906,-1.44789226948883,2.73623759660563,2.19208337763494,2.73623759660563,2.19208337763494,1.24796265851956,3.32433200116243,-0.0845874265936385,3.32433200116243,-0.0845874265936385,0.836343684837019,2.51032011840869,0.836343684837019,2.51032011840869,-2.45949318116731,1.83096625998108,0.585029256556113,-0.513583032111997,-1.76634600060737,-0.901348563120761,1.27220627012955,-0.587691004265719,-2.45949318116731,-1.76634600060737,-3.15264036172726,-1.13773734118499,-2.74717525361909,-2.05402807305915,-1.20673021267194,-2.74717525361909,-0.667733711939255,-3.15264036172726,1.37456828279112,0.16154564294527,1.37456828279112,0.16154564294527,2.99582793419039,3.7719720343213,2.99582793419039,3.7719720343213,0.899144586076049,1.04456158593455,-2.2363496298531,1.07419338354092,-2.05402807305915,-0.444590160625046,-1.44789226948883,-1.89987739323189,-1.01257419823098,-1.54320244929316,0.608559753966307,-0.0615979083689398,-2.05402807305915,-0.132215475582893,-1.44789226948883
BR1048,KT00532,1.77380130601519,-0.293535178638373,-3.22205870249891,-2.48012135776954,2.44816698862844,2.22252117102737,-1.38150906910143,-2.81659359439075,3.749328436728,-3.10983214002261,3.0849813310714,1.33046340277525,-0.529615310430284,2.98914061480066,-1.72353777890272,-2.41668495946266,0.298009784358215,-2.0112198513545,-0.730286005892435,-2.41668495946266,1.81451878547663,-1.67474761473329,-1.38706554228151,1.92191211728388,1.39662207302632,3.46691594176937,2.84704096231575,2.11483868635713,2.8101364053803,2.55382254354281,-1.54121622210876,-2.41668495946266,-0.576135326065177,-2.0112198513545,-1.54121622210876,-2.52204547512049,-1.1357511140006,1.1155406846059,-0.73866540923319,1.32275762694397,-2.17374993452251,-3.09004066639667,0.205796199607662,0.493478272059443,-0.256827322340451,-0.73866540923319,-0.256827322340451,-0.73866540923319,-1.70374630527678,0.406466895069813,2.84220452105134,-0.787455573402622,-0.73866540923319,-1.48060275396257,-2.17374993452251,3.18848075776918,1.48981171160713,-1.48060275396257,3.93993224530972,2.10291618449354,2.17264952250822,3.04335737659998,3.69271812241078,3.45171057335822,-1.0751376458544,-2.17374993452251,-1.48060275396257,3.15896885874286,3.04444138754624,3.15896885874286,3.04444138754624,0.507271594191778,2.88504040146079,0.831932669884647,2.88504040146079,0.831932669884647,0.811932003177977,3.79393408392007,0.811932003177977,3.79393408392007,-3.09004066639667,2.59862817044949,0.573520979732979,-0.73866540923319,-0.73866540923319,-0.450983336781409,1.36430662985684,-1.29828119716861,-1.21823848949508,-2.6845755582885,-1.99142837772856,-1.21823848949508,-1.99142837772856,-1.70374630527678,-1.38529257415824,-3.09004066639667,-1.01059912471683,-1.58596326962039,-1.70374630527678,-2.6845755582885,-1.70374630527678,-2.6845755582885,2.25229358556814,2.280597361731,2.25229358556814,2.280597361731,2.5411711154247,1.44255882675659,-1.70374630527678,1.05309405999487,-1.29828119716861,-0.605134016608667,-1.48060275396257,0.35994687943492,-0.605134016608667,-1.58596326962039,0.694148967521594,0.205796199607662,-1.99142837772856,-0.199668908500503,-0.605134016608667
BR1049,KT00518,1.96357256633954,-0.375911944302418,-2.83976518489259,-3.53291236545253,2.73460438862506,1.69372996438861,-1.4534708237727,-2.23362938132227,4.04378278038929,-3.18430661024728,3.1116971263789,1.20021690462519,-0.261145029528127,2.11800277757029,-2.08569432157917,-2.84783437362607,-0.305108152949243,-1.13018287655174,-0.424296670214361,-2.30883787289338,0.899987616121317,-3.00198505345333,-0.842500804099955,1.27930001141902,1.37167333155004,3.09646369042858,2.14647794643826,1.87702179816449,3.56257544314677,3.01579680197203,-1.03254440698782,-1.57486869781318,-0.922543511773491,-1.70270206932307,-1.70270206932307,-1.5356479846599,-0.208777044010811,1.39246410121911,-2.38411923248643,-0.997824871366539,-2.16097568117222,-3.07726641304637,-0.474576727601991,0.388469489753352,0.0797340081037384,-0.27390603213984,0.0797340081037384,-0.27390603213984,-1.82450344455101,0.762185899546936,2.28402575266305,-1.06236339250411,-0.27390603213984,-1.82450344455101,-1.97865412437826,3.67325008950927,1.55746257518326,-0.997824871366539,4.04721184944705,2.09321758199178,2.17238578152038,2.88115827998341,4.52812595176856,4.0094715214642,-0.106851947476674,-0.18689465515021,-1.28550694381832,2.39290121042832,2.35645559050786,2.39290121042832,2.35645559050786,0.82470625652827,2.06731685355962,0.586295233083272,2.06731685355962,0.586295233083272,1.40573613896751,2.91669501426019,1.40573613896751,2.91669501426019,-2.16097568117222,1.13486118483211,-0.592359763258374,-0.880041835710155,-1.97865412437826,0.180830124975107,1.58617268106569,-0.592359763258374,-1.28550694381832,-2.67180130493821,-2.67180130493821,-0.336426389121174,-1.97865412437826,-0.997824871366539,0.0362488961639998,-1.82450344455101,-0.63491937767717,-2.16097568117222,-1.28550694381832,-2.67180130493821,-1.28550694381832,-2.67180130493821,0.804297384897063,1.95968618936725,0.804297384897063,1.95968618936725,-3.07726641304637,1.38864170560821,-2.67180130493821,1.86794107572743,-0.132827433879934,-0.0092134779127576,-0.551537768738119,0.100787417301571,-0.679371140248004,-0.512317055584838,1.5077010656242,0.434279025784646,-1.06236339250411,0.814553885064252,-0.512317055584838
BR1050,KT00529,1.94670986183122,0.51304781188844,-3.97932687995431,-3.69164480750253,3.05857908349287,0.918512919996604,-0.210404718166835,-2.68004389582405,4.12457062423858,-2.96388043561178,3.27989804011019,1.87557104610098,-1.8007296258061,1.36948102708082,-0.229512926192196,-2.37609377070966,0.783267926626132,-2.37609377070966,-0.383663606019455,-3.47470605937777,1.31278568340428,-3.18702398692599,0.787973817663545,2.12494970606953,1.29314970888742,2.76166353082593,2.78996123891716,1.94877445012427,3.35760702443751,3.21985599914332,-0.766655858275561,-2.49387680636604,0.294216102409702,-2.17542307524751,-2.62740819899057,-2.08841169825788,-1.52879591032246,1.27312042701184,-3.54578641124011,-2.15949205012021,-1.93634849880601,-3.54578641124011,0.65890620815086,0.997508371029898,0.0377325272160044,-0.111799206754959,0.0377325272160044,-0.111799206754959,-1.93634849880601,-0.773197689000324,3.14007453582825,0.798019010613578,-0.906729081624847,-1.34856183390389,-2.447174122572,3.09408942258643,1.74751841348439,-1.34856183390389,4.17156486094522,2.74578272831821,2.18431337173347,2.95400062941575,4.24903674093928,4.22864909906285,-1.34856183390389,-1.93634849880601,-2.447174122572,2.44317500564976,2.30641606853437,2.44317500564976,2.30641606853437,-0.601347432073665,2.87094587127222,0.36623659418804,2.87094587127222,0.36623659418804,0.98681308191315,2.09256825809364,0.98681308191315,2.09256825809364,-3.54578641124011,2.17779869071228,1.14556147098904,-0.906729081624847,-2.15949205012021,1.81550575446932,2.20678622758553,-0.249949545235777,-1.75402694201205,-1.14789113844174,-1.59987626218479,-0.655414653343941,-1.46634486956027,-0.773197689000324,0.405457307341322,-1.34856183390389,-1.14789113844174,-1.93634849880601,-2.85263923068016,-3.54578641124011,-2.85263923068016,-3.54578641124011,2.36501023280042,2.29485524613329,2.36501023280042,2.29485524613329,-1.59987626218479,0.98681308191315,-1.46634486956027,1.90525204232559,-0.111799206754959,0.260876078530214,-1.46634486956027,1.32174803921548,-1.59987626218479,-1.06087976145211,2.17124129016612,0.0917997484862802,-1.75402694201205,-0.501263973516683,-0.178490581253632
BR1051,KT00549,1.48759379413919,0.492570541480524,-4.33840631324126,-2.54664684401321,2.7277762023354,2.53820223674404,-1.65282896799111,-2.87206924444783,4.16380859499426,-2.76047003675009,3.00227991399423,1.21400598332461,-0.457884943756044,2.973949407368,-1.91317217636289,-2.01325563491987,0.595264970835308,-1.86665216072799,0.384639637878502,-3.8590823254182,1.48165575701379,-2.06732285619014,0.20136068512822,-0.36257476395172,1.11765141700237,3.09013474337153,3.27341522624184,0.838363136679062,3.27872591317908,3.03254357163405,-0.425095120933054,-1.73881878921811,-1.17350498016805,-2.39274525662477,-1.3741756756302,-1.19649449839275,-1.82220039815716,0.939459253550431,-3.41932171735111,1.3723280355796,-1.91524432057484,-4.11246889791106,0.723813009040421,0.641121293195308,0.121637606686203,0.836290992467112,0.121637606686203,0.836290992467112,-2.72617453679117,0.387340772419208,0.45187929355678,-1.06794646018763,-0.934415067563111,-1.16802991874462,-3.41932171735111,3.13958505394176,1.55741202506946,-1.62756224812306,3.62077674861874,1.59131357674514,1.76526688386858,1.58797467547963,4.05856529129442,3.85238198953626,-1.02142644455274,-1.02142644455274,-3.01385660924295,2.16229312333088,2.09410702881387,2.16229312333088,2.09410702881387,-0.976974681981907,2.3521194057789,-1.80988380491701,2.3521194057789,-1.80988380491701,0.993476575989524,3.62077674861874,0.993476575989524,3.62077674861874,-2.16655874885574,0.205019215625254,0.658215726554608,-1.33988017567128,-1.22209714001489,1.04658640130347,2.2278904058167,-0.105135712678586,0.472498580759515,-0.854372359889574,-4.11246889791106,-0.105135712678586,-1.27925555385484,-0.67848169342591,0.0464141854486153,-0.893593073042856,-0.745173067924582,-2.320709428683,1.92778581336636,0.281980256761382,1.92778581336636,0.281980256761382,0.560359936550849,3.78668458543204,0.560359936550849,3.78668458543204,2.34586938543373,0.755065552544526,-3.01385660924295,1.15538926115227,-0.934415067563111,0.420130595242199,-0.893593073042856,-0.328279263992795,-0.528949959454947,-0.351268782217494,1.06368083466277,-0.180643265186731,-2.03302735623122,-0.976974681981907,-0.586108373294895
BR1052,KT00592,2.77927939030718,0.659404279048856,-5.07393699784889,-3.687642636729,3.02318493306982,1.58150335251876,-1.24529560135979,-2.43487966823363,4.3983829492267,-3.31889640514642,3.26693036265535,0.715344233005979,0.0569831685314495,1.7656087375163,-0.679839075531157,-2.75928061721099,0.531251196563643,-1.76075178709987,0.0133081050287879,-4.70519076626631,0.264622533309694,-3.31889640514642,0.382405568966078,1.18368719206657,1.65091689442958,2.95067325134975,1.8487426377595,2.74022679043538,4.10511970009165,3.11965492476055,0.022197052446034,-2.75928061721099,-0.876549369777212,-2.06613343665105,-1.93260204402653,-2.14024140880477,0.436472790236353,1.26351679371906,-2.57600761665383,-1.18971325553394,-2.28832554420205,-2.981472724762,-0.678887631767954,0.857979587831312,0.31436414124233,0.402917538583775,0.31436414124233,0.402917538583775,-2.06518199288784,1.08755402947581,2.18901127027615,0.350731785413205,-0.455744080453744,-1.72870975626663,-2.06518199288784,3.46504043064298,1.85480918218948,-1.47739532798573,4.12226043746158,1.57765352272469,2.53598017170271,3.73572719249908,5.09442090553686,4.12963147820617,-0.730180926155504,-0.240632700836798,-3.67461990532194,2.17470487462491,2.48658741637313,2.17470487462491,2.48658741637313,-0.678887631767954,1.97082699232129,-0.378783039317616,1.97082699232129,-0.378783039317616,0.615839535826447,2.624329341534,0.615839535826447,2.624329341534,-2.57600761665383,0.615839535826447,0.707406729351937,-1.27672463252357,-2.28832554420205,1.41297642991044,2.45006348557226,-0.841406561265728,-0.678887631767954,-0.841406561265728,-1.88286043609389,-0.273422523659789,-1.59517836364211,0.419724656900156,0.573875336727415,-1.10967054786041,-0.678887631767954,-1.88286043609389,-3.67461990532194,-3.67461990532194,-3.67461990532194,-3.67461990532194,0.436253958851367,0.656113434964387,0.436253958851367,0.656113434964387,-2.06518199288784,1.20057741787921,-1.88286043609389,1.76345940360125,0.15402149116715,1.0527679133904,-1.72870975626663,0.15402149116715,-0.902031183082163,-1.10967054786041,1.63858607371984,0.0142595487919918,-1.59517836364211,1.46704365118072,-0.539125689392795
BR1054,KT00565,1.72609653297917,-0.179787749900296,-3.74932044638167,-3.05617326582172,2.57414205695261,2.2193871136037,-1.47205316137191,-2.04457235414324,3.98228127408335,-2.46568890620424,2.91132410729213,1.53480274721151,-0.989782386394664,2.76207186688066,-1.98018109042254,-2.75337097865602,-0.417996062838986,-1.98018109042254,-0.241065354679907,-3.15883608676419,1.17518132872333,-2.46568890620424,-0.386247364524405,0.905908005681624,1.68338055570711,3.34844162562083,2.6983825267814,1.28675202939944,3.4725067120244,2.47237569505718,-0.311023943286818,-2.34790587054786,-0.881568801754431,-1.45408799452576,-0.856250993770141,-1.54939817433009,-1.21292593770887,1.20107274265608,-2.45242166766942,-0.117046751852386,-1.4715924146577,-3.55103395633753,-0.0246734317213714,-0.986084598875996,0.277607440151562,-0.183738126351059,0.277607440151562,-0.183738126351059,-2.45242166766942,0.004314105151881,1.88268804721671,-0.986084598875996,-0.911976626722274,-1.75927448710948,-2.85788677577759,3.90542059883868,2.1887589558417,-0.50651151861411,3.75683882442617,2.34611991129921,2.5866930977487,2.2327912259922,4.41172997383058,3.45203150244893,-0.986084598875996,-0.332158131469332,-2.16473959521764,2.57801625372301,2.55821362642683,2.57801625372301,2.55821362642683,1.19389817202572,2.61438389789389,0.456299228894938,2.61438389789389,0.456299228894938,1.84712874518022,3.56617154682681,1.84712874518022,3.56617154682681,-1.35380937900131,1.4794039650549,0.320167054570358,-1.06612730654953,-1.4715924146577,0.607849127022139,1.88268804721671,0.162538110366775,-1.35380937900131,-2.45242166766942,-2.45242166766942,0.162538110366775,-1.24844886334349,-0.717820612281317,0.380791676386793,-1.06612730654953,0.0324849821185771,-1.60512380728222,-1.4715924146577,-3.55103395633753,-1.4715924146577,-3.55103395633753,1.47284656450874,2.44043059077045,1.47284656450874,2.44043059077045,-2.45242166766942,1.49239116058171,-3.55103395633753,1.14944640945488,-0.183738126351059,0.683072548259727,-1.35380937900131,0.112527689792114,0.137845497776403,-0.555301682783542,1.17635386237481,-1.75927448710948,-2.16473959521764,-0.218829446162329,-1.75927448710948
BR1056,KT00621,2.49911787106326,0.408283145553976,-5.07235577778801,-2.67446050498964,2.46560688198019,1.28201426300934,-0.795689658771959,-2.29976705554823,4.18725083549109,-2.99573450900398,2.4758356392448,1.24559224356677,0.659243393434278,1.04145163937818,0.0487879287194464,-2.38959870543366,0.229785858582893,-1.79176170467804,0.0953079443543392,-4.78749397823203,1.12600902740624,-2.38959870543366,-1.20397503977592,1.36736411578439,1.75497798227477,2.94662732509627,2.24689395168347,2.0104464347429,3.58490462828097,2.45315571602343,-0.470005864695721,-1.23214591674262,-0.510827859215976,-2.01490525599225,-3.17805606579793,-1.89712222033587,0.454253036827611,1.1205889599369,-2.29058359163668,-2.98373077219663,-1.88511848352852,-3.67687795275657,0.482005130603099,0.450256432288519,0.908089525913999,-0.121529891267159,0.908089525913999,-0.121529891267159,-3.67687795275657,1.76985941890974,2.46515945283078,1.15940395419491,-0.498824122408627,-1.2789826799582,-1.73096780370126,3.54714685552926,1.99987584951171,-1.37429285976253,3.48241395204099,2.13426304022013,2.73329692920959,3.09391147115241,4.52642607403871,3.49631378973003,-0.681145679202582,-0.180370391290093,-3.67687795275657,2.44999123135761,2.37990606047205,2.44999123135761,2.37990606047205,0.366173315077977,2.58842325998114,-0.0392917930301871,2.58842325998114,-0.0392917930301871,-0.150517428140411,2.0368548527528,-0.150517428140411,2.0368548527528,-2.29058359163668,1.85255113475485,0.765773303733744,-2.57826566408846,-1.2789826799582,-0.0933590143004629,1.26476446985273,-0.63235551503315,-2.29058359163668,-1.88511848352852,-1.73096780370126,-0.63235551503315,-1.59743641107674,-0.458002127888372,0.0843221629369897,-1.88511848352852,-0.681145679202582,-1.88511848352852,-2.98373077219663,-3.67687795275657,-2.98373077219663,-3.67687795275657,1.49360604228158,0.928292233231519,1.49360604228158,0.928292233231519,-1.2789826799582,1.40452641222789,-1.73096780370126,1.48790802116694,0.0843221629369897,0.640610160779738,-0.121529891267159,0.599788166259482,-2.06744004032247,-0.786506194860408,2.77201144139028,0.789030165898011,-0.681145679202582,1.56486906230307,-0.309582122770099
BR1057,KT00645,2.98945577999885,-0.0465822258026961,-4.86686379140773,-2.7874222497279,2.51089511682014,1.54331109055843,-1.28334485295162,-2.56427869841369,4.50482983092621,-2.54386524941638,2.628038192276,0.267042337125542,-0.26659796440662,1.61891647435895,-0.731486492985585,-3.01386887866211,-0.83911715717795,-1.57878435337279,-0.305818677559901,-4.62330679109621,2.13594847956748,-2.54386524941638,-0.545769347190492,2.07988132214465,1.80802429083727,3.57036987485903,2.58677283707458,2.79667313256562,3.41035163678994,2.80085848994582,-0.374811549046853,-2.54386524941638,-1.0397878526401,-2.32072169810217,-1.73293503320005,-2.42608221375999,0.737985374613213,0.989821315291859,-2.45747051075406,-1.94664488698807,-1.47664125774234,-2.86293561886223,-0.783494077182392,-0.337206974553972,0.451250385810298,-0.51156036169875,0.451250385810298,-0.51156036169875,-1.47664125774234,0.800626027267419,3.12852892824575,0.335737498688454,-1.47664125774234,-1.94664488698807,-2.45747051075406,3.8347157223135,2.85409208254399,-1.61017265036686,3.61634177770267,1.14439756637024,2.74102652051176,3.85607753552303,4.41050389821623,3.83656472129945,-0.51156036169875,0.132796654691763,-3.55608279942217,3.75245999811702,2.60089618616338,3.75245999811702,2.60089618616338,2.61978447068359,2.63218132366042,0.943726870908092,2.63218132366042,0.943726870908092,0.663424905753934,2.528416613653,0.663424905753934,2.528416613653,-1.47664125774234,2.29898912278025,-0.560350525868182,-0.991133441960636,-1.47664125774234,0.521454644483547,1.00826539204566,-1.35885822208595,-1.94664488698807,-3.55608279942217,-1.35885822208595,-0.297986261400691,-1.07117614963417,-0.917025469806914,-0.378028969074227,-1.94664488698807,-0.0903468966224461,-2.45747051075406,-2.86293561886223,-3.55608279942217,-2.86293561886223,-3.55608279942217,0.228106834496088,1.20609113537558,0.228106834496088,1.20609113537558,-1.25349770642813,1.19750739168419,-2.45747051075406,1.20609113537558,-0.223878289246969,0.692412442627186,-1.47664125774234,0.0274361390339372,-0.665711041526008,-1.35885822208595,1.62570075086991,0.335737498688454,-1.76432333019412,1.80520936628725,-0.122095594937027
BR1058,KT01425,2.30936118996973,0.43780960823296,-3.67960022692014,-2.80413148956624,2.93055731482284,2.3563595600744,-3.09181356201802,-2.58098793825203,4.12244554365649,-2.7494836397182,2.90054637893875,1.46855239484645,-0.307136604348995,2.52454103426079,0.30922343299718,-2.00754629498882,0.179039884142341,-1.58633282991252,0.299789400763821,-3.44263082027815,1.39523712982897,-2.56716208292425,0.21062145619264,2.26911982402723,1.83955716434001,2.79764502489262,1.70370018927201,1.53410292214243,3.41446254390176,2.13558843140271,-0.530280155663205,-2.00754629498882,-2.85484415537603,-2.34401853161004,-1.79397219469076,-2.56716208292425,-0.991625722165826,0.768014197640116,-2.25239771234481,-1.6646110474427,-1.55925053178487,-2.47554126365902,-0.770793171420599,0.428623816369476,0.681459157491089,0.908848999686749,0.681459157491089,0.908848999686749,-2.76322333611081,0.883096503584335,3.45071787332368,1.49945654093051,-0.46063824311676,-0.817313187055492,-2.47554126365902,3.40079297619533,2.15432153491944,-1.6646110474427,4.03583252594799,2.60741469201686,2.8857509020504,2.70483680502433,4.44931692322277,3.25780001323872,-0.396099721979189,-0.565998758774586,-2.25239771234481,2.43343037666073,2.50806535804931,2.43343037666073,2.50806535804931,1.15544421203601,1.84859139259595,-0.427848420293769,1.84859139259595,-0.427848420293769,2.19260372149046,3.45670392378899,2.19260372149046,3.45670392378899,-1.9159254757236,2.03531824285783,0.87436282361558,-1.15378542367671,-1.37692897499092,1.40085456412597,1.07263830835178,-1.22277829516366,-1.37692897499092,-3.16868844421897,-1.37692897499092,-1.08924690253913,-2.25239771234481,-1.15378542367671,-0.124166006495547,-2.47554126365902,-0.396099721979189,-1.9159254757236,-2.76322333611081,-3.86183562477892,-2.76322333611081,-3.86183562477892,-0.100635509085353,0.428623816369476,-0.100635509085353,0.428623816369476,-3.86183562477892,1.19441018056939,-3.16868844421897,1.05814530104921,0.520191009894966,0.659952952270125,-0.817313187055492,-1.6646110474427,-0.603739086757433,-1.37692897499092,2.60586310132544,0.580815631711401,-0.250917712134691,0.198607385767504,0.442229468425255
BR1059,KT01446,2.55669533622191,0.027138412696169,-4.26332102845222,-3.01055805995685,3.41939180628743,1.95527909123951,-1.62426369883696,-3.01055805995685,3.95019620075788,-2.91711550599603,3.65292676692876,1.92549553600709,-0.971205356940719,2.31719653057609,-2.04164676864213,-3.83340623787019,-0.292446913832873,-1.53082114487614,-0.575309699848705,-3.83340623787019,1.3815295197388,-2.58064326937482,0.429273639171129,0.949910133501379,1.44470842136033,3.19302057082945,2.87650767265996,2.55851087552242,2.9487858181366,2.21632721736177,-0.236093977281741,-2.4471118767503,-1.19434890825493,-2.58064326937482,-1.03004585696365,-1.43551096507182,0.720470653730354,0.885092633424908,-2.20136450958753,0.348080661338042,-2.20136450958753,-3.81080242202163,0.42330408257563,-1.10275222091942,-0.552705884000147,-0.5149655560173,-0.552705884000147,-0.5149655560173,-1.86489227296632,-0.255454360532216,1.55983560610603,-1.32589577223363,-0.815070148467638,-3.11765524146168,-3.11765524146168,3.00812164325389,1.16593132039894,-2.01904295279357,2.17313385866556,0.689007248308636,1.9882902324389,2.92853420533554,3.48493265072765,2.87130617542818,-0.815070148467638,-0.591926597153429,-3.11765524146168,2.42360830369674,2.57607689734102,2.42360830369674,2.57607689734102,1.63593494964468,2.68295141783006,-1.61357784468541,2.68295141783006,-1.61357784468541,1.33669205479182,2.4372404524868,1.33669205479182,2.4372404524868,-2.42450806090174,0.942787769084735,-1.32589577223363,-1.03821369978185,-1.86489227296632,1.14502463557963,4.24625825994414,2.35671406886671,1.42563954080832,-0.0266127881033682,-0.866363442855189,1.60529798018279,0.0603985888862616,2.04713073246183,1.60084362983341,-0.121922967907693,-0.376815217536483,-2.20136450958753,-1.86489227296632,-3.81080242202163,-1.86489227296632,-3.81080242202163,1.68225902131892,2.48076671753669,1.68225902131892,2.48076671753669,-1.32589577223363,1.06439490117952,-1.50821732902758,0.0603985888862616,-1.50821732902758,0.479657019126762,-1.73136088034179,-0.478597911846425,-0.314294860555149,-0.719759968663313,0.408705283154477,-1.32589577223363,-1.86489227296632,1.43622165013886,-1.03821369978185
BR2002,KT00016,1.7026783468551,0.187973857504542,-2.18773350031847,-3.60911918124963,2.13388400655985,2.40424662981146,-0.627775645147736,-3.60911918124963,3.6049646672345,-2.98225587001281,2.68934770627915,1.086770884225,-0.296678524762662,3.14060236979981,-2.28910868945287,-1.94080199518465,0.524302027307168,-1.68297288588255,-0.539908834643609,-1.40671950925439,-0.713572328694449,-2.82810519018556,-0.252226762191828,1.41219328465963,1.40806956747576,3.34419171016491,3.0104578964956,1.84605786728949,3.00670554687705,1.38084275477555,-0.252226762191828,-2.69457379756103,0.153238345916336,-2.82810519018556,-1.11045369311122,-2.06596513813866,-0.0555164679457738,0.936411678134001,-2.10991877414125,1.10895705072695,-1.92759721734729,-2.62074439790724,-0.192996161959187,1.00803113213699,0.305995004159801,-1.08029935696009,0.305995004159801,-1.08029935696009,-1.77344653752003,0.757980127902859,2.44815980431299,-1.23445003678735,-1.52213210923913,-0.886143342519132,-2.62074439790724,3.43681995090527,2.398740511466,-2.62074439790724,3.66587423649123,1.97437545222735,2.3628622238011,2.8777890153113,4.01520215777941,2.38543654583964,-0.628314233217032,-1.15440732911381,-0.352060856588874,3.43759967804029,2.7909016539478,3.43759967804029,2.7909016539478,-2.10991877414125,3.30707012212429,0.999142184719747,3.30707012212429,0.999142184719747,1.04281724822241,4.09423486637708,1.04281724822241,4.09423486637708,-2.33306232545546,-0.108438773931123,0.675092468097091,-0.387152176400144,-1.77344653752003,0.802431890473692,0.934603663582176,-0.628314233217032,-0.541302856227402,-1.63991514489551,-2.33306232545546,-0.828984928679183,-1.92759721734729,-0.828984928679183,-0.500480861707147,-3.71935668657535,-0.628314233217032,-2.33306232545546,-1.32146141377698,-3.0262095060154,-1.32146141377698,-3.0262095060154,1.73596442878235,2.44606116765607,1.73596442878235,2.44606116765607,0.925034212566025,1.29127860752091,-1.77344653752003,1.0681350562067,-2.62074439790724,0.802431890473692,-1.63991514489551,1.20789699858186,-0.0557950404457014,-1.01130648547314,0.723294569914969,-0.541302856227402,-2.10991877414125,0.999142184719747,-0.583862470646198
BR2003,KT00015,1.22165598110149,-0.0998208799419309,-2.74307108781723,-3.37905985453722,2.37633067977756,1.90188526228634,-0.482534231066679,-2.35740860700524,3.56202273720291,-2.26761318949728,3.29903352098672,1.48840556745428,-0.475853720269226,2.96468307595296,-3.07854340571361,-2.51892761777819,0.808161791730247,-2.16225267383945,-0.751265700129192,-1.63162442277728,-0.439486076098351,-2.26761318949728,0.198601327278567,0.518768854874836,0.545797527262756,3.95826450118314,2.67164544175675,2.01520679509315,3.4287343066714,0.808161791730247,-1.03085056234835,-3.36622547816539,0.628912433973262,-1.2459619419653,-0.999101864033774,-2.16225267383945,-0.475853720269226,1.53904930027304,-2.69763703845425,-0.0585797088389957,-1.19355964167798,-2.29217193034609,0.164563842475214,1.16309267258634,0.0104131626479559,-0.905877569226199,0.0104131626479559,-0.905877569226199,-0.25529000308505,0.598199827550075,1.42140013635822,-2.00448985789431,-0.825834861552663,-1.44487406995889,-3.3907842190142,4.46048777809568,2.11860411761378,-0.25529000308505,4.2555695034318,2.38376732653021,1.37990040545147,3.05652164352701,4.49153069996607,1.88221533954955,-1.08819912602015,-1.7813463065801,-0.557570874957984,3.43900951849823,3.52889963083321,3.43900951849823,3.52889963083321,-0.682734017911989,3.16457267279647,0.393405414904062,3.16457267279647,0.393405414904062,1.28204461544771,3.93699631940743,1.28204461544771,3.93699631940743,-2.00448985789431,0.272777427115447,1.16309267258634,-0.0949473530098705,-1.19355964167798,1.27265487509787,2.07304758601141,0.0104131626479559,0.0432029854709467,-1.44487406995889,-2.69763703845425,0.298095235099737,-1.7813463065801,-0.299741765655884,-0.212730388666254,-3.3907842190142,-0.299741765655884,-1.59902474978614,-2.29217193034609,-2.69763703845425,-2.29217193034609,-2.69763703845425,1.48441310418695,1.49201770357217,1.48441310418695,1.49201770357217,-1.19355964167798,1.78536551355963,-1.19355964167798,1.86671115301358,-3.3907842190142,0.0432029854709467,-2.29217193034609,1.70296598179256,0.0749516837855268,-1.08819912602015,-1.31134267733436,-3.3907842190142,-3.3907842190142,0.598199827550075,-0.618195496774419
BR2005,KT00368,1.83094241893949,-0.378268603277097,-2.14703855428045,-3.62864309520467,2.51167239863567,1.49174306285071,-0.749444637906629,-2.93549591464472,4.00453292488771,-2.92897463717681,2.92495049590911,1.56190640240915,-0.318904844434807,2.07899042836356,-1.7051992055547,-2.92897463717681,0.18008632168418,-1.54268027605692,-0.709771153121819,-1.4473700962526,1.39117659377898,-2.92897463717681,0.359427250339997,0.0465549290596578,1.18843519797628,3.48448431999054,3.20442340581983,2.09884548167354,3.51420226920465,2.22431695732097,-2.23582745661687,-3.4398002609428,-0.0497761798787744,-2.23582745661687,-1.40291833368176,-1.49389011188749,-0.444067987388814,1.55515722043422,-2.5099597165552,1.18721854037343,-1.99913409278921,-3.60857200522331,0.0803074488906231,0.152628110470249,-0.082211480607152,-1.04362264776178,-0.082211480607152,-1.04362264776178,-2.91542482466337,0.610935699952793,0.945304886377228,-0.775358661167097,-1.21067673242494,-1.99913409278921,-2.5099597165552,3.79082607810804,1.94825605647622,-1.52913046354348,3.77106014738624,2.32101713816658,1.97867665317694,3.01682036278464,4.3521006031648,3.1152604355979,-0.612839731669322,-1.04362264776178,-0.517529551864997,2.90465810568899,2.0333350657148,2.90465810568899,2.0333350657148,0.748136821466278,3.36590690580173,-1.662661856168,3.36590690580173,-1.662661856168,0.550311078136359,2.71039610852312,0.550311078136359,2.71039610852312,-1.81681253599526,1.84246644834239,0.610935699952793,-1.52913046354348,-1.99913409278921,1.2892677947276,1.2892677947276,-0.142836102423587,-1.21067673242494,-2.5099597165552,-2.5099597165552,-0.56404956749989,-2.5099597165552,-1.30598691222927,-1.12366535543531,-3.60857200522331,0.0290141545030725,-1.04362264776178,-1.04362264776178,-1.52913046354348,-1.04362264776178,-1.52913046354348,1.12762644317118,3.14603209426465,1.12762644317118,3.14603209426465,2.48273787685438,1.8678915467082,-2.91542482466337,1.40206328887294,-0.142836102423587,-1.30598691222927,-2.5099597165552,0.880064364508827,-0.473077789294163,-0.56404956749989,1.97492430355839,-0.082211480607152,-0.775358661167097,0.485772556998787,-0.775358661167097
BR2008,KT00353,1.72172951962633,0.0038203570004592,-3.34357431866872,-5.28948446772403,2.54846444830125,1.99670724697835,0.231976450138213,-1.95727995754883,4.08764072189698,-3.26858138159977,3.08274054013825,0.62323891651086,0.362404094095268,2.51447427395094,-0.826234346230562,-2.70896559366434,0.0813227056748389,-1.94682554161745,-0.560531180497556,-2.70896559366434,1.05555127465521,-4.65487574271966,-0.783674731811766,2.7621038786615,1.95177444347856,3.43337898440277,2.72849240427273,0.990571154923581,3.40281845209593,2.59646924065256,-0.311070320865973,-2.70896559366434,0.86658517514259,-1.32267123254445,-2.16996909293166,-2.16996909293166,-1.51938152679051,1.20875543287844,-2.92111647164125,-1.21636837940283,-2.22796929108131,-3.6142636522012,-1.31167855920715,0.146936463492367,-0.0307447137450858,-0.395387827332995,-0.0307447137450858,-0.395387827332995,-1.53482211052136,1.40301618461373,3.79487279171893,0.214377744287899,-1.31167855920715,-1.66835350314588,-1.66835350314588,3.89342642561871,2.66237983714045,-0.52322119884288,4.04585066697273,1.60067210540779,2.93966975182462,2.00613721351595,4.33306137481527,3.5786705690146,-0.906213451098986,-0.906213451098986,-1.66835350314588,2.97190800265348,2.90192942384177,2.97190800265348,2.90192942384177,-0.841674929961415,2.88852639371443,1.19792070317122,2.88852639371443,1.19792070317122,1.72807059976362,3.36115027525476,1.72807059976362,3.36115027525476,-2.22796929108131,1.77936389415117,0.59042896718977,-1.66835350314588,-3.6142636522012,0.256937358706695,1.49772413615535,-2.22796929108131,-1.1293570024132,-1.82250418297314,-1.66835350314588,-0.0879031275850344,-1.21636837940283,-1.53482211052136,-0.569741214477773,-2.92111647164125,-0.318426786196867,-1.66835350314588,-2.22796929108131,-3.6142636522012,-2.22796929108131,-3.6142636522012,1.42268895021243,1.2299234342574,1.42268895021243,1.2299234342574,-2.51565136353309,1.34858097805871,-1.1293570024132,1.485602775623,0.31756198052313,0.729541769652488,-1.66835350314588,1.90719726566105,-1.1293570024132,-1.1293570024132,2.12552925997804,0.767762982472686,-0.906213451098986,-0.478769436272046,-0.906213451098986
BR2009,KT00334,2.34807745421788,0.296631520027471,-4.79711868077929,-2.85120853172398,2.93568884964273,2.02725498926379,-0.990456191008971,-3.00535921155124,4.0364898019116,-3.16685942269742,3.34587600603809,1.05753826777287,0.639803067072896,2.3809188034822,-2.65603379893143,-2.06824713402931,0.359501101918738,-1.62641438175027,0.211865103112673,-4.26547171136553,-0.171127149143433,-2.31956156231022,-0.205028700819114,0.88202276544792,2.11803492351847,3.56017302085446,2.35193126660894,1.92893367973914,3.68220685993603,1.21099184056598,-0.314227992784106,-2.1860301696857,-0.458809221595214,-2.47371224213748,-1.43225836730932,-2.06824713402931,0.27782307090447,1.40440921161499,-2.10543004433995,-0.719135683220062,-2.10543004433995,-3.20404233300806,-1.12460079132823,0.784941713556212,1.11344578052825,-0.564985003392803,1.11344578052825,-0.564985003392803,-1.25813218395275,1.70123244543037,1.90794545534848,-1.59460442057396,-0.806147060209691,-1.00681775567184,-2.10543004433995,3.95990435133449,1.85220347234025,-1.81774797188817,4.30199984551006,2.01631349207026,3.09674346165518,2.96137552122336,4.72580409673444,2.24699612055764,-0.564985003392803,-0.806147060209691,-3.20404233300806,3.21268994950426,3.13278339813838,3.21268994950426,3.13278339813838,0.197155048654093,2.62490328460215,-0.112999879649746,2.62490328460215,-0.112999879649746,0.95484075035161,3.32829195921429,0.95484075035161,3.32829195921429,-3.20404233300806,0.0917945329962671,0.624599063481033,-0.431453610768281,-1.25813218395275,0.856400677538357,2.03239962982189,-0.564985003392803,-0.901457240014016,-1.81774797188817,-3.20404233300806,-0.0259885026601164,-1.12460079132823,-0.495992131905852,0.0148334918601388,-3.20404233300806,0.379476605448048,-1.41228286378001,-3.20404233300806,-2.51089515244812,-3.20404233300806,-2.51089515244812,1.74471755737011,1.23860892348225,1.74471755737011,1.23860892348225,-0.495992131905852,1.74471755737011,-1.81774797188817,1.46878650145384,-2.10543004433995,0.747201385573365,-1.12460079132823,0.602620156762258,-0.370828988951846,-1.00681775567184,0.0917945329962671,-1.25813218395275,-2.51089515244812,1.33925244926194,0.0540542050134202
BR2010,KT00352,1.67739487054239,0.522793794810534,-4.08570418127023,-3.79802210881845,3.57566602503894,1.58302665532705,-1.49543701582441,-2.35110312588213,4.3713850860763,-2.49802050749156,3.83939502019218,2.25461137017299,-0.252593828337466,1.9393882730339,-4.00209790426784,-2.13029572736625,0.497711766062428,-2.13029572736625,0.1722893656278,-3.59663279615967,0.861582976871755,-3.30895072370789,0.806013125716945,1.25017552377879,1.37318050341633,3.43510846260346,3.44419543704683,1.15982683737464,4.00842767353107,0.100545460768959,-0.0702722715435113,-1.98719488372557,-1.00636563071385,-1.86203174077157,-1.47636925995958,-1.08432717218356,-1.1987375233613,1.46173390075777,-3.64856297411606,0.340421072448217,-1.45133839677984,-2.54995068544795,0.556129645274909,0.770277633680541,0.283262658608269,0.733463660557825,0.283262658608269,0.733463660557825,-2.95541579355611,0.79408828237426,2.28633122150353,-2.95541579355611,-1.25066770131769,-1.08361361665452,-1.856803504888,3.95981150026473,1.68897510558526,-1.34597788112201,4.81078921761033,3.17906626038679,2.29160827860437,2.18331950316746,5.04224733346399,1.13892876866599,-1.08361361665452,-1.34597788112201,-2.54995068544795,2.80977530922873,2.91388111957766,2.80977530922873,2.91388111957766,1.13892876866599,3.61406562685818,-0.0932149126266433,3.61406562685818,-0.0932149126266433,0.541091767910369,2.79238356651686,0.541091767910369,2.79238356651686,-1.56912143243622,1.1136109606817,0.828773840362149,-0.0932149126266433,-2.26226861299617,1.85269523642867,2.16854818584715,0.358770211116414,-0.815349630059841,-1.25066770131769,-2.26226861299617,-0.152055412649577,-2.03912506168196,-1.45133839677984,0.599932267933302,-2.95541579355611,-0.214575769630911,-1.56912143243622,-0.604040536392634,-2.54995068544795,-0.604040536392634,-2.54995068544795,3.19091346411279,3.06560755579341,3.19091346411279,3.06560755579341,-1.856803504888,1.5388228317247,-2.26226861299617,1.86082536251192,-2.95541579355611,0.976409839168214,-0.940512773013847,0.0403164799978794,-0.429687149247856,-0.0376450614718326,-1.45133839677984,-3.64856297411606,-3.64856297411606,-0.152055412649577,-0.122202449499896
BR2012,KT00530,2.41264192860538,-0.35084057206958,-4.12742560660262,-3.02881331793451,2.55593533916365,1.72189917334424,-0.726228224940467,-2.33566613737457,3.87849741780847,-3.06252844002632,3.11489686726815,1.52752810815172,0.371458764458823,2.35579171891641,-3.3502105124781,-2.36938125946638,0.0170853175083701,-3.75567562058627,0.304767389960151,-3.3502105124781,1.63111039394938,-2.25159822380999,-0.0921139744566219,-0.371285357240494,1.13090702484001,3.81399413652472,2.66023933454096,2.81800454637438,3.46360032032749,1.25828746360266,-0.8934747396568,-2.14623770815217,0.0509868691840514,-1.55845104325005,-1.61560945709,-2.25159822380999,1.1041367837754,1.44558003311864,-1.95243575923485,0.880777584821366,-2.17557931054906,-2.868726491109,0.175795946614418,0.329946626441676,0.309327339238941,0.672232832928309,0.309327339238941,0.672232832928309,-2.868726491109,1.25840789393609,0.4811775961656,-2.46326138300084,-1.48243212998911,-1.48243212998911,-3.56187367166895,4.0935169731572,1.59141792282883,-0.728660327612734,3.90549739524861,2.25820925868341,1.81340473601522,3.69371760258471,4.33393470541423,2.12848578265511,-2.868726491109,-0.996924314207413,-2.46326138300084,2.72784189924005,3.08061312969831,2.72784189924005,3.08061312969831,0.904034446985634,2.24024470370811,-1.2592885786749,2.24024470370811,-1.2592885786749,0.549000192504361,3.06484407758007,0.549000192504361,3.06484407758007,-1.36464909433273,1.36538001348825,0.0216452667871599,-0.0355131470527887,-1.36464909433273,0.794835155020642,1.41486007075162,-0.728660327612734,-2.17557931054906,-2.17557931054906,-2.868726491109,-0.127886467183804,-1.95243575923485,-0.728660327612734,-0.266036805664621,-2.46326138300084,0.24478881810137,-1.7701142024409,-0.383819841321004,1.63108317922126,-0.383819841321004,1.63108317922126,0.937935998661315,2.86623160101565,0.937935998661315,2.86623160101565,2.50655191657516,1.53187652913781,-2.46326138300084,1.39395338593231,-1.2592885786749,-0.0065256101795363,-1.2592885786749,0.937935998661315,-0.728660327612734,-1.36464909433273,-0.566141398114959,-2.17557931054906,-2.46326138300084,1.99108591325267,-0.266036805664621
BR2013,KT00356,1.3950415519332,0.283538653434016,-1.17089351285309,-2.96265298208115,2.9253722795469,1.4809028425396,-2.00124181492652,-3.44816079786285,3.4980937802699,-2.63713098348439,3.57772708369301,1.63605687115534,-0.216762854833959,2.18315058212065,-4.71657252516422,-2.31867725236585,0.591695172236981,-1.19021200054806,-0.399084411627914,-0.359863698474633,0.672499204652277,-2.15162316770269,0.0370176659421405,0.681590176353529,0.820761741854312,2.84506922042456,2.11105670933863,1.63605687115534,3.67278729474213,0.889229541131773,0.0370176659421405,-1.72084025161023,-1.19021200054806,-2.63713098348439,-1.45847598714274,-1.22006496369774,-0.152224333696388,0.977159613638475,-2.48977505907542,-0.122651444943804,-1.5089458060637,-3.58838734774353,-0.36951152287533,0.70207209340486,0.554747378648002,-1.02343799028199,0.554747378648002,-1.02343799028199,-1.19049207494516,0.911422322586734,1.73462263139488,-3.58838734774353,-0.221091517757057,-1.19049207494516,-2.89524016718359,3.3223634402184,1.32426753799252,-1.64247719868822,4.14222671832021,2.27808070918977,1.71988034965767,2.63814932154393,4.7765866306952,2.01003461125484,-0.0620268231273694,-1.79662787851548,0.768321478946061,2.46370182118089,2.40057406914633,2.46370182118089,2.40057406914633,0.7423459925428,2.84294373418995,-0.949330018128272,2.84294373418995,-0.949330018128272,1.01678283824456,3.06059720228125,1.01678283824456,3.06059720228125,-1.64247719868822,1.35325507486577,0.645719156853728,-0.59265507418954,-1.02343799028199,1.16520284336283,3.85351938030809,1.699879682951,0.922472158773319,0.538747037301561,-1.64247719868822,0.911422322586734,-1.02343799028199,0.645719156853728,1.06557300241399,-2.48977505907542,-0.221091517757057,-2.20209298662364,-2.89524016718359,-2.89524016718359,-2.89524016718359,-2.89524016718359,-0.64394836857709,1.23992638955877,-0.64394836857709,1.23992638955877,-1.28580225474949,1.57639862617998,-2.89524016718359,0.854263908746785,-2.48977505907542,1.16520284336283,-0.59265507418954,-0.0620268231273694,-0.330290809722049,-0.0918797862770507,-2.48977505907542,-3.58838734774353,-3.58838734774353,0.975960843724305,-0.698015589847366
BR2014,KT00537,1.85094676184862,0.309808479972495,-2.71548259582304,-3.40862977638299,3.29283906835136,1.61525074446329,-1.7599711507956,-3.40862977638299,4.22386824474885,-3.40240678810065,3.67593479145703,1.57432695431993,0.351011187150862,1.92384994713663,-1.16881456659355,-2.7092596075407,0.454807980832505,-1.36552486083961,0.343168009689836,-2.19843398377471,1.9335274420187,-2.89158116433466,-0.157213654915072,0.771980481794991,1.76996935508954,3.71290451885399,3.39404442132282,1.10109974411095,3.34008068865336,0.468794222807245,-0.440576066222336,-3.80787189620881,-1.24292253874727,-2.89158116433466,-1.66780573271254,-1.40997662341044,-0.890101164124531,1.42857006662114,-1.86008013731669,0.391211661289808,-2.55322731787663,-3.65183960654474,0.154822883225577,0.912508584923094,0.652225486659427,0.337144440019532,0.652225486659427,0.337144440019532,-2.9586924259848,1.20019065737487,1.60565576548304,-0.319635096369538,-0.761467848648578,-1.86008013731669,-3.65183960654474,3.57944739778287,1.68087918672063,-2.04240169411064,4.44892863652699,2.22309112430729,2.50725578194719,1.92789021944148,4.14298354563465,1.25343517189369,-0.516345390615593,-0.818626262488526,-1.3492545135507,3.58521941958,2.55473632018019,3.58521941958,2.55473632018019,-0.217852402059596,3.21509367791714,-0.186103703745016,3.21509367791714,-0.186103703745016,1.15218143818851,2.43265980653043,1.15218143818851,2.43265980653043,-2.04240169411064,0.678893733741589,0.154822883225577,-0.284543776558268,-2.04240169411064,0.691965815308942,1.80348150881296,-0.0683206680886325,-2.9586924259848,-2.55322731787663,-2.55322731787663,-0.707400627378302,-1.45461502920852,-1.70592945748943,-0.761467848648578,-3.65183960654474,-0.0683206680886325,-2.04240169411064,0.717608245922279,2.41889812145775,0.717608245922279,2.41889812145775,2.80649867680005,3.08512735145711,2.80649867680005,3.08512735145711,2.36187554949806,1.54665742472108,-2.04240169411064,1.35210669940072,-1.86008013731669,0.408603404001677,-2.9586924259848,-0.39374306852326,-0.818626262488526,-0.560797153186427,0.943280243589848,-1.3492545135507,-2.55322731787663,-0.0409216939005179,-0.707400627378302
BR2015,KT00377,2.14013934660996,0.0191980740233736,-4.05833936988235,-3.14204863800819,2.81119469627959,2.0307055055645,-1.86111479254613,-2.35359127764392,4.41385645560316,-2.59972682907311,3.39298693743531,1.64876841297625,0.218671429197967,2.69859053747493,-3.29287400963305,-2.88740890152489,0.331466923343312,-1.78879661285678,-0.850526974263849,-3.29287400963305,-0.179358700422679,-2.3765832777589,-0.179358700422679,0.233486514983108,1.17876478373052,3.89175514308426,1.90838164407185,2.6015288246318,4.70377986582955,1.25572582486664,-0.322459544063352,-2.3765832777589,-1.09564943229683,-1.58812591739463,-1.15280784613678,-1.90657964851316,0.0915162537127211,1.73429058641441,-2.91202153845861,-0.609436445464562,-1.52572717733872,-2.21887435789866,-0.832579996778772,0.521965666026538,-0.272964208843349,-0.609436445464562,-0.272964208843349,-0.609436445464562,-1.8134092497905,1.29267108093236,1.27763320356782,-2.21887435789866,-0.514126265660237,-1.8134092497905,-1.8134092497905,4.47258884471837,2.12493106395502,-0.832579996778772,4.36591703448705,2.60140720770637,2.03673835191956,3.66305430214101,5.76609931706391,2.32972547660103,-0.714796961122389,-0.832579996778772,-2.21887435789866,3.26799511519396,3.34564604942403,3.26799511519396,3.34564604942403,-0.272964208843349,2.05779176111739,-0.0216497805624433,2.05779176111739,-0.0216497805624433,1.03922218012282,3.67965219355005,1.03922218012282,3.67965219355005,-2.21887435789866,0.306854286409593,0.872168095459653,0.132500899264815,-1.30258362602451,0.894640951311712,1.99325323997982,0.346074999562874,-0.427114888670608,-2.21887435789866,-2.91202153845861,0.179020914899708,-1.12026206923055,-0.609436445464562,1.16551590544711,-2.91202153845861,-0.203971337356398,-2.21887435789866,-2.91202153845861,-2.21887435789866,-2.91202153845861,-2.21887435789866,0.455274291527866,-0.0788081944023919,0.455274291527866,-0.0788081944023919,-1.52572717733872,2.13140357846064,-1.8134092497905,1.97832758976315,-0.966111389403295,0.751540107671039,-1.30258362602451,-0.0216497805624433,-0.0788081944023919,-0.832579996778772,-0.427114888670608,-2.91202153845861,-2.91202153845861,1.16551590544711,-0.0216497805624433
BR2016,KT00388,2.1966310303367,0.135312492827279,-3.63744844526736,-3.41430489395315,3.48238943766956,1.88999454427243,-1.19510140989815,-3.63744844526736,4.17997568928005,-2.81056445046004,3.66178184404086,2.27703188477234,-0.339644042646782,2.20339863372889,-3.50371163101999,-2.65641377063278,-0.048447028087557,-1.04697585819868,0.596173111577728,-3.21602955856821,0.988663060822759,-2.992886007254,-0.0697244265348419,1.15341829389881,1.13101735720965,3.64016923349953,3.41531324022038,2.00702532347928,2.92007631169903,0.649949508358532,-0.368217415090838,-2.65641377063278,-0.773682523199003,-3.21602955856821,-1.07596339507194,-1.60659164613411,0.280478002898273,1.4567992758937,-2.22423086403056,-0.889229797298216,-2.0419093072366,-3.14052159590471,-0.466372946478182,-0.575572238443175,0.848462450659563,0.470396316739513,0.848462450659563,0.470396316739513,-0.943297018568492,0.429011100576659,1.83965449070684,-2.73505648779655,-0.889229797298216,-1.88775862740934,-3.14052159590471,3.45183777205813,1.59567685248978,-3.14052159590471,3.69035263874147,2.32964602756998,1.79034872972268,2.58632615168249,3.60176924334989,1.37033791061214,-0.278320714975243,-1.63644419912844,-2.44737441534477,3.02489625832671,2.61680164567952,3.02489625832671,2.61680164567952,-0.575572238443175,3.23705533079562,-0.0270062866943368,3.23705533079562,-0.0270062866943368,0.355985965561769,2.77027504813582,0.355985965561769,2.77027504813582,-2.44737441534477,0.829770317647411,-0.614792951596456,-0.120096709760349,-2.22423086403056,0.698930716688599,3.76272352759954,2.31906391823945,0.585171831331941,-0.0050273799755615,-1.63644419912844,1.48934120267375,0.260675785757444,1.02614362789702,1.18361106035027,-1.53108368347061,-0.889229797298216,-2.0419093072366,1.01836148745496,-2.22423086403056,1.01836148745496,-2.22423086403056,3.05286286606585,2.47624950176186,3.05286286606585,2.47624950176186,2.48349591028263,1.7573182040462,-3.14052159590471,1.06417102348625,-1.88775862740934,0.400437728132603,-1.88775862740934,-0.0050273799755615,-0.307308251848495,-0.837936502910666,-2.22423086403056,-3.83366877646466,-3.83366877646466,1.04913314612171,-2.73505648779655
BR2018,KT00569,2.19049984327458,-0.0988552609485848,-3.654203322438,-2.7787345850841,2.85962008424965,1.80962848258761,-1.57476178075816,-2.86574596207373,4.11255250119073,-4.00143716401313,3.23165717859788,1.58017767666886,-0.363851004286748,2.29290590242791,-3.08514643213898,-2.49735976723686,-0.0032364623439361,-1.4364878065516,0.254175545805088,-3.08514643213898,0.647749907391731,-2.20967769478508,-0.39051925136891,0.623535649271137,1.90392468404144,3.60519882737671,2.84231278499309,1.93345703160645,3.7026985501706,1.58954981649772,-0.63414133402666,-0.956914726289712,-1.00570489045914,-2.29668907177471,-1.55909012864393,-1.51653051422513,-0.63414133402666,1.46873045946156,-0.812817210265035,0.0428488997926857,-2.95288337376131,-3.64603055432125,0.0428488997926857,0.414412456225169,0.928680424182132,0.160631935449069,0.928680424182132,0.160631935449069,-2.03659264188715,0.68470278596508,1.65228681222679,-2.03659264188715,-1.8542710850932,-1.44880597698503,-2.25973619320136,4.14714379286795,1.57432527075707,-1.56658901264141,4.19388880569133,2.50457221412503,2.85525911621914,2.96061963187696,4.73808828286964,2.62306572938501,-0.387934016299769,-0.313826044146047,-2.03659264188715,2.94014110053342,2.97137242365323,2.94014110053342,2.97137242365323,0.772810053475347,1.85113767097195,-0.937980353219041,1.85113767097195,-0.937980353219041,0.414412456225169,3.23743203209184,0.414412456225169,3.23743203209184,-1.24813528152288,1.06349964699108,0.22517045658664,0.616649322720065,-1.16112390453325,0.658034538882919,1.42914326091258,-0.467976723973305,-1.16112390453325,-2.03659264188715,-3.64603055432125,-0.0625116158651406,-2.54741826565314,-0.812817210265035,-0.278734724334777,-3.64603055432125,-0.244833172659095,-1.70012040526594,-2.95288337376131,-2.03659264188715,-2.95288337376131,-2.03659264188715,1.16615380105117,3.53251492944245,1.16615380105117,3.53251492944245,0.897264227948753,1.57971611939195,-2.25973619320136,1.84290717183544,-1.3434454613272,0.414412456225169,0.0916390639621175,0.0428488997926857,-0.510536338392101,-0.467976723973305,-0.212043349836104,-1.44880597698503,-2.54741826565314,0.414412456225169,-0.601508116597828
BR2019,KT00582,2.16788701022299,0.557747589517399,-2.38669138964904,-4.40159441019131,3.07911586402237,1.26656088682174,-1.72744576076478,-2.79215649775721,4.23657670777783,-2.02977250476752,3.50097846000182,1.61437105550502,-0.851117508425877,1.75441712915074,-3.12838479343563,-1.87562182494026,0.88348354696223,-1.74209043231574,0.763435504674994,-1.80662895345331,1.06881715422618,-3.82153197399558,-0.387544769510432,-0.266183912506164,1.19905365095385,4.10939339848781,2.85743887378226,2.18973520040858,3.54522918002275,1.20563262205189,-0.801107087851215,-1.57024017538908,-1.14738332456905,-2.21209406156148,-1.87562182494026,-2.43523761287569,0.0496690369123129,1.20890594739686,-2.27684892773803,1.26411039629929,-1.17823663906992,-2.96999610829797,0.767673509985395,1.24213148958051,0.248879716570227,1.32728929792082,0.248879716570227,1.32728929792082,-0.955093087755709,0.0004183572717277,0.362208401877231,-2.27684892773803,-0.36730642285359,-1.02408595924266,-2.96999610829797,3.78693628094958,1.80912738481356,-1.58370174717808,4.26814147266797,2.18618149108894,1.83811492168681,3.02894045364871,4.38564499467628,2.05058951665145,-0.890554566618137,-0.955093087755709,-0.955093087755709,3.6606872773444,3.05466140616577,3.6606872773444,3.05466140616577,0.814193525620288,2.65582482488852,0.627316152290473,2.65582482488852,0.627316152290473,0.858645288191122,2.02721616546614,0.858645288191122,2.02721616546614,-1.71723313980261,0.362208401877231,0.755697318938679,-0.136782764241757,-2.96999610829797,0.463991096187173,1.69814887685151,-0.261945907195763,-2.05370537642382,-2.05370537642382,-3.66314328885792,-0.295847458871445,-1.26524801605955,-1.26524801605955,-0.330938778682715,-3.66314328885792,-0.955093087755709,-0.772771530961754,1.00029580525415,-0.829929944801703,1.00029580525415,-0.829929944801703,2.1082978342721,2.32330871642652,2.1082978342721,2.32330871642652,3.6339477163025,1.44884449949862,-2.56453100018981,0.961829524426353,-2.56453100018981,0.050428777846389,-0.718704309691478,-0.295847458871445,-1.02408595924266,-1.58370174717808,-1.4659187115217,-2.56453100018981,-3.66314328885792,0.901204902609918,-0.890554566618137
BR2020,KT00539,1.40410881433936,-0.208980958513514,-2.17335317040856,-3.22940584465788,3.28345327756533,1.70865875660354,-0.178948671414639,-4.2102350976696,3.60470289415596,-4.39521066730858,3.82384599375202,2.8909810473938,-0.811691728852471,2.54307381670838,-4.39521066730858,-2.19798608997236,0.358379523797784,-2.09262557431453,-0.8987031058421,-1.25971645137943,0.375473957157084,-2.31576912562874,1.00295203420917,1.01643538454646,0.679963147925246,3.91175519805999,2.84687169194838,1.87388561639768,2.75313507659149,-0.503390369197954,-0.681638600604273,-1.35068822958516,0.734688047614493,-3.29659837864047,-0.463385034584255,-1.50483890941242,0.0474405891817359,1.30857180734762,-2.41767372651611,0.774173425964176,-3.51628601518422,-2.82313883462427,0.827519406669469,0.375534282926411,-0.808235814082005,-0.571847036017775,-0.808235814082005,-0.571847036017775,-1.90684810275011,0.0672329232718948,1.84968999983764,-3.51628601518422,-0.743697292944434,-1.319061437848,-3.51628601518422,3.97088767902952,1.86361133835624,-2.82313883462427,4.13483416051848,3.32639726705421,1.34352638917746,2.66786287575327,3.57711861068455,0.333861586525843,-1.21370092219017,-1.5703758661289,-0.380791799255066,3.05878982541541,3.72722695948127,3.05878982541541,3.72722695948127,-0.625914257288051,2.90044626732811,0.853161837282806,2.90044626732811,0.853161837282806,1.15654281927769,3.15827537663021,1.15654281927769,3.15827537663021,-2.12999165406432,0.994573491332635,0.172593438929721,0.290376474586105,-1.43684447350438,1.88187668633354,3.83935508779004,2.58850721723077,0.610848369860876,-0.148990185197741,-1.5703758661289,1.51415190620822,-0.425243561825899,0.267903618734046,0.703221689991891,-2.41767372651611,-0.0822988106990689,-2.12999165406432,-1.319061437848,-3.51628601518422,-1.319061437848,-3.51628601518422,2.27977173558116,1.44655861507569,2.27977173558116,1.44655861507569,-2.82313883462427,1.79198168221699,-1.90684810275011,0.561251428721504,-2.82313883462427,0.197286051520093,-0.471763577460792,1.61361269973886,0.415539617540111,-0.625914257288051,-2.82313883462427,-3.51628601518422,-2.82313883462427,0.926365241306101,-1.319061437848
BR2021,KT00568,2.62874696863784,-0.0361637398037529,-3.25503956467195,-3.9481867452319,2.86599018679067,1.88662399183071,-1.26260939998175,-3.1008888848447,4.22152718727483,-2.57086281204342,3.1666307199551,1.701827158593,0.373576167123025,2.24595654583315,-4.51677296109873,-2.43733141941889,-0.0169632907684634,-0.905855048454504,-0.853211314969082,-2.72501349187067,1.4207632439837,-3.41816067243062,-0.422428398876628,0.570823374133655,0.959690590832782,3.60826613626902,2.44072440977822,2.9391037263931,3.91115176255933,1.84797779575318,-0.645571950190838,-2.43733141941889,-0.732583327180467,-2.57086281204342,-1.11557557943657,-1.80872275999652,0.446071669161179,1.54468395782929,-2.00297254128209,-0.68121670129977,-1.44335675334667,-3.38926690240198,0.274294743727667,0.439374494087115,-0.0934300363976508,-0.824317544940443,-0.0934300363976508,-0.824317544940443,-2.00297254128209,1.50108222581977,1.67332813062499,-3.38926690240198,0.1072406590645,-1.30982536072214,-2.29065461373387,4.04262501440582,1.82566885520701,-1.77982898996788,4.17341434431991,2.62932631209425,1.78121709263617,4.04321690551514,5.02943104226516,2.97376120113849,0.221651010242244,-1.44335675334667,-1.59750743317392,3.21060359681086,3.43619313385333,3.21060359681086,3.43619313385333,1.05338435408834,2.82133317462267,0.166081159087434,2.82133317462267,0.166081159087434,1.14333259075128,3.22277413243111,1.14333259075128,3.22277413243111,-1.77982898996788,2.27715978571045,0.371933213291582,-1.19204232506576,-2.29065461373387,0.705077659820121,2.09137202094001,0.599717144162294,-0.616678180162199,-2.29065461373387,-2.69611972184203,0.166081159087434,-0.991371629603609,0.324305164302328,0.371933213291582,-2.69611972184203,-0.298224449043664,-0.498895144505815,-2.00297254128209,-3.38926690240198,-2.00297254128209,-3.38926690240198,2.09553003108867,1.0766412162526,2.09553003108867,1.0766412162526,-2.69611972184203,2.19798175599827,-1.77982898996788,1.37290703239578,-2.00297254128209,0.481934108505911,-1.30982536072214,0.394922731516281,0.0119304792601754,-0.68121670129977,-3.38926690240198,-3.38926690240198,-3.38926690240198,1.57357772785793,-0.25377268647283
BR2022,KT00510,2.42517889033025,0.404975929653762,-3.42366546683533,-3.60598702362929,3.06756375667921,1.91866878512948,-2.81752966326502,-2.03737110571544,4.06816589765239,-2.83283058913513,3.53792619177699,1.38912509767961,-0.0094695415219292,2.40183675033645,-2.67867990930788,-1.98553272874793,0.736702107346236,-1.32875319235886,0.847680615308286,-2.83283058913513,0.0939088129319058,-3.01515214592909,-0.886920440079821,0.851873493568322,2.2159564709255,3.65637434219018,2.30296784791513,2.09924238245802,3.60278544847085,2.56759200035006,-0.795948661874094,-3.93144287780324,-2.22669478556482,-1.44653622801524,-1.25729422837671,-1.98553272874793,-0.267881231673597,1.17752831701387,-1.44023597338344,0.611034691329701,-1.8457010814916,-3.63746055071966,-0.804247206663442,1.08992726799268,0.440076893186061,1.55549630017055,0.440076893186061,1.55549630017055,-0.747088792823494,0.977659966121601,1.7561669956327,-1.69155040166435,-0.804247206663442,-0.9984032211044,-2.02802263828556,3.93914921625338,1.67080714668155,-0.641728277165667,4.4315687780553,2.27604245491861,3.10895157785372,3.06449981528288,4.57456525390378,3.54108493304404,-0.341623684715329,-0.111100026103497,-1.8457010814916,3.05833836633883,3.42129760179901,3.05833836633883,3.42129760179901,0.274562454708488,2.26790129733491,0.10020906756371,2.26790129733491,0.10020906756371,1.66085681582838,3.10659863559169,1.66085681582838,3.10659863559169,-2.25116618959977,0.191180845769437,0.905834231550346,-0.747088792823494,-2.02802263828556,0.10020906756371,2.05627158808304,-0.459406720371713,-1.33487545772561,-1.55801900903982,-2.53884826205155,-0.379364012698176,-1.44023597338344,-0.693021571553218,-0.592938112996235,-2.53884826205155,-0.929410349617448,-1.8457010814916,-2.94431337015971,-3.63746055071966,-2.94431337015971,-3.63746055071966,1.46848492318092,1.84317837262233,1.46848492318092,1.84317837262233,-2.94431337015971,1.23007389973592,-1.69155040166435,1.52159474849487,-1.07251119325812,0.191180845769437,-2.94431337015971,-1.23956527792129,-0.270164720733184,-0.9984032211044,0.0001256090067273,-0.804247206663442,-2.02802263828556,0.719248275969934,-0.305256040544454
BR2023,KT00562,1.90562662551795,-0.0885502645072014,-2.5734569142952,-3.75211191063685,2.74805099922095,2.54361523907014,-2.09388383403332,-2.74051099895837,4.0512210586219,-3.54994803398094,3.053544017402,1.33285388860543,0.577186351064154,2.93111850044141,-3.26226596152916,-2.85680085342099,0.042787559580097,-1.35272345664472,-0.358100881500656,-2.08361096518751,1.93346481624378,-3.26226596152916,-0.659576276084773,1.15355805272802,1.23197266375165,3.3571403560135,2.49268479970144,1.71962686370145,3.46096533710383,1.93623106973667,-0.934988255944739,-1.87597160040927,-1.60403788492562,-2.25066504985068,-1.35272345664472,-1.24736294098689,0.138931420132999,1.28897588243338,-1.52478106069142,1.7894049439811,-2.72875386501736,-3.82736615368547,-1.34245950389747,0.0012752428036258,-0.243847215229359,-0.189779993959083,-0.243847215229359,-0.189779993959083,-1.34245950389747,1.39838052002773,1.90920614379372,-2.44107179256558,-0.53152928768114,-2.03560668445741,-3.82736615368547,3.32019311750398,1.08528873205058,-1.4294708808871,3.32803014821127,1.66980207160773,1.89948159390173,2.42260908857401,4.22588499986363,2.72941220247257,-0.53152928768114,-1.88145600463016,-1.26241679622393,2.72371418135794,2.94227582316703,2.72371418135794,2.94227582316703,2.52874150701042,2.2751924409281,-0.163804507555823,2.2751924409281,-0.163804507555823,1.24780766154836,3.43104599690984,1.24780766154836,3.43104599690984,-2.72875386501736,0.943318470780196,-0.163804507555823,-0.495161643510265,-2.44107179256558,0.161617892878805,2.98167315235751,1.12846090391579,0.836072940426598,-0.569269615663987,-1.4294708808871,1.13547847657444,-0.495161643510265,0.362288588340957,1.20307176770697,-0.994152809629253,-0.831633880131478,-2.21792824125137,-1.05477743144569,-1.18830882407021,-1.05477743144569,-1.18830882407021,1.70996811333307,2.06978771395127,1.70996811333307,2.06978771395127,-0.994152809629253,1.56170557613103,-2.21792824125137,1.0554357689009,-3.13421897312552,-0.113794086981161,-1.05477743144569,-0.782843715962046,-0.53152928768114,-0.426168772023314,-0.393378949200323,-2.21792824125137,-3.82736615368547,0.960125589096577,-1.4294708808871
BR2024,KT00552,2.07883396317218,0.28080488093053,-3.50716547582764,-3.50716547582764,2.77821169348276,1.91631503367441,-1.77256442043953,-2.35448596588925,4.08721576672418,-2.13340640680688,3.04361213555227,1.96221938557127,0.425608215134843,2.36469239911976,-1.52030193392047,-2.90659629504036,0.543391250791227,-1.80798400637225,-0.523968494372779,-2.90659629504036,0.318924072546509,-2.90659629504036,0.228897920888789,-0.914166130350155,1.22053809000473,3.31366247489065,1.7908491670569,2.25437288035645,4.16143373047699,1.26779097485528,-0.604011202046315,-1.65383332654499,-1.17199523965225,-1.75391678510198,-1.44025922624693,-2.21344911448042,-0.0931855782803244,1.65427363205115,-2.19735381909655,0.785799672250584,-1.0186988227549,-2.48503589154833,-0.251443670041233,0.835192427580161,-0.325551642194955,0.105231273897499,-0.325551642194955,0.105231273897499,-1.79188871098838,1.54031579918682,0.0799134659132091,-0.405594349868492,-0.364772355348237,-1.79188871098838,-2.19735381909655,4.0207481685799,1.45330442219719,-0.944590850601179,4.09189782232141,3.01076527953334,2.09652442880063,3.36043902801309,5.2606881525325,2.37477651281334,-0.693276422320273,-1.18575290741807,-1.79188871098838,2.75494589798675,2.33793023942738,2.75494589798675,2.33793023942738,-0.693276422320273,1.86739027334926,-3.58364818021644,1.86739027334926,-3.58364818021644,0.760157241637247,3.32310659843212,0.760157241637247,3.32310659843212,-1.28106308722239,0.927211326300413,1.04132463306783,-0.0871406187499571,-1.79188871098838,1.34360550494077,1.17852575458132,-0.405594349868492,-0.811059457976656,-1.79188871098838,-3.58364818021644,-0.587915906662446,-1.79188871098838,-1.28106308722239,0.308172117894189,-2.89050099965649,-0.587915906662446,-1.09874153042844,-2.19735381909655,-2.89050099965649,-2.19735381909655,-2.89050099965649,0.308172117894189,1.80997936613592,0.308172117894189,1.80997936613592,0.423685005016034,1.80542354960006,-2.48503589154833,2.1689244586092,-0.0283001187270236,0.510696382005663,-0.539125742493014,-0.0572876556002759,-0.325551642194955,-1.09874153042844,0.527225683956874,-2.48503589154833,-1.79188871098838,1.02152200577165,0.177551935477125
BR2025,KT00342,2.30800712339246,0.176321182675102,-4.79695832487738,-3.69834603620927,3.1171111886265,2.55836323823155,-1.03575820918382,-2.59973374754117,3.97099358488604,-2.74101927499192,3.40080305370462,1.56574487518142,-0.661577733312083,2.9630964774544,-2.64570909518759,-2.1532326100898,0.303503162731504,-1.74776750198164,0.359073013886315,-4.35045718742602,0.327033660141698,-3.25184489875791,-0.636885120721712,1.07888844152842,1.73631753948629,2.97929250161549,3.13699657960848,1.97569228572908,3.23913151221579,1.7074971009508,-1.05462032142169,-2.1532326100898,-0.589257071732457,-2.1532326100898,-1.13158136255782,-1.23694187821564,0.26466332941524,1.46962574292634,-1.98321567864741,-0.265564181573078,-1.62654073470868,-3.92912582770272,0.275566791688241,0.780404373609609,0.655841650967847,0.899187909599577,0.655841650967847,0.899187909599577,-1.62654073470868,0.452900806971157,2.16894845446352,-1.53123055490435,-1.15653710546294,-1.03875406980656,-3.92912582770272,3.56419142115942,1.89687427967773,-1.03875406980656,4.3091467969303,2.53701889653489,2.74795763354441,3.06755566047381,4.33497993602623,2.81728630087065,-0.633288961698395,-0.0789782259926661,-3.23597864714278,2.55550940793253,2.37349314804218,2.55550940793253,2.37349314804218,0.946071495498427,3.16924981088806,-0.402765303086563,3.16924981088806,-0.402765303086563,0.82446436340364,4.01678377091041,0.82446436340364,4.01678377091041,-2.83051353903462,-0.191456209419356,0.624751063897816,2.35687226680614,-2.13736635847467,0.477593419561528,1.87299254767434,-0.402765303086563,-0.710250002834524,-2.13736635847467,-2.83051353903462,-0.671029289681243,-1.73190125036651,-0.671029289681243,-0.373777766213311,-2.83051353903462,-0.0789782259926661,-2.31968791526862,-0.191456209419356,-3.92912582770272,-0.191456209419356,-3.92912582770272,2.5070245406667,3.28611415102737,2.5070245406667,3.28611415102737,-0.495138623217578,1.85469935462701,-2.13736635847467,1.75104678131434,-2.83051353903462,0.0598582188615498,-1.03875406980656,0.525221468550783,-0.0171028222745786,-0.122463337932405,-0.240246373588788,-2.83051353903462,-3.92912582770272,1.37914186969848,-0.933393554148734
BR2026,KT00566,2.18226326982244,-0.293340987303249,-3.95690263343289,-2.41645759248575,2.74382847611492,2.83244441449894,-1.75967805609668,-3.66922056098111,4.33706366986338,-3.09159915370281,3.16319073435222,1.0904509889384,0.147079298461573,3.35808106689887,-2.17530842182865,-2.28066893748648,-0.288238772796272,-2.17530842182865,-1.91294415736116,-3.37928122615459,0.864440737142113,-1.83883618520744,0.096817463680685,0.0547059783305583,1.10183631116352,3.95265186986787,2.72327736845898,2.42685725513914,3.97187700027611,1.90730088417503,-0.76432144811839,-1.70530479258292,-1.18205664881837,-3.09159915370281,-0.922545453333284,-1.91294415736116,0.166497384318675,1.69589258907924,-2.13780211137543,0.570248089726777,-2.13780211137543,-3.52409647249532,-0.579657493328883,-0.15680064250885,-1.44465493081549,-1.73233700326727,-1.44465493081549,-1.73233700326727,-1.44465493081549,1.10087634078895,0.882622774768929,-1.22151137950128,-1.22151137950128,-1.3268718951591,-2.83094929193538,4.32678619231453,2.44971313937394,-2.42548418382721,3.98304460723228,1.87858090937696,1.86497525732118,3.36039017954746,4.91210355971138,2.8526304754033,-1.22151137950128,-0.751507750255543,-2.42548418382721,3.30461559914636,3.42863217212954,3.30461559914636,3.42863217212954,1.23807746230243,2.63921833153932,-1.12620119969695,2.63921833153932,-1.12620119969695,1.70165020121788,4.19369973851826,1.70165020121788,4.19369973851826,-2.42548418382721,0.570248089726777,-0.0275889110288436,-1.22151137950128,-0.885039142880065,1.05061450600806,2.0092930162322,-0.388602256566174,0.139465173634323,-1.73233700326727,-1.91465856006122,0.347104538412567,-0.885039142880065,-0.479574034771901,0.304544923993771,-2.13780211137543,-0.265999934473842,-0.885039142880065,-0.19189196232012,-2.42548418382721,-0.19189196232012,-2.42548418382721,2.09630439322183,1.65205326007851,2.09630439322183,1.65205326007851,-2.42548418382721,1.96484125366136,-1.57818632344001,1.73859371640956,-2.42548418382721,0.189475594208984,-0.751507750255543,-0.228259606490995,0.0312515889940898,-0.959147115033787,-0.579657493328883,-2.42548418382721,-2.42548418382721,1.12029442664605,-0.528364198941333
BR2028,KT00588,1.85327581098845,1.11342445612198,-5.3114445677834,-4.61829738722346,3.7184524824106,2.4932147292727,-0.916995413110965,-1.9792400576082,3.64760994693229,-3.16427142185418,4.08551205931985,2.0571649003579,-0.945067937799183,2.99313120279723,-4.77370933428828,-1.2772017728218,1.41043955664921,-1.59565550394033,-0.273899663958013,-4.77370933428828,0.313887000944106,-4.08056215372833,1.18212803517655,0.889251145847668,1.24000582175452,3.22697545022647,2.10564647017216,1.71853050073219,3.04753274923528,1.10682365211242,-0.198998355784895,-1.2772017728218,-0.379260179615839,-1.44150482411307,-0.923561732578219,-1.55483350942008,-0.119748984130755,1.40215793581748,-2.82796899139518,-0.15382034196865,-1.91167825952102,-3.52111617195512,0.796371941581186,1.74157401694976,0.216553446328244,0.370704126155502,0.216553446328244,0.370704126155502,-1.72935670272707,0.307525224533971,2.11723849737862,-3.52111617195512,-0.430073718596808,-0.024608610488644,-2.13482181083523,4.03531179748513,2.19919560465229,-0.302240347086924,5.27718754652985,3.17961493759269,2.38696676621381,2.95739347025344,4.29287950304767,2.35381455889691,-0.343062341607179,-1.3238915946189,-3.52111617195512,2.57695811021112,2.86069984545097,2.57695811021112,2.86069984545097,-0.343062341607179,2.62092123363223,0.0342318895342894,2.62092123363223,0.0342318895342894,1.76715085873941,4.13285300852365,1.76715085873941,4.13285300852365,-1.91167825952102,1.38415860648331,2.10650494173551,-1.72935670272707,-2.82796899139518,2.43472119750971,2.4999071773944,0.167763282158812,-0.18891166177992,-0.748527449715343,-2.42250388328701,-0.430073718596808,-1.72935670272707,-1.21853107896108,-0.748527449715343,-3.52111617195512,0.116469987771261,-2.82796899139518,-2.13482181083523,-3.52111617195512,-2.13482181083523,-3.52111617195512,0.192455894749183,1.30719756534718,0.192455894749183,1.30719756534718,-0.748527449715343,2.09928469376203,-2.42250388328701,1.56648016327726,-2.82796899139518,1.05359480654826,-0.024608610488644,0.873332982717314,0.329031429754934,-0.302240347086924,-2.13482181083523,-2.42250388328701,-3.52111617195512,1.1328441782024,-1.03620952216712
BR2029,KT00561,2.00118035480461,0.221895059801728,-3.88074830523507,-4.57389548579501,2.57051169452613,1.17867715303062,-0.0412959926417573,-2.08898883600701,4.61266435751577,-2.40153164026451,2.59680612602134,1.49368424684725,-0.75930390500742,1.4198369968955,-1.62834175203103,-2.58385319705847,0.317568397024284,-1.70838445970457,-0.26146547676824,-3.50014392893262,0.850134007426681,-4.19329110949257,0.249360146997751,0.516239091819768,1.73096468792197,3.89496361762987,3.96694138287512,1.36739052152296,3.41160337131905,1.61784988348413,-1.10224865613425,-2.11384956781273,0.33930838366069,-1.70838445970457,-1.70838445970457,-0.935194571471084,-0.861086599317362,1.69281292195759,-2.04064232909737,-0.335894236858948,-1.63517722098921,-3.42693669021726,0.633506320329155,0.0994238343988973,0.007050514267882,-0.382414252493841,0.007050514267882,-0.382414252493841,-1.63517722098921,0.007050514267882,1.2365024038948,-0.861987332755727,-0.861987332755727,-1.81749877778316,-2.73378950965732,4.03757314441926,2.20785291295199,-1.02904141741889,3.08629342069504,1.78799906739172,2.39906341716319,2.09452422764498,4.13885659221125,2.35380682557507,-0.942030040429264,-1.02904141741889,-2.73378950965732,3.10539760200509,2.62750265605211,3.10539760200509,2.62750265605211,-0.335894236858948,3.70316181990831,-1.22971211288104,3.70316181990831,-1.22971211288104,0.423210911492794,1.87138067633077,0.423210911492794,1.87138067633077,-2.04064232909737,0.91686873163642,0.504888942507062,-1.22971211288104,-3.42693669021726,1.01571456627305,1.91060138948405,0.580396495015207,-1.34749514853743,-1.34749514853743,-3.42693669021726,0.0994238343988973,-0.942030040429264,-1.02904141741889,0.357252943700997,-2.32832440154915,-0.208060865349063,-1.63517722098921,0.524307028364163,-2.73378950965732,0.524307028364163,-2.73378950965732,3.52196053209605,3.38870329985707,3.52196053209605,3.38870329985707,2.48114624795167,1.70296202470581,-1.22971211288104,1.59694383062901,-1.81749877778316,-0.335894236858948,-1.34749514853743,1.10566280293599,-0.942030040429264,-0.168840152195782,0.128411371272149,-1.22971211288104,-2.73378950965732,-0.0947321800420603,-1.02904141741889
BR2030,KT00600,2.5570721820939,0.910571544736789,-4.22228138208372,-3.30599065020956,3.65663153021342,1.79509454680877,-3.30599065020956,-2.71820398530744,4.63309686395741,-2.85648897543249,3.80579193175042,1.39438438902184,-1.31604393448534,2.00847807951785,-2.08329908719901,-2.45102386732433,0.873212473201701,-2.00919111504529,0.0245803898013603,-3.9551012641006,1.11380293811963,-3.03881053222645,0.481650270262527,1.58419957188998,1.77499851887297,4.02475119789389,3.63423455907002,2.2029364828332,3.17058399914286,1.31275689496273,-0.304443022806862,-1.70380946549411,-3.03881053222645,-2.45102386732433,-1.81503510060433,-1.60372600693712,-0.317515104374215,1.53796017923995,-3.05725395043127,1.38539730605905,-1.95864166176316,-3.75040113099121,0.219890782560909,1.16225375474484,0.567086982545097,-0.253893569524733,0.567086982545097,-0.253893569524733,-2.14096321855711,-0.418196620816009,2.46220496476031,-1.18545177352968,-1.18545177352968,-1.55317655365499,-3.75040113099121,3.90119444286639,2.29223170269117,-1.55317655365499,4.6334892131106,2.1217166584842,2.59347930313512,3.08478345515609,4.05588815827582,2.20802356203857,-1.11134380137595,-0.492304592969731,-3.05725395043127,3.40499517090552,2.9503299785566,3.40499517090552,2.9503299785566,-0.492304592969731,3.82261612506133,-0.0127315127078446,3.82261612506133,-0.0127315127078446,0.567086982545097,2.51869515271505,0.567086982545097,2.51869515271505,-1.55317655365499,0.844718719143377,0.931730096133007,0.078240265497882,-2.14096321855711,1.37949758393186,1.86272697539686,-1.042350929889,-1.67095958931138,-1.67095958931138,-1.8044909819359,-1.042350929889,-1.26549448120321,-0.977812408751432,-0.860029373095048,-3.75040113099121,-0.0615216768772767,-1.67095958931138,1.17685255416599,0.292650136843337,1.17685255416599,0.292650136843337,2.21830642899415,3.2953754458883,2.21830642899415,3.2953754458883,3.64838514442874,1.96662657041501,-1.44781603799717,1.03709061179083,-3.05725395043127,0.593404290862471,-0.805962151824772,-2.14096321855711,-0.917187786934997,-0.70587869326779,-1.042350929889,-3.05725395043127,-3.75040113099121,0.580332209295118,-1.44781603799717
BR2031,KT00563,1.77016509285419,0.611054692585517,-4.43237042433373,-2.7276223320953,3.1594912905562,2.45467181305087,-1.59915708027751,-3.17960745583836,3.94337440349813,-3.09104875350834,3.28805631679526,1.95495368442521,-0.269669867099123,2.814857905238,-2.75457651688712,-2.06142933632718,0.741931044579357,-1.60944421258412,-1.44239012792095,-4.00733948538249,1.77340403040984,-2.30259139314407,0.78845106021425,1.96008848389725,0.812942080222546,3.37789143768408,3.01061458589772,1.71297229122492,2.46732251837401,0.53062195091215,-0.557351939550904,-1.20397910447596,-1.17412614132628,-2.75457651688712,-0.986914599238129,-1.52243283559449,-0.382998552406126,0.886761992457813,-2.40211429650332,0.0827923532846758,-1.89128867273733,-2.80757940461149,0.673660684724203,1.18140464195279,-0.504994311617443,-1.55481643611612,-0.504994311617443,-1.55481643611612,-1.19814149217739,0.930090213671879,3.1456639296763,-1.55481643611612,-0.456204147448011,-0.861669255556176,-3.50072658517143,4.0850622365606,2.29836606928909,-1.70896711594338,4.4416356525029,3.04174537533537,1.83199220809393,2.89620307004471,3.65154227086111,1.71962923990689,-0.409684131813118,-1.4212850434916,-2.80757940461149,2.99151324984904,2.85364345562592,2.99151324984904,2.85364345562592,2.47815917972969,3.36620669929045,1.1340024030582,3.36620669929045,1.1340024030582,0.775939533844621,3.95051509981624,0.775939533844621,3.95051509981624,-1.55481643611612,2.00460495076093,1.30329445956182,-1.70896711594338,-1.10283131237306,1.98821114098525,1.35908581919024,-0.504994311617443,-1.30350200783521,-2.40211429650332,-2.40211429650332,-0.556287606004994,-1.4212850434916,-1.10283131237306,-0.861669255556176,-3.50072658517143,-0.242630047149952,-1.89128867273733,-2.40211429650332,-2.40211429650332,-2.40211429650332,-2.40211429650332,1.5681776170488,3.01842070276896,1.5681776170488,3.01842070276896,-2.11443222405154,1.28676515761061,-2.40211429650332,1.2088036161409,-2.11443222405154,0.642408141220098,-0.0042190237049541,0.025633939444727,0.212845481532874,-0.322672754823489,-1.4212850434916,-2.40211429650332,-2.80757940461149,0.816761528364876,-0.935777227709898
BR2032,KT00526,1.92681831927834,-0.0092589088607393,-3.60657116944919,-3.00043536587887,2.49337402065287,2.19201630692533,-0.898520968346975,-2.62574191643746,3.5283196821167,-2.73693249576223,2.98805218654458,1.2143112228192,-0.339037222963858,2.84870973658975,-2.60340110313771,-2.60340110313771,0.347595276574894,-1.63832020709412,-0.276123397553288,-2.89108317558949,-0.252025845974228,-2.28494737201917,0.441121334585718,2.1016144178201,1.24141315259699,2.98009520564399,1.87535515799473,2.16410049476784,3.2865150971988,1.62889216433537,-0.693858598253267,-2.73693249576223,-0.183032974487276,-1.91025392257776,-1.04525648509116,-1.84962930076133,0.0878419796481235,0.838618273044705,-3.4479409958572,-0.45220872230321,-1.50203084680189,-2.34932870718909,0.629596448048518,0.946508158815238,0.265631070847107,0.289728622426167,0.265631070847107,0.289728622426167,-0.115736485681997,0.895864425996483,3.2949396399347,-1.36849945417737,-1.65618152662915,-1.36849945417737,-1.50203084680189,3.6594844782535,1.68785744119306,-1.36849945417737,4.12661748834528,2.23563877148148,2.43538139263108,3.37643267418588,4.48657246802506,2.83991756430458,-0.403418558133778,-2.75479381529726,-1.65618152662915,2.76265908116745,2.48959520922523,2.76265908116745,2.48959520922523,-0.739890794754991,2.5851452259416,-0.312446779928051,2.5851452259416,-0.312446779928051,1.2248878386047,4.00562087578617,1.2248878386047,4.00562087578617,-2.75479381529726,0.741713746169224,0.786165508740058,-1.65618152662915,-1.05004572305883,1.67602298354606,1.81474919304768,-0.882991638395664,-0.67535227361742,-1.8385030834231,-1.14535590286316,-0.229065170989,-2.06164663473731,-0.356898542498885,0.240938458256735,-2.06164663473731,-0.739890794754991,-1.50203084680189,-2.75479381529726,-3.4479409958572,-2.75479381529726,-3.4479409958572,0.313259119836361,0.522350917694921,0.313259119836361,0.522350917694921,-1.25071641852098,1.27055787543789,-1.8385030834231,1.28825745253729,-2.34932870718909,0.541043050707073,-1.50203084680189,1.05186867447306,0.189645163869185,-0.614727651800985,0.66293286831611,-1.05004572305883,-2.75479381529726,1.32274362860846,-1.14535590286316
BR2033,KT00390,2.21301032007418,-0.106104074871077,-3.73044500784744,-2.81415427597329,2.52001274346845,2.00934790433179,-1.68275216448219,-2.22636761107117,3.81745216637074,-2.65564746169011,2.92596737899188,1.5264026809511,0.167713585923096,2.58962068376811,-2.83796901848406,-2.14482183792412,0.262123270394171,-1.67481820867838,0.756599756158632,-3.06111256979827,-0.242714311527197,-2.14482183792412,0.0412294388139764,0.932490422622296,1.33641825141157,3.77460950628403,2.58521733010984,2.3974085482901,3.00092692997931,1.75310224312453,-1.18931039289668,-2.50149678186285,-1.01341972643302,-1.557035173022,-2.50149678186285,-1.26935310057022,-0.116673590631832,0.860860766483041,-2.7330022603658,0.836530436115573,-1.63438997169769,-3.42614944092574,0.793358264250365,0.505676191798584,1.28338076038659,0.850516678090313,1.28338076038659,0.850516678090313,-1.81671152849164,1.18897107591552,1.92095808979173,-1.81671152849164,-0.787092111310483,-1.1235643479317,-1.22892486358952,3.52370701407503,0.836530436115573,-1.1235643479317,3.82590451092707,2.25743032641294,2.2368110392102,3.40688229186046,3.99861232089747,2.75179467312486,-0.653560718685961,-0.787092111310483,-2.03985507980585,3.02589951351148,2.45995459052441,3.02589951351148,2.45995459052441,-1.34670789924591,2.471004426711,-0.653560718685961,2.471004426711,-0.653560718685961,0.807957063671517,3.47759781665886,0.807957063671517,3.47759781665886,-2.32753715225763,-1.34670789924591,0.616901826908808,-2.03985507980585,-1.1235643479317,1.0624869288064,1.76680740996447,0.0703581205407382,-1.81671152849164,-1.81671152849164,-2.03985507980585,-0.430417167371751,-1.02825416812737,-0.941242791137742,-0.535777683029577,-2.32753715225763,-1.02825416812737,-3.42614944092574,0.129198620563672,-0.941242791137742,0.129198620563672,-0.941242791137742,0.380513048844578,3.02115642161547,0.380513048844578,3.02115642161547,3.99383048273609,1.1277274506748,-2.32753715225763,1.11714534134426,-1.48023929187043,-0.16805290290426,-1.48023929187043,0.0078377635594044,-1.48023929187043,-0.248095610577796,-0.248095610577796,-1.1235643479317,-2.7330022603658,0.904583899360589,-1.02825416812737
BR2034,KT00501,2.2194512847502,0.26824629781329,-4.72896597595082,-3.47620300745546,2.69817815745779,1.55889258421096,-0.0422158029703106,-2.24405932616282,3.74667578830718,-2.85464009000744,3.07646765655965,1.57276955051426,-0.49648514585858,2.06950317273538,-3.41425587794286,-1.85611125989631,0.329348475860324,-1.6224964087148,0.274623576171077,-4.1074030585028,0.872773028108743,-2.85464009000744,0.155276818538511,0.467307920000578,1.90875410119555,3.41715816778256,2.11418065365581,2.05906466459145,3.40275378773253,0.659035275081409,-0.156159339921377,-2.4979651460687,0.57934711447771,-1.6224964087148,-1.08697817235844,-1.91017848116659,0.169263060513251,1.35218245564135,-2.04941716735663,-0.400758541769245,-1.71294493073541,-3.65885507979073,-0.825641735734511,0.946315106197364,0.684950342062956,0.771961719052586,0.684950342062956,0.771961719052586,-2.27256071867084,0.645210013413442,1.58289193526892,-2.27256071867084,-0.886266357550946,-0.714416100624287,-2.04941716735663,4.03371456827718,1.65435089925106,-0.663122806236736,4.12186580632719,2.61213335206757,2.9888332937726,3.17847773489486,4.53149932397254,1.78788229187558,-0.480801249442782,-0.567812626432412,-2.96570789923078,2.20193114367514,3.36934635226728,2.20193114367514,3.36934635226728,1.5615007452876,1.96876603389991,0.418682364114992,1.96876603389991,0.418682364114992,1.52292847050136,2.96653728821723,1.52292847050136,2.96653728821723,-1.35626998679668,0.818481734687479,0.452018784382584,-1.35626998679668,-1.71294493073541,1.29697197781053,1.79646603556697,0.0788145384926411,-1.57941353811089,-1.35626998679668,-2.56024279112262,-0.103507018301314,-1.86709561056267,-0.567812626432412,0.0047065663389189,-3.65885507979073,0.169786316698368,-1.35626998679668,-1.35626998679668,-1.86709561056267,-1.35626998679668,-1.86709561056267,0.631604361357664,2.31495453207853,0.631604361357664,2.31495453207853,-2.27256071867084,1.95791601787584,-1.71294493073541,1.18533200666786,-2.04941716735663,0.985535819350645,-1.35626998679668,1.72104227374973,0.0547169869135804,-0.768483321894563,-1.35626998679668,-2.27256071867084,-2.96570789923078,1.31095821978527,-1.35626998679668
BR2035,KT00387,1.7657770747792,0.450275765650411,-3.79105098692034,-2.87476025504618,3.21019463514914,1.68750242993064,-0.279505548089314,-4.48419816748028,4.31576505202672,-3.27849374689034,3.56898060120687,1.48794458669388,0.171493798941249,2.04207422859252,-1.89219938577045,-1.89219938577045,0.43507831981397,-2.02573077839497,-0.233971309166915,-3.27849374689034,1.09095410557668,-2.36220301501618,0.410385707223598,0.276854314599075,1.42652177406747,3.26109220872733,3.94553106139549,1.43553084400984,3.51216576021555,1.71871852687378,-0.0596179220221375,-2.87302863878217,0.233051691940683,-3.97164092745028,-1.77441635011406,-2.17988145822223,-0.475133365983803,1.28063250059635,-3.09443287565268,0.371303027147048,-2.40128569509273,-3.09443287565268,0.124442949215522,0.797387422457948,0.163663662368804,-0.261219531596462,0.163663662368804,-0.261219531596462,-0.791847782658633,1.04870185073885,0.999911686569422,-1.01499133397284,-0.897208298316459,-1.01499133397284,-3.09443287565268,3.33367239703192,2.28084553203149,-3.09443287565268,4.38033930674519,2.18877085308531,2.20388449089536,2.28546447788778,4.37408039584366,2.57544804732784,-1.14852272659736,-1.48499496321858,-2.40128569509273,2.83515626773722,2.56155893516717,2.83515626773722,2.56155893516717,0.124442949215522,3.52564033087768,0.0836209546952674,3.52564033087768,0.0836209546952674,-0.0033904222943626,2.77203518128062,-0.0033904222943626,2.77203518128062,-2.40128569509273,1.26227595103691,0.339554328832468,-1.14852272659736,-1.48499496321858,1.2875937590212,1.65049925271057,-0.386382674550468,-1.48499496321858,-1.70813851453279,-2.40128569509273,-1.14852272659736,-1.70813851453279,-1.14852272659736,-0.791847782658633,-3.09443287565268,0.124442949215522,-1.70813851453279,0.569128770476968,-0.261219531596462,0.569128770476968,-0.261219531596462,3.77041490231818,3.58642180313754,3.77041490231818,3.58642180313754,1.51073731033541,1.41642663086417,-1.99582058698457,1.16824700138864,-1.99582058698457,0.817590129775468,-1.99582058698457,1.11025974373829,-0.897208298316459,-1.30267340642462,-0.149993896486238,-1.14852272659736,-3.09443287565268,0.402074685813802,-0.791847782658633
BR2036,KT00393,2.5074839190001,0.133519594124095,-4.32662481981374,-3.63347763925379,2.62849103052824,2.32752770036948,-0.292384181661344,-3.41033408793958,4.06579848464655,-3.0038725070888,3.05408178128802,1.4149681007078,-0.127486991167373,2.90012601423791,-4.39016686820869,-2.78072895577459,0.282661966253218,-1.90526021842069,-0.200512126182263,-3.69701968764874,1.47346430738941,-3.0038725070888,-0.347115600374138,0.872523320696197,1.70340290183645,4.08119178686375,1.74539802287305,2.73431139428474,3.38888177671687,0.600265718570048,-0.295822305986587,-1.17129104334049,0.337220950503653,-2.78072895577459,-1.55695352415247,-1.17129104334049,0.0641804280448198,1.77944386428277,-2.20320997600413,0.872565005223402,-1.91552790355234,-3.30182226467224,-0.662764935056977,0.687161781892039,0.649421453909192,-0.593772063570025,0.649421453909192,-0.593772063570025,-2.60867508411229,0.96085761236908,1.93992475038741,-3.30182226467224,-0.12376843432429,-1.69238435223813,-2.20320997600413,4.57898208000267,1.7286156567202,-2.20320997600413,4.0153901436876,2.40196020998397,2.65142106961555,3.80560320943847,4.46501827241328,1.66102236558767,-0.816915614884235,-0.529233542432454,-2.60867508411229,3.10340619335861,3.99729919803856,3.10340619335861,3.99729919803856,2.39862130871845,2.2355120023463,0.163913638127491,2.2355120023463,0.163913638127491,1.81016552368431,3.80314318359761,1.81016552368431,3.80314318359761,-1.10459768733602,0.435847353611133,0.569378746235655,-0.816915614884235,-1.91552790355234,0.741229003162315,1.96603589439109,-0.306089991118244,-0.306089991118244,-1.35591211561692,-1.91552790355234,0.589998033438391,-1.35591211561692,-0.21077981131392,-0.12376843432429,-3.30182226467224,0.411749802032072,-1.35591211561692,-3.30182226467224,-0.816915614884235,-3.30182226467224,-0.816915614884235,-0.662764935056977,-1.35591211561692,-0.662764935056977,-1.35591211561692,-3.30182226467224,2.5359081824937,-1.35591211561692,1.0289110756141,-2.60867508411229,0.792522297549865,-0.0829464398040347,1.42556555404011,-0.468608920616019,-0.0829464398040347,-1.35591211561692,-1.69238435223813,-3.30182226467224,1.15252503158127,-0.357383285505795
BR2037,KT00369,1.62399771498144,0.222134798621623,-3.86803439219,-2.95174366031584,2.79764932559241,1.35502048985749,-1.04963613391892,-2.2585964797559,4.12920833712769,-3.5688174042849,3.0909037745379,1.679959516703,0.237845085485423,1.70589009662401,-2.87567022372495,-3.28113533183312,0.450564119463749,-1.0839107544969,0.0239181892761376,-3.28113533183312,1.40330803504948,-2.36484459995896,0.770649615970189,0.0053991415089,1.05941805463419,3.88164968732555,3.56713530031413,1.48742840106341,2.82588755590914,0.670108386748312,-0.447921987776899,-2.36484459995896,-0.46273707356204,-1.67169741939902,-1.53193547702386,-0.75540668752486,-0.310720866263414,1.14071279702744,-2.38676590460851,1.77989931919322,-2.67444797706029,-2.67444797706029,0.431632353662565,0.0981407451794902,0.138962739699745,0.3212842964937,0.138962739699745,0.3212842964937,-3.7730602657284,1.13221451271003,0.811907212942171,-1.98130079650035,-0.5541844408602,-2.38676590460851,-1.82715011667309,4.19664331755025,2.74313281031456,-1.2881536159404,3.26308822802214,2.01076491660134,1.75239267340338,2.27431191331788,3.66355699950583,1.56447781397292,-0.189541327272291,-0.882688507832236,-2.38676590460851,3.08760340571989,2.90904833172141,3.08760340571989,2.90904833172141,-1.69361872404856,3.86272659566718,-0.371862884066245,3.86272659566718,-0.371862884066245,0.832109920259691,1.57879786774767,0.832109920259691,1.57879786774767,-1.69361872404856,-1.2881536159404,0.3212842964937,-1.69361872404856,-1.47047517273436,1.66501904319479,3.31534851294699,1.42543676553742,-0.77732799217441,0.337813598444911,-1.47047517273436,1.57404726498907,0.337813598444911,0.118760032382226,0.811907212942171,-3.7730602657284,-0.82862128656196,-1.2881536159404,2.23820690867576,-1.69361872404856,2.23820690867576,-1.69361872404856,1.30211354950543,2.88109225445482,1.30211354950543,2.88109225445482,1.96994292208108,1.61143479706069,-2.1636223532943,0.55767307455793,-3.7730602657284,0.446447439447706,-1.47047517273436,0.431632353662565,-0.637566049799251,0.138962739699745,-2.67444797706029,-3.7730602657284,-3.7730602657284,0.583648560961191,-1.20811090826686
BR2038,KT00339,2.01079776174045,0.268022273912783,-3.67549939857473,-3.08771273367261,2.72076336765371,2.19492682015619,-1.06542960583273,-3.205495769329,3.83962728394594,-3.44512865646469,3.27509149867061,1.40429404404785,0.138390281991421,2.85136660142969,-2.9343030326987,-3.44512865646469,0.473538891682125,-2.0588342953448,-0.0778328264782154,-2.9343030326987,-0.651920647022173,-2.34651636779658,0.323793505322783,1.82787090209906,1.22770017799722,3.5904333270051,3.11117610271552,2.29359186955279,3.26376909708339,0.405018945245369,0.100649954008574,-2.9343030326987,-0.324233239956692,-2.46429940345296,-0.906154785406413,-1.54800867157881,0.346608183088955,1.43767326612168,-3.4343991064796,0.0919614181365637,-2.33578681781149,-2.74125192591965,0.149119831976512,0.770293512911368,-0.176302568458116,0.692735278565494,-0.176302568458116,0.692735278565494,0.457421191631029,1.24773212064462,2.84786764041641,-1.8249611940455,-0.726348905377388,-2.33578681781149,-2.74125192591965,4.10781435671381,1.86890580157948,-1.64263963725154,4.26770523357145,2.34015243906481,2.17507268870536,3.38233677411537,4.36412394714561,1.51436078389857,-0.949492456691597,-0.489960127313157,-1.8249611940455,3.43357530249069,2.83280144206176,3.43357530249069,2.83280144206176,-1.64263963725154,3.41466717615386,0.535892807072524,3.41466717615386,0.535892807072524,1.55603348029914,3.83591377959943,1.55603348029914,3.83591377959943,-3.4343991064796,-0.102194596304394,0.960050048192841,-0.0004119019944514,-1.23717452914338,1.43313534397598,2.06685910406513,-0.138562240475269,-0.869449749018061,-1.8249611940455,-2.33578681781149,-0.0671032764931237,-1.35495756479976,-0.438666832925607,-0.389876668756175,-3.4343991064796,-0.601185762423382,-1.8249611940455,-0.601185762423382,-3.4343991064796,-0.601185762423382,-3.4343991064796,2.70978652764605,2.66367517568664,2.70978652764605,2.66367517568664,-1.13181401348555,1.79670951037499,-1.35495756479976,1.77508704636182,-3.4343991064796,1.20999179266177,-1.8249611940455,0.785108598696509,0.203187053246788,-0.438666832925607,-2.33578681781149,-3.4343991064796,-3.4343991064796,1.45595002174216,-0.601185762423382
BR2039,KT00383,1.34218785345949,0.115067315577455,-2.75030314011329,-3.24277962521109,2.41480024374782,1.9681957311818,-0.878500963211701,-2.64494262445547,3.67627520902498,-2.97129898042406,2.90603656120615,1.30338104062037,0.97994473815737,2.45302151232771,-3.12544966025132,-2.02683737158321,0.313899487375216,-1.69833330461117,-0.474557872989054,-2.02683737158321,0.33506429856726,-2.519313856681,0.106671391366906,1.50441313832715,1.06672715120782,3.10141633556638,2.59322142689864,1.40894034367573,3.41124193733999,1.95698936597392,-0.244380295017464,-3.30777121704527,-0.155035194681614,-1.92147685592538,-0.727554387452945,-1.69833330461117,-1.33369019102326,0.789901135269505,-3.71035265557813,0.0032194111261761,-1.76444250652282,-2.61174036691002,-0.213845094111651,0.620380684708199,-0.574858439648982,0.432782070813401,-0.574858439648982,0.432782070813401,-2.61174036691002,2.18680121205861,2.70146561213177,-1.91859318635008,-1.91859318635008,-0.819980897681967,-2.10091474314403,3.8115065966235,2.51618401370933,-1.07129532596287,4.01938267580692,2.3672895877709,2.1977302825908,2.59043313908511,4.60472435171597,3.15866179508757,-0.491476830709931,-0.877139311521916,-0.819980897681967,2.90972055095222,2.30580450412022,2.90972055095222,2.30580450412022,0.332698612256418,2.81320965057138,0.160848355329759,2.81320965057138,0.160848355329759,2.31551331824718,3.30894399813691,2.31551331824718,3.30894399813691,-1.31245738277976,0.934038243563241,0.924376332651504,-2.10091474314403,-1.31245738277976,1.31352786526814,1.68327489077423,-0.126833717122022,-0.819980897681967,-1.40776756258409,-2.10091474314403,-0.343056825591658,-1.51312807824191,-1.00230245447592,-0.0994347429339073,-2.61174036691002,-0.619310202219816,-1.51312807824191,-0.574858439648982,-1.76444250652282,-0.574858439648982,-1.76444250652282,0.593712437626038,2.53187060987703,0.593712437626038,2.53187060987703,-2.32405829445824,1.17999647264362,-1.76444250652282,1.1099289100269,-2.32405829445824,0.962476178883774,-2.10091474314403,1.05182127921962,0.479302086448294,-0.491476830709931,-0.714620382024141,-2.32405829445824,-3.71035265557813,-0.126833717122022,-1.51312807824191
BR2040,KT00394,0.901277692185935,-0.582698525269251,0.921378871507022,-4.09424396410027,2.77632852375415,1.83733787340633,-1.84295216549378,-3.40109678354033,3.48466847755019,-3.78487705755418,3.51322969172607,2.02626393542252,-0.507732324562007,2.77615360834239,-1.99311758832613,-3.37941194944602,0.275565952992236,-2.68626476888607,-1.48229196456014,1.92389295861306,0.830243459287076,-3.09172987699424,0.973014215451572,2.2065874895538,0.491789061461872,3.25258982794961,2.3836871023666,1.49068332187124,3.55010482131763,0.381788166247544,-1.70543551587435,-1.99311758832613,-0.840438078387743,-2.39858269643429,-0.74035461983076,-1.76997403701192,-1.14581972793892,1.44355418152969,-3.23083600637275,-0.665886648911214,-2.5376888258128,-3.23083600637275,0.324512055116663,0.681186999055396,-0.591778676757492,-1.28492585731744,-0.591778676757492,-1.28492585731744,-1.62139809393865,0.739455907179371,3.43993031447312,-0.74592935658475,-1.62139809393865,-2.13222371770464,-2.5376888258128,3.91357117394839,3.00553358383095,-1.28492585731744,4.65449323290044,3.11830298500705,1.65196591621362,2.72240732791503,4.78548189213066,1.60544590057873,-1.4390765371447,-1.84454164525286,3.17108119035443,2.79261158658828,3.1235340344246,2.79261158658828,3.1235340344246,-2.13222371770464,2.60980565100065,0.943551263522887,2.60980565100065,0.943551263522887,1.54828748673878,3.90882432959217,1.54828748673878,3.90882432959217,-1.62139809393865,2.03702215269058,0.880037857800561,-0.0119601815045496,-1.84454164525286,2.22020244719295,2.38229210001532,0.912298720018782,-0.0527821760248049,-1.28492585731744,-1.15139446469291,-0.0527821760248049,-1.28492585731744,-1.28492585731744,-0.928250913378705,-3.23083600637275,1.00327049822451,-1.62139809393865,-3.23083600637275,-3.23083600637275,-3.23083600637275,-3.23083600637275,-1.84454164525286,0.136459823613724,-1.84454164525286,0.136459823613724,-2.5376888258128,1.83175902665422,-1.28492585731744,1.66700379357816,-1.28492585731744,-0.458247284132969,-0.74592935658475,0.406750153353635,0.506833611910618,-0.52278580527054,0.101368503802453,-1.84454164525286,-3.23083600637275,0.101368503802453,-1.4390765371447
BR2041,KT00516,1.55507027935565,-0.421982517055518,-1.2860874957591,-2.47325318176866,2.13966469101026,1.51778636397771,-1.83726441504866,-3.41771479060951,4.22378106589783,-3.57324864781258,2.51276821623663,1.16294980058192,-0.341127596194358,2.11823629903322,-2.59241939480085,-3.57324864781258,-0.0666907504925974,-1.49380710613274,-0.183224566748549,-0.594323492574969,1.61413715802818,-1.78148917858452,0.371564180438558,0.991099543655257,1.22529293115605,3.55818337364543,3.76021000151871,1.55071533159068,3.66883371144438,1.93883510823707,-1.06094302383646,-2.88010146725263,-1.14550041186453,-2.72595078742538,-2.27396566368232,-0.800659925572798,-0.720617217899261,1.33449222312104,-2.33308874130395,2.14708495450945,-2.62077081375574,-3.71938310242385,-0.352087272437372,0.0648065314944156,0.0182865158595229,0.151817908484045,0.0182865158595229,0.151817908484045,-2.10994518998975,0.611350237862486,1.91182867939752,-1.63994156074401,-1.15443374496231,-2.62077081375574,-2.62077081375574,3.8618267237725,2.25442650944542,-2.10994518998975,3.3229030695159,1.92606379521939,1.96419666491484,2.47909561406846,4.5966726179408,2.87776259946281,-0.5413292720759,-1.4167980094298,0.358154341481874,2.74052135195369,2.48315241476408,2.74052135195369,2.48315241476408,-0.387178592248642,2.60676637073125,-0.285395897938699,2.60676637073125,-0.285395897938699,0.0182865158595229,2.47297938705103,0.0182865158595229,2.47297938705103,-2.62077081375574,-0.135864163967735,0.192639903004301,-1.01133290132164,-0.829011344527681,1.3240420144954,1.36821323280854,-0.253647199624119,-1.63994156074401,-1.63994156074401,-1.92762363319579,-1.08032577280859,-1.92762363319579,-1.15443374496231,0.0182865158595229,-2.62077081375574,-0.583888886494696,-2.62077081375574,2.37869117974239,-0.774944123257405,2.37869117974239,-0.774944123257405,1.57893426412419,4.41449778552536,1.57893426412419,4.41449778552536,2.75450759392843,0.999115768871249,-2.62077081375574,1.8678655559764,-1.23447645263585,-0.108465189779621,-1.92762363319579,-0.193022577807684,-1.32148782962548,0.151817908484045,0.407751282621246,-1.52215852508763,-3.0262359218639,0.231860616157582,0.130764499286213
BR2042,KT00545,2.04274992142319,-0.120898360379423,-3.53157448599612,-3.53157448599612,2.71895217618359,2.19945251076664,-0.913136443583599,-2.48175236149744,3.61778152907928,-2.97257434239674,3.24103325569187,1.4402239509439,-0.48766769260874,2.86903583805479,-1.67329135826648,-1.87396205372863,0.0314567339719461,-1.99174508938501,-0.231734318471539,-2.81842366256948,0.400452162298719,-2.81842366256948,0.16291987353241,1.2018129274989,0.988238827200838,3.46677602870336,1.5066546202335,2.42634222270741,3.16118516816213,2.0729990030608,-0.515838569575436,-2.56710923428858,-0.199985620156959,-1.7686015380708,-1.67329135826648,-2.27942716183679,-0.110373461467272,1.01331851159786,-1.59260585024513,-1.03299006230971,-1.88028792269691,-2.97890021136502,-0.206311489125242,0.335285793307503,0.438826472248343,-0.175539830458488,0.438826472248343,-0.175539830458488,-1.47482281458875,0.604618727091087,2.26019779552304,-0.581004938566652,-1.18714074213697,-0.781675634028803,-1.72613724286965,3.58424984776571,1.44594642049179,-1.10709803446343,4.21215254175107,2.41699748352188,1.88478066977457,3.50344232169925,4.21215254175107,3.12812267637723,-0.899458669685187,-0.838834047868752,-1.72613724286965,3.49035010543075,3.26914266314341,3.49035010543075,3.26914266314341,-0.627524954201545,1.47544708488849,0.0168320621889681,1.47544708488849,0.0168320621889681,1.61621963876957,3.84492983267935,1.61621963876957,3.84492983267935,-2.28575303080508,1.04645147937013,0.532645227465998,1.22579240802594,-1.72613724286965,1.25520629323224,1.6750601387925,-0.493993561577022,-0.781675634028803,-3.67204739192497,-1.88028792269691,-0.838834047868752,-2.28575303080508,-0.627524954201545,-0.581004938566652,-2.28575303080508,-0.536553175995818,-2.57343510325686,-1.47482281458875,-2.97890021136502,-1.47482281458875,-2.97890021136502,1.05534042678737,-0.0344612321985823,1.05534042678737,-0.0344612321985823,-2.97890021136502,1.21830173629679,-1.88028792269691,1.39685681029526,-0.453171567056767,0.576447850124391,-1.47482281458875,0.892300799542868,-0.581004938566652,-1.18714074213697,0.849741185124072,-0.206311489125242,-1.2741521191266,0.981912958232555,-0.536553175995818
BR2043,KT00541,2.31626682199636,0.280254838243856,-3.63176816718429,-3.63176816718429,3.25578440448033,1.01582273468775,-1.09279429612601,-3.1209425434183,4.60914437450461,-2.99484950318709,3.48940398020073,1.06559350735933,-0.619943748613415,1.18720063945412,-2.43523371525166,-2.30170232262714,0.328386337005356,-1.74208653469172,0.0255753829572756,-3.28253157563887,1.46818091563988,-3.28253157563887,0.129715642209872,1.25006791751439,1.89737755985887,3.79045561603849,2.90778383021428,1.69190066979343,4.10145788233964,1.86302303635676,-0.979946482644822,-2.30170232262714,-0.743557704580592,-2.77170595187288,-2.07855877131293,-1.38541159075299,0.183204327160859,1.54043455533684,-2.10980949162331,-1.70434438351514,-2.10980949162331,-3.4961038527432,-0.238007314721718,0.546947415091351,0.58143359116252,-0.318050022395254,0.58143359116252,-0.318050022395254,-1.09820857994483,0.265096262950363,2.0722406510179,-1.55019370368789,-1.19351875974915,-1.41666231106336,-3.4961038527432,4.18314757320986,1.95063351892311,-1.8866659403091,4.22480139919358,1.75616957530343,2.71047207398173,2.52976212108211,4.9487336764809,2.72647241532817,-0.857046523127941,-1.55019370368789,-2.39749156407509,3.01117385964181,2.87379713008503,3.01117385964181,2.87379713008503,1.2400945956513,2.831832930986,-0.318050022395254,2.831832930986,-0.318050022395254,0.56433915780322,1.78201080648732,0.56433915780322,1.78201080648732,-1.70434438351514,1.88839121004589,0.435721779981126,-0.723515130503418,-2.39749156407509,1.01475565377365,2.36182930174026,-0.662890508686983,-1.8866659403091,-1.8866659403091,-1.41666231106336,0.375097158164691,-1.19351875974915,-0.451581415019777,0.847701569110484,-2.39749156407509,0.192775601370737,-2.10980949162331,-3.4961038527432,-2.39749156407509,-3.4961038527432,-2.39749156407509,0.946547403747117,2.82825510963811,0.946547403747117,2.82825510963811,0.860604973946392,1.64555970375946,-1.0111972029552,1.48062988967738,-0.857046523127941,-0.0949064710810442,-1.41666231106336,0.141482306983186,-1.19351875974915,-0.500371579189208,1.14828704639817,-1.19351875974915,-2.80295667218325,1.06824433872464,-0.500371579189208
BR2044,KT00533,1.92264281934463,-0.249090791196626,-3.83814991002835,-3.36814628078262,2.81780510838977,1.95669129557482,-0.557238694240698,-2.45185554890846,3.76734200184754,-2.74827896201008,3.37390051521285,1.41949306876684,-0.194379440735128,2.63095984689018,-2.12923975360386,-2.74827896201008,0.0153410902469412,-1.92160038882561,-1.03062746493575,-3.08475119863129,0.282544631355182,-2.61474756938556,0.81114242486697,0.0933026317166531,0.858770473856225,3.38077124805047,2.54502586271441,2.34283850362088,3.63038973407146,1.55385376344304,-0.616651667159673,-2.90242964183734,0.196160017156361,-1.6984568375114,-1.08327119842117,-2.20928246127739,0.323090725749532,1.52441100862634,-3.02361853114633,1.10351585389876,-1.77085556265096,-2.61815342303817,0.154435299201613,0.290567473526193,-0.883552367650062,-0.581271495777129,-0.883552367650062,-0.581271495777129,-3.71676571170628,0.783043958623987,1.07072603107577,-1.15181635424474,-1.77085556265096,-1.77085556265096,-1.77085556265096,3.7448746805023,0.857945266797104,-1.23185906191828,4.0722746899512,2.10923439567417,1.71695629184796,3.27900044459857,4.56748608591564,2.50977095758119,-0.944176989466497,-1.41418061871223,-2.10732779927218,2.28217085024041,2.73528324273095,2.28217085024041,2.73528324273095,-0.772326732539838,2.65484613552558,-2.10732779927218,2.65484613552558,-2.10732779927218,0.714051087137035,3.44408019495802,0.714051087137035,3.44408019495802,-2.61815342303817,-0.538711881358333,0.0209039065770901,-0.625723258347962,-1.63732417002644,1.78856582422608,2.91259754173117,0.487926907684688,-0.497889886838077,-0.944176989466497,-3.71676571170628,0.600722401830032,-1.07770838209102,0.13338189000378,0.898354805134981,-1.92500624247822,-0.349469881719804,-3.02361853114633,0.725885544784038,-2.61815342303817,0.725885544784038,-2.61815342303817,1.46501783858581,2.53513817145961,1.46501783858581,2.53513817145961,2.18313164187621,1.82056855531226,-1.92500624247822,1.64452645400315,-1.00871551060407,0.360771732199441,-1.92500624247822,1.17358341651548,-0.105847799062054,-1.23185906191828,0.442117371653394,-1.77085556265096,-2.33047135058639,1.30051412510865,-1.07770838209102
BR2045,KT00557,2.88255923054506,-0.275453848919441,-4.70627064776275,-3.31997628664286,2.63715558138461,2.2512267231142,-0.251923351509247,-3.60765835909464,4.39034095888509,-2.63967502150544,2.83007146067013,1.35300588694016,-0.0594581919131109,2.62715167795123,-2.45735346471148,-2.30320278488422,-0.611526774213151,-1.35874117604337,0.0413465072088546,-4.24911293393954,-0.420471537450441,-2.86281857281965,0.250696736390729,-0.693764872450123,1.62018397919424,3.96562289944277,2.58284063162632,2.99010203984027,3.75324661231317,2.43549879372839,-0.638195021295312,-2.45735346471148,0.205234362313971,-3.15050064527143,-1.35874117604337,-1.94652784094549,0.787839668474093,1.76460222210327,-1.51376683269254,-0.907631029122227,-1.6960883894865,-3.3055263019206,0.305391610723627,-0.309794028366607,0.737524965913953,-0.472312957864381,0.737524965913953,-0.472312957864381,-2.61237912136065,0.884128440105828,0.220834222695564,-1.51376683269254,-0.214483848562282,-1.35961615286528,-2.20691401325249,4.49872508160751,2.22390278559083,-3.3055263019206,3.62399046884305,2.07896876086849,2.3882058368821,3.90010887448977,4.66624982096003,3.36270194649681,-0.415154544024433,-0.740576944459061,-3.3055263019206,2.89700921526733,3.02775332621909,2.89700921526733,3.02775332621909,-1.00294120892655,2.36435462105992,-1.22608476024076,2.36435462105992,-1.22608476024076,0.305391610723627,3.50461614819454,0.305391610723627,3.50461614819454,-2.20691401325249,-0.0866504770523967,-0.472312957864381,-2.20691401325249,-1.91923194080071,1.19428336840967,1.7943401259036,-0.415154544024433,-0.472312957864381,-2.20691401325249,-3.3055263019206,0.957153575120718,-0.740576944459061,0.544621299789461,0.821608083124494,-1.00294120892655,0.190981259545883,-2.20691401325249,-1.91923194080071,-3.3055263019206,-1.91923194080071,-3.3055263019206,1.19428336840967,2.32568547990077,1.19428336840967,2.32568547990077,1.48196544086145,1.88743054896961,-0.740576944459061,1.8984803851562,-1.00294120892655,0.305391610723627,-1.51376683269254,1.14882099433291,-0.415154544024433,-1.00294120892655,0.0956710797415579,-1.6960883894865,-3.3055263019206,1.73142630049303,-0.309794028366607
BR2046,KT00564,2.18056201245069,0.276324559795941,-1.93784957585405,-3.58650820144143,3.40245833296553,2.09843118541329,-2.42335739163575,-3.40418664464748,3.39412572295328,-2.85429191984673,3.87242098383983,1.98040142441961,-0.0692806776083945,2.75810599300762,-3.77058265172089,-2.67197036305278,0.734767198984992,-0.635088435791738,-1.75567963117862,-1.20563329425935,-0.0942819798138119,-2.85429191984673,1.97242053608859,-2.26650525494461,0.701056141642681,2.39378423026456,3.64579582747204,2.11829530661199,1.44163201577374,-1.8987804748193,-0.571909534170207,1.87839158644032,-1.69114111004105,-2.67197036305278,-1.28567600193289,1.21302396998745,0.340291212452423,1.24669718509404,-1.92042446079692,0.507323775151129,-1.40959883703093,-3.01903674946503,1.02401451836952,0.852164261442858,-1.40959883703093,-0.621141476666662,-1.40959883703093,-0.621141476666662,-3.01903674946503,1.37541240520741,-0.821812172128813,-2.32588956890509,1.18565586992593,-1.22727728023698,-2.32588956890509,3.69755802405595,-1.63274238834514,-1.40959883703093,5.18754686485572,3.18753917725989,1.6156922387646,3.54763568033821,2.87811711817171,-0.454087392003496,0.809604647024063,-1.92042446079692,0.239059788556449,1.07530781275707,0.951255164087089,1.07530781275707,0.951255164087089,-0.454087392003496,4.96372095254608,-2.32588956890509,4.96372095254608,-2.32588956890509,1.00631494127012,4.13009484909237,1.00631494127012,4.13009484909237,-2.32588956890509,-0.939595207785197,1.79314760590738,0.0720057038932835,-1.40959883703093,3.4171136189044,3.16922737361756,1.33767207722456,-0.821812172128813,-0.534130099677032,-3.01903674946503,-0.534130099677032,-1.40959883703093,-0.534130099677032,-1.63274238834514,-3.01903674946503,-0.534130099677032,-0.821812172128813,1.07530781275707,-3.01903674946503,1.07530781275707,-3.01903674946503,1.1553505204306,2.7647884328647,1.1553505204306,2.7647884328647,-1.63274238834514,2.4490233916701,-2.32588956890509,0.787625740305287,-3.01903674946503,0.872783548645594,3.32308466925612,-0.246448027225251,0.159017080882913,2.65771705280325,-3.01903674946503,-3.01903674946503,-3.01903674946503,1.78498429526822,-1.92042446079692
BR2047,KT00520,2.12404830046556,0.423771987618524,-2.96523012094981,-4.26451310508007,2.87197010351017,1.03546954078702,-0.920474137257867,-2.27208294038987,3.96704037129635,-2.84829977013425,3.21182425955944,1.25316225985671,-0.437501092499974,1.4223961818953,-3.40791555806967,-2.3963146463912,0.731243019942218,-2.08615971808736,0.21642537490669,-2.3963146463912,0.499094905534927,-3.69559763052146,1.0665763042763,0.983442404033091,1.41236600753536,3.49155550132476,2.65354136085834,2.11454486012566,3.50083922124555,1.65626050295461,-0.699865356967465,-1.96099657513335,-0.351558662699249,-1.70316746583125,-1.61615608884162,-1.84977094002313,0.0341038181127357,1.20224216942946,-3.12755729199019,0.536004354139457,-1.87479432349482,-3.12755729199019,0.0294431291599237,0.690155033966715,0.306429912494957,0.667931897182005,0.306429912494957,0.667931897182005,-0.93033271465397,0.536004354139457,1.88307800210607,-2.43441011143024,-1.62347989521392,-1.42280919975176,-2.72209218388203,3.97658680099734,2.04576358438316,-0.876265493383694,4.03948058492203,2.04292670304796,2.24308073613747,3.0586513319103,4.44030531347369,2.61704717718627,-1.11265427144792,0.0504965383577561,-1.42280919975176,2.9523759031054,2.56111154485596,2.9523759031054,2.56111154485596,1.12093795005917,2.26151443782631,-0.386717268064989,2.26151443782631,-0.386717268064989,0.645203646104449,1.98743801743031,0.645203646104449,1.98743801743031,-1.62347989521392,-0.294343947933973,1.15602926987044,-0.824972198996144,-2.72209218388203,2.04008175091573,2.14287487106831,-0.562607934528653,-2.02894500332208,-0.987491128493919,-1.87479432349482,0.111121160174191,-1.42280919975176,-0.419507090887979,0.256832971355585,-3.12755729199019,0.204647218185015,-2.43441011143024,-1.62347989521392,-1.33579782276213,-1.62347989521392,-1.33579782276213,1.84917645043038,2.5728862814005,1.84917645043038,2.5728862814005,-0.776182034826712,1.4675625581444,-2.21126656011603,1.08457030588829,-1.87479432349482,0.273640089671966,-0.987491128493919,0.621946783940182,-0.642650642202189,-0.876265493383694,0.523100949303549,-1.7412629308703,-3.12755729199019,1.00760926475217,-1.42280919975176
BR2048,KT00523,2.12387727408082,-0.477699091169044,-2.9842985655683,-3.28968021511949,2.69874400057562,1.35608336783386,-0.666047355829859,-2.46300164193502,3.70202222713141,-4.4338767549915,3.27520723739511,1.44525860714256,0.475094885328253,1.93688002592062,-2.64211728576345,-2.41897373444924,0.0146396209512118,-2.08250149782803,-0.542056456880876,-2.18258495638501,1.6908066359027,-2.48796660593619,0.896423657409585,0.818396673055127,1.25140224810014,3.18756335576813,3.40426938024357,2.44804776395611,3.04089542740637,1.58349917390098,-1.25582292464356,-4.02841164688334,0.135666253353437,-1.66128803275172,-2.13129166199746,-1.63051637408497,1.10148706803974,0.791869918721699,-3.41571974842574,0.22186641130065,-3.41571974842574,-4.10886692898568,0.496303257002411,0.260580923481341,-0.196843923557535,-0.217046630875054,-0.196843923557535,-0.217046630875054,-0.525347990529571,1.49325189189402,1.73177472838772,-1.62396027919768,-1.80628183599164,-1.40081672788347,-2.16295677993037,3.56667907355217,1.73467748804568,-0.850770390964199,4.1007135544899,2.23676943184291,2.17713116552318,3.43757934476034,4.02706584301921,2.58940112512973,-1.06434449126226,-0.741571098999207,-1.16442794981924,3.08331512972756,2.0523403927094,3.08331512972756,2.0523403927094,-0.32467729506742,2.56443103878197,-1.11313465543169,2.56443103878197,-1.11313465543169,1.75476424661242,2.48005954854784,1.75476424661242,2.48005954854784,-2.72257256786579,0.934558187933566,0.285582225686758,-1.11313465543169,-1.46980959937042,1.91458066397535,2.52839110229878,-0.258719327275622,-1.27565358492946,-1.54391757152414,-2.72257256786579,-0.0658156611511306,-1.40081672788347,-0.0835152382505315,0.234938492868003,-2.31710745975763,-1.01782447562737,-2.31710745975763,2.15262475533536,1.11148889609264,2.15262475533536,1.11148889609264,0.670256564125849,4.13019840278359,0.670256564125849,4.13019840278359,0.167799190030375,1.23346732297913,-2.72257256786579,0.77393499360069,-2.02942538730584,-0.23766591807779,-3.01025464031757,1.1538232599192,-1.11313465543169,-0.612359367519201,-0.525347990529571,-2.31710745975763,-3.01025464031757,2.1196440746055,-1.40081672788347
BR2050,KT00623,1.9959289672484,0.0106264164824239,-2.98510585707157,-3.27278792952335,3.1774191614804,1.51331395896964,-1.66335001708925,-3.11863724969609,4.34259254919939,-1.95838975172545,3.60140391119858,1.06015719959471,0.588648679169552,1.74005915340463,-2.22075401619295,-2.73157963995894,0.111389879042645,-2.73157963995894,-1.05760320638726,-2.44389756750715,0.121051789954382,-2.73157963995894,0.526516898062546,0.936246404957168,0.624155367626462,3.44912690678757,2.37638399809788,2.21125255078596,4.25913715973755,2.49147524208855,-0.809767042482683,-2.12544383638862,-1.12214172752484,-2.57742896013168,-1.12214172752484,-1.81528890808478,0.20404870952535,1.14654181379353,-1.81570692881406,0.417885292693029,-1.04251704058058,-2.50885410937401,-0.0811058734259584,0.106105668662188,-0.834877675802339,-0.774253053985904,-0.834877675802339,-0.774253053985904,-1.4102418207059,1.50452139031442,1.78160533177438,-1.30488130504807,-1.52802485636228,-1.81570692881406,-3.60746639804212,3.65164973005498,1.7106535958021,-1.99802848560802,3.94424581730919,1.54582519645566,1.35537823221779,3.04539663131123,5.15000274342863,3.39286806223311,-1.81570692881406,-1.30488130504807,-1.52802485636228,2.74690364275523,3.12950055995974,2.74690364275523,3.12950055995974,0.153733717651443,2.43278831323529,0.774560236631762,2.43278831323529,0.774560236631762,1.17165709506941,2.10626640746725,1.17165709506941,2.10626640746725,-2.91431921748217,0.263734612865771,0.0034515146021045,1.72525239522325,-1.81570692881406,1.44238960920742,3.53772973695505,0.503407466131192,0.304556607386026,-0.311629532037791,-1.4102418207059,0.486878164179981,-1.30488130504807,0.597226221348846,1.27533552454425,-1.12255974825412,-0.663027418875679,-1.81570692881406,-3.60746639804212,-3.60746639804212,-3.60746639804212,-3.60746639804212,0.597226221348846,1.76781200964205,0.597226221348846,1.76781200964205,-1.99802848560802,1.6020197547993,-2.50885410937401,0.799252849222133,-0.968409068426861,0.106105668662188,-1.20957112524375,-0.206269016379964,-0.206269016379964,-0.89941619693991,-0.173479193556973,-1.81570692881406,-2.91431921748217,1.11992142067022,-1.4102418207059
BR2051,KT00602,2.06475974519682,0.121590074699613,-4.05663597150319,-3.65117086339503,2.95073837250766,2.10720500986535,-0.307131895572819,-2.95802368283508,3.72866921103667,-3.9379054405661,3.53431101134794,1.83197683579463,-0.536708058903941,2.86337759390552,-3.24475826000615,-2.43382804378982,0.510610935376619,-2.43382804378982,-0.02588243513795,-3.24475826000615,-0.456665351230404,-2.83929315189799,0.941101411051723,2.19332104891704,1.54689149292456,3.70725311023052,3.42378759997498,2.36928183914919,2.2767026578561,-0.26160476865902,-0.224333373861788,-2.14614597133804,0.50474581592422,-2.14614597133804,-0.824390131355722,-1.92300242002383,0.274222157312388,0.701666172139328,-2.48300735110269,0.369624078810631,-2.88847245921085,-1.9721817273367,0.708839801377595,0.681060237270519,0.608035102255629,-0.0262715782813827,0.608035102255629,-0.0262715782813827,-1.63570949071548,0.512724922451304,3.22852281034434,-2.19532527865091,-0.942562310155538,-1.38439506243458,-1.9721817273367,3.86904115644074,1.8694188137949,-2.19532527865091,4.48897390017872,2.72829863845572,2.49831355532479,3.39472843067695,3.31608530335784,0.787828212696225,-1.38439506243458,-1.0967129899828,-2.19532527865091,3.37872808933051,2.6893687920875,3.37872808933051,2.6893687920875,-1.0967129899828,3.77274269065068,-0.49057718641248,3.77274269065068,-0.49057718641248,0.849197159072517,3.82569807069862,0.849197159072517,3.82569807069862,-1.78986017054274,0.247021756718299,0.961675142499207,0.31020065833983,-1.78986017054274,1.99053439240697,2.0204991811089,-0.585887366216805,-0.74840629571458,-1.50217809809096,-1.50217809809096,0.0018992986853135,-1.18372436697243,-0.285782773766467,-1.27903454677675,-3.5816196397708,-0.585887366216805,-2.19532527865091,-1.50217809809096,-3.5816196397708,-1.50217809809096,-3.5816196397708,2.44182795319024,3.23402035030354,2.44182795319024,3.23402035030354,3.15771698758638,1.30872948845096,-1.78986017054274,0.179580475922766,-2.88847245921085,0.825099607493457,-1.0967129899828,1.55417879727947,0.225042849999523,-0.873569438668586,-2.88847245921085,-3.5816196397708,-3.5816196397708,1.32365513866763,-0.585887366216805
BR2052,KT00599,2.21037085242025,0.238581255377121,-3.26922586134329,-4.25005511435502,2.88217616117511,1.4369202419848,-0.0604003723285935,-2.95077213022476,3.76240496729439,-2.93041336604274,3.2690810945694,1.6697442781218,-1.28818563078565,2.00525888958006,-3.1127349228367,-2.15722347780926,0.448311159767352,-0.532518093244374,0.114109071680678,-2.64273129359096,0.436882463943729,-3.62356054660269,0.600837143867609,-0.137205356600228,1.78361122485743,3.31051204069682,3.46901316937199,2.21514124595288,2.42617290862927,0.353000979963027,-0.404684721734489,-1.88895949121458,0.566094195423736,-2.32427756247243,-1.67765039754738,-1.22566527380432,-0.340146200596918,1.61818646845695,-2.94840571001248,0.290272742151901,-1.84979342134437,-3.64155289057243,0.548101851454,0.963617295415666,0.383798800162724,0.62112698646889,0.383798800162724,0.62112698646889,-2.94840571001248,-0.207565686087279,0.901741891697579,-2.03211497813832,0.119647225121137,-1.07660353311089,-2.94840571001248,3.68161782737104,2.43379314051626,-1.33896779757838,4.25127263567869,2.56904718645223,2.69527284057402,3.28109100090346,3.48854561955315,1.4336209246614,0.548101851454,-1.00249556095717,-1.56211134889259,2.60067037488274,2.47654430746892,2.60067037488274,2.47654430746892,0.401498377262125,3.41806473771896,0.418890119973994,3.41806473771896,0.418890119973994,0.880235686476615,2.89078140164992,0.880235686476615,2.89078140164992,-1.44432831323621,0.943414588098147,0.606942351476934,0.047326563541511,-2.54294060190432,1.68145708856598,1.83491066135909,-0.0862048290830116,-1.56211134889259,-1.56211134889259,-2.25525852945253,-1.33896779757838,-3.64155289057243,-0.868964168332644,-0.933502689470215,-3.64155289057243,-0.309348380397221,-2.25525852945253,-0.808339546516209,-2.94840571001248,-0.808339546516209,-2.94840571001248,1.71030524290364,3.8229569440641,1.71030524290364,3.8229569440641,2.74026312683367,2.12988823255759,-2.03211497813832,1.68145708856598,-2.54294060190432,0.675935222963885,-0.808339546516209,1.64671414012211,-0.597030452849002,-0.145045329105945,-1.33896779757838,-3.64155289057243,-2.94840571001248,0.740473744101456,0.250267407538201
BR2053,KT00625,1.39690630177161,-0.219844257508775,-0.999169134309773,-3.81257985106981,2.35073495296483,2.13893038053114,-2.42628548994992,-2.60860704674387,4.17991414431457,-2.35976476672159,2.81153058738744,0.628799017353784,0.367153918684998,2.63066782005714,-2.00308982278286,-3.2070626271088,-0.499012426006588,-2.10845033844069,-0.131287645881271,-0.393651910348762,1.71291829871933,-3.2070626271088,-0.298341730544437,1.57206086600273,1.1707886361546,3.59236477498771,3.40048805442267,1.09248778574084,3.31552024703294,2.52087030777969,-0.262623647942358,-3.2070626271088,-1.82076826598891,-2.00308982278286,-1.36123593661047,-1.90777964297854,-1.08679909090871,1.04143261494056,-3.32850301719203,3.13140143718551,-1.38259286813672,-3.32850301719203,0.0726943644701265,-0.193008801262879,-0.237460563833713,0.455686616726232,-0.237460563833713,0.455686616726232,-1.24906147551219,1.34432581726988,2.52369946258245,-1.02591792419798,-2.22989072852392,-2.22989072852392,-2.22989072852392,4.00843389651559,1.45898872559002,-1.24906147551219,3.66817847098451,1.28661749964923,1.9237704108546,2.02335511628404,4.2593142028014,3.47832634320015,-1.13127843985581,0.409166601091339,0.583519988236117,3.14538767916025,2.41128989498721,3.14538767916025,2.41128989498721,1.26661683294256,3.17428702872359,-2.22989072852392,3.17428702872359,-2.22989072852392,1.46728752840471,2.26620836240981,1.46728752840471,2.26620836240981,-2.63535583663208,0.765841545030072,-0.237460563833713,-2.22989072852392,-2.22989072852392,0.678830168040442,1.60597091593866,-1.02591792419798,-2.22989072852392,-2.63535583663208,-2.22989072852392,0.282414895452195,-1.53674354796397,-0.930607744393658,0.563317280918598,-0.620452816089819,-1.24906147551219,-1.24906147551219,-0.555914294952248,2.11823435447428,-0.555914294952248,2.11823435447428,0.432697098501533,3.90711612387472,0.432697098501533,3.90711612387472,1.77136341063217,0.934176859849286,-3.32850301719203,1.49981072011027,-1.24906147551219,0.714548250642521,-2.22989072852392,-0.843596367404029,-0.384064038025589,-0.930607744393658,-0.332770743638038,-1.71906510475793,-3.32850301719203,-0.109627192323828,-1.53674354796397
