feature_name,modality,source_column,rationale
freq.L1_b_cell,cell_type_freq,AIFI_L1_clr_pseudo,AIFI L1 cell type frequency (CLR with pseudocount). Coarse resolution (9 types); retained for optional high-level comparisons. Included.
freq.L1_dc,cell_type_freq,AIFI_L1_clr_pseudo,AIFI L1 cell type frequency (CLR with pseudocount). Coarse resolution (9 types); retained for optional high-level comparisons. Included.
freq.L1_erythrocyte,cell_type_freq,AIFI_L1_clr_pseudo,AIFI L1 cell type frequency (CLR with pseudocount). Coarse resolution (9 types); retained for optional high-level comparisons. FLAGGED FOR POTENTIAL EXCLUSION: non-immune / progenitor type; discuss before BN fitting.
freq.L1_ilc,cell_type_freq,AIFI_L1_clr_pseudo,AIFI L1 cell type frequency (CLR with pseudocount). Coarse resolution (9 types); retained for optional high-level comparisons. Included.
freq.L1_monocyte,cell_type_freq,AIFI_L1_clr_pseudo,AIFI L1 cell type frequency (CLR with pseudocount). Coarse resolution (9 types); retained for optional high-level comparisons. Included.
freq.L1_nk_cell,cell_type_freq,AIFI_L1_clr_pseudo,AIFI L1 cell type frequency (CLR with pseudocount). Coarse resolution (9 types); retained for optional high-level comparisons. Included.
freq.L1_platelet,cell_type_freq,AIFI_L1_clr_pseudo,AIFI L1 cell type frequency (CLR with pseudocount). Coarse resolution (9 types); retained for optional high-level comparisons. FLAGGED FOR POTENTIAL EXCLUSION: non-immune / progenitor type; discuss before BN fitting.
freq.L1_progenitor_cell,cell_type_freq,AIFI_L1_clr_pseudo,AIFI L1 cell type frequency (CLR with pseudocount). Coarse resolution (9 types); retained for optional high-level comparisons. FLAGGED FOR POTENTIAL EXCLUSION: non-immune / progenitor type; discuss before BN fitting.
freq.L1_t_cell,cell_type_freq,AIFI_L1_clr_pseudo,AIFI L1 cell type frequency (CLR with pseudocount). Coarse resolution (9 types); retained for optional high-level comparisons. Included.
freq.L2_asdc,cell_type_freq,AIFI_L2_clr_pseudo,AIFI L2 cell type frequency (CLR with pseudocount). Intermediate resolution (29 types); recommended subset for BN fitting. Included.
freq.L2_cd14_monocyte,cell_type_freq,AIFI_L2_clr_pseudo,AIFI L2 cell type frequency (CLR with pseudocount). Intermediate resolution (29 types); recommended subset for BN fitting. Included.
freq.L2_cd16_monocyte,cell_type_freq,AIFI_L2_clr_pseudo,AIFI L2 cell type frequency (CLR with pseudocount). Intermediate resolution (29 types); recommended subset for BN fitting. Included.
freq.L2_cd56bright_nk_cell,cell_type_freq,AIFI_L2_clr_pseudo,AIFI L2 cell type frequency (CLR with pseudocount). Intermediate resolution (29 types); recommended subset for BN fitting. Included.
freq.L2_cd56dim_nk_cell,cell_type_freq,AIFI_L2_clr_pseudo,AIFI L2 cell type frequency (CLR with pseudocount). Intermediate resolution (29 types); recommended subset for BN fitting. Included.
freq.L2_cd8aa,cell_type_freq,AIFI_L2_clr_pseudo,AIFI L2 cell type frequency (CLR with pseudocount). Intermediate resolution (29 types); recommended subset for BN fitting. Included.
freq.L2_cdc1,cell_type_freq,AIFI_L2_clr_pseudo,AIFI L2 cell type frequency (CLR with pseudocount). Intermediate resolution (29 types); recommended subset for BN fitting. Included.
freq.L2_cdc2,cell_type_freq,AIFI_L2_clr_pseudo,AIFI L2 cell type frequency (CLR with pseudocount). Intermediate resolution (29 types); recommended subset for BN fitting. Included.
freq.L2_dn_t_cell,cell_type_freq,AIFI_L2_clr_pseudo,AIFI L2 cell type frequency (CLR with pseudocount). Intermediate resolution (29 types); recommended subset for BN fitting. Included.
freq.L2_effector_b_cell,cell_type_freq,AIFI_L2_clr_pseudo,AIFI L2 cell type frequency (CLR with pseudocount). Intermediate resolution (29 types); recommended subset for BN fitting. Included.
freq.L2_erythrocyte,cell_type_freq,AIFI_L2_clr_pseudo,AIFI L2 cell type frequency (CLR with pseudocount). Intermediate resolution (29 types); recommended subset for BN fitting. FLAGGED FOR POTENTIAL EXCLUSION: non-immune / progenitor type; discuss before BN fitting.
freq.L2_gdt,cell_type_freq,AIFI_L2_clr_pseudo,AIFI L2 cell type frequency (CLR with pseudocount). Intermediate resolution (29 types); recommended subset for BN fitting. Included.
freq.L2_ilc,cell_type_freq,AIFI_L2_clr_pseudo,AIFI L2 cell type frequency (CLR with pseudocount). Intermediate resolution (29 types); recommended subset for BN fitting. Included.
freq.L2_intermediate_monocyte,cell_type_freq,AIFI_L2_clr_pseudo,AIFI L2 cell type frequency (CLR with pseudocount). Intermediate resolution (29 types); recommended subset for BN fitting. Included.
freq.L2_mait,cell_type_freq,AIFI_L2_clr_pseudo,AIFI L2 cell type frequency (CLR with pseudocount). Intermediate resolution (29 types); recommended subset for BN fitting. Included.
freq.L2_memory_b_cell,cell_type_freq,AIFI_L2_clr_pseudo,AIFI L2 cell type frequency (CLR with pseudocount). Intermediate resolution (29 types); recommended subset for BN fitting. Included.
freq.L2_memory_cd4_t_cell,cell_type_freq,AIFI_L2_clr_pseudo,AIFI L2 cell type frequency (CLR with pseudocount). Intermediate resolution (29 types); recommended subset for BN fitting. Included.
freq.L2_memory_cd8_t_cell,cell_type_freq,AIFI_L2_clr_pseudo,AIFI L2 cell type frequency (CLR with pseudocount). Intermediate resolution (29 types); recommended subset for BN fitting. Included.
freq.L2_naive_b_cell,cell_type_freq,AIFI_L2_clr_pseudo,AIFI L2 cell type frequency (CLR with pseudocount). Intermediate resolution (29 types); recommended subset for BN fitting. Included.
freq.L2_naive_cd4_t_cell,cell_type_freq,AIFI_L2_clr_pseudo,AIFI L2 cell type frequency (CLR with pseudocount). Intermediate resolution (29 types); recommended subset for BN fitting. Included.
freq.L2_naive_cd8_t_cell,cell_type_freq,AIFI_L2_clr_pseudo,AIFI L2 cell type frequency (CLR with pseudocount). Intermediate resolution (29 types); recommended subset for BN fitting. Included.
freq.L2_pdc,cell_type_freq,AIFI_L2_clr_pseudo,AIFI L2 cell type frequency (CLR with pseudocount). Intermediate resolution (29 types); recommended subset for BN fitting. Included.
freq.L2_plasma_cell,cell_type_freq,AIFI_L2_clr_pseudo,AIFI L2 cell type frequency (CLR with pseudocount). Intermediate resolution (29 types); recommended subset for BN fitting. Included.
freq.L2_platelet,cell_type_freq,AIFI_L2_clr_pseudo,AIFI L2 cell type frequency (CLR with pseudocount). Intermediate resolution (29 types); recommended subset for BN fitting. FLAGGED FOR POTENTIAL EXCLUSION: non-immune / progenitor type; discuss before BN fitting.
freq.L2_progenitor_cell,cell_type_freq,AIFI_L2_clr_pseudo,AIFI L2 cell type frequency (CLR with pseudocount). Intermediate resolution (29 types); recommended subset for BN fitting. FLAGGED FOR POTENTIAL EXCLUSION: non-immune / progenitor type; discuss before BN fitting.
freq.L2_proliferating_nk_cell,cell_type_freq,AIFI_L2_clr_pseudo,AIFI L2 cell type frequency (CLR with pseudocount). Intermediate resolution (29 types); recommended subset for BN fitting. Included.
freq.L2_proliferating_t_cell,cell_type_freq,AIFI_L2_clr_pseudo,AIFI L2 cell type frequency (CLR with pseudocount). Intermediate resolution (29 types); recommended subset for BN fitting. Included.
freq.L2_transitional_b_cell,cell_type_freq,AIFI_L2_clr_pseudo,AIFI L2 cell type frequency (CLR with pseudocount). Intermediate resolution (29 types); recommended subset for BN fitting. Included.
freq.L2_treg,cell_type_freq,AIFI_L2_clr_pseudo,AIFI L2 cell type frequency (CLR with pseudocount). Intermediate resolution (29 types); recommended subset for BN fitting. Included.
freq.L3_activated_memory_b_cell,cell_type_freq,AIFI_L3_clr_pseudo,AIFI L3 cell type frequency (CLR with pseudocount). Fine resolution (71 types); retained for exploratory use; too many for n~100 BN. Included.
freq.L3_adaptive_nk_cell,cell_type_freq,AIFI_L3_clr_pseudo,AIFI L3 cell type frequency (CLR with pseudocount). Fine resolution (71 types); retained for exploratory use; too many for n~100 BN. Included.
freq.L3_asdc,cell_type_freq,AIFI_L3_clr_pseudo,AIFI L3 cell type frequency (CLR with pseudocount). Fine resolution (71 types); retained for exploratory use; too many for n~100 BN. Included.
freq.L3_baeomap_cell,cell_type_freq,AIFI_L3_clr_pseudo,AIFI L3 cell type frequency (CLR with pseudocount). Fine resolution (71 types); retained for exploratory use; too many for n~100 BN. FLAGGED FOR POTENTIAL EXCLUSION: non-immune / progenitor type; discuss before BN fitting.
freq.L3_c1q_cd16_monocyte,cell_type_freq,AIFI_L3_clr_pseudo,AIFI L3 cell type frequency (CLR with pseudocount). Fine resolution (71 types); retained for exploratory use; too many for n~100 BN. Included.
freq.L3_cd14_cdc2,cell_type_freq,AIFI_L3_clr_pseudo,AIFI L3 cell type frequency (CLR with pseudocount). Fine resolution (71 types); retained for exploratory use; too many for n~100 BN. Included.
freq.L3_cd27_effector_b_cell,cell_type_freq,AIFI_L3_clr_pseudo,AIFI L3 cell type frequency (CLR with pseudocount). Fine resolution (71 types); retained for exploratory use; too many for n~100 BN. Included.
freq.L3_cd4_mait,cell_type_freq,AIFI_L3_clr_pseudo,AIFI L3 cell type frequency (CLR with pseudocount). Fine resolution (71 types); retained for exploratory use; too many for n~100 BN. Included.
freq.L3_cd56bright_nk_cell,cell_type_freq,AIFI_L3_clr_pseudo,AIFI L3 cell type frequency (CLR with pseudocount). Fine resolution (71 types); retained for exploratory use; too many for n~100 BN. Included.
freq.L3_cd8_mait,cell_type_freq,AIFI_L3_clr_pseudo,AIFI L3 cell type frequency (CLR with pseudocount). Fine resolution (71 types); retained for exploratory use; too many for n~100 BN. Included.
freq.L3_cd8aa,cell_type_freq,AIFI_L3_clr_pseudo,AIFI L3 cell type frequency (CLR with pseudocount). Fine resolution (71 types); retained for exploratory use; too many for n~100 BN. Included.
freq.L3_cd95_memory_b_cell,cell_type_freq,AIFI_L3_clr_pseudo,AIFI L3 cell type frequency (CLR with pseudocount). Fine resolution (71 types); retained for exploratory use; too many for n~100 BN. Included.
freq.L3_cdc1,cell_type_freq,AIFI_L3_clr_pseudo,AIFI L3 cell type frequency (CLR with pseudocount). Fine resolution (71 types); retained for exploratory use; too many for n~100 BN. Included.
freq.L3_clp_cell,cell_type_freq,AIFI_L3_clr_pseudo,AIFI L3 cell type frequency (CLR with pseudocount). Fine resolution (71 types); retained for exploratory use; too many for n~100 BN. FLAGGED FOR POTENTIAL EXCLUSION: non-immune / progenitor type; discuss before BN fitting.
freq.L3_cm_cd4_t_cell,cell_type_freq,AIFI_L3_clr_pseudo,AIFI L3 cell type frequency (CLR with pseudocount). Fine resolution (71 types); retained for exploratory use; too many for n~100 BN. Included.
freq.L3_cm_cd8_t_cell,cell_type_freq,AIFI_L3_clr_pseudo,AIFI L3 cell type frequency (CLR with pseudocount). Fine resolution (71 types); retained for exploratory use; too many for n~100 BN. Included.
freq.L3_cmp_cell,cell_type_freq,AIFI_L3_clr_pseudo,AIFI L3 cell type frequency (CLR with pseudocount). Fine resolution (71 types); retained for exploratory use; too many for n~100 BN. FLAGGED FOR POTENTIAL EXCLUSION: non-immune / progenitor type; discuss before BN fitting.
freq.L3_core_cd14_monocyte,cell_type_freq,AIFI_L3_clr_pseudo,AIFI L3 cell type frequency (CLR with pseudocount). Fine resolution (71 types); retained for exploratory use; too many for n~100 BN. Included.
freq.L3_core_cd16_monocyte,cell_type_freq,AIFI_L3_clr_pseudo,AIFI L3 cell type frequency (CLR with pseudocount). Fine resolution (71 types); retained for exploratory use; too many for n~100 BN. Included.
freq.L3_core_memory_b_cell,cell_type_freq,AIFI_L3_clr_pseudo,AIFI L3 cell type frequency (CLR with pseudocount). Fine resolution (71 types); retained for exploratory use; too many for n~100 BN. Included.
freq.L3_core_naive_b_cell,cell_type_freq,AIFI_L3_clr_pseudo,AIFI L3 cell type frequency (CLR with pseudocount). Fine resolution (71 types); retained for exploratory use; too many for n~100 BN. Included.
freq.L3_core_naive_cd4_t_cell,cell_type_freq,AIFI_L3_clr_pseudo,AIFI L3 cell type frequency (CLR with pseudocount). Fine resolution (71 types); retained for exploratory use; too many for n~100 BN. Included.
freq.L3_core_naive_cd8_t_cell,cell_type_freq,AIFI_L3_clr_pseudo,AIFI L3 cell type frequency (CLR with pseudocount). Fine resolution (71 types); retained for exploratory use; too many for n~100 BN. Included.
freq.L3_dn_t_cell,cell_type_freq,AIFI_L3_clr_pseudo,AIFI L3 cell type frequency (CLR with pseudocount). Fine resolution (71 types); retained for exploratory use; too many for n~100 BN. Included.
freq.L3_early_memory_b_cell,cell_type_freq,AIFI_L3_clr_pseudo,AIFI L3 cell type frequency (CLR with pseudocount). Fine resolution (71 types); retained for exploratory use; too many for n~100 BN. Included.
freq.L3_erythrocyte,cell_type_freq,AIFI_L3_clr_pseudo,AIFI L3 cell type frequency (CLR with pseudocount). Fine resolution (71 types); retained for exploratory use; too many for n~100 BN. FLAGGED FOR POTENTIAL EXCLUSION: non-immune / progenitor type; discuss before BN fitting.
freq.L3_gzmb_cd27_em_cd4_t_cell,cell_type_freq,AIFI_L3_clr_pseudo,AIFI L3 cell type frequency (CLR with pseudocount). Fine resolution (71 types); retained for exploratory use; too many for n~100 BN. Included.
freq.L3_gzmb_vd2_gdt,cell_type_freq,AIFI_L3_clr_pseudo,AIFI L3 cell type frequency (CLR with pseudocount). Fine resolution (71 types); retained for exploratory use; too many for n~100 BN. Included.
freq.L3_gzmk_cd27_em_cd8_t_cell,cell_type_freq,AIFI_L3_clr_pseudo,AIFI L3 cell type frequency (CLR with pseudocount). Fine resolution (71 types); retained for exploratory use; too many for n~100 BN. Included.
freq.L3_gzmk_cd56dim_nk_cell,cell_type_freq,AIFI_L3_clr_pseudo,AIFI L3 cell type frequency (CLR with pseudocount). Fine resolution (71 types); retained for exploratory use; too many for n~100 BN. Included.
freq.L3_gzmk_memory_cd4_treg,cell_type_freq,AIFI_L3_clr_pseudo,AIFI L3 cell type frequency (CLR with pseudocount). Fine resolution (71 types); retained for exploratory use; too many for n~100 BN. Included.
freq.L3_gzmk_vd2_gdt,cell_type_freq,AIFI_L3_clr_pseudo,AIFI L3 cell type frequency (CLR with pseudocount). Fine resolution (71 types); retained for exploratory use; too many for n~100 BN. Included.
freq.L3_hla_drhi_cdc2,cell_type_freq,AIFI_L3_clr_pseudo,AIFI L3 cell type frequency (CLR with pseudocount). Fine resolution (71 types); retained for exploratory use; too many for n~100 BN. Included.
freq.L3_il1b_cd14_monocyte,cell_type_freq,AIFI_L3_clr_pseudo,AIFI L3 cell type frequency (CLR with pseudocount). Fine resolution (71 types); retained for exploratory use; too many for n~100 BN. Included.
freq.L3_ilc,cell_type_freq,AIFI_L3_clr_pseudo,AIFI L3 cell type frequency (CLR with pseudocount). Fine resolution (71 types); retained for exploratory use; too many for n~100 BN. Included.
freq.L3_intermediate_monocyte,cell_type_freq,AIFI_L3_clr_pseudo,AIFI L3 cell type frequency (CLR with pseudocount). Fine resolution (71 types); retained for exploratory use; too many for n~100 BN. Included.
freq.L3_isg_cd14_monocyte,cell_type_freq,AIFI_L3_clr_pseudo,AIFI L3 cell type frequency (CLR with pseudocount). Fine resolution (71 types); retained for exploratory use; too many for n~100 BN. Included.
freq.L3_isg_cd16_monocyte,cell_type_freq,AIFI_L3_clr_pseudo,AIFI L3 cell type frequency (CLR with pseudocount). Fine resolution (71 types); retained for exploratory use; too many for n~100 BN. Included.
freq.L3_isg_cd56dim_nk_cell,cell_type_freq,AIFI_L3_clr_pseudo,AIFI L3 cell type frequency (CLR with pseudocount). Fine resolution (71 types); retained for exploratory use; too many for n~100 BN. Included.
freq.L3_isg_cdc2,cell_type_freq,AIFI_L3_clr_pseudo,AIFI L3 cell type frequency (CLR with pseudocount). Fine resolution (71 types); retained for exploratory use; too many for n~100 BN. Included.
freq.L3_isg_mait,cell_type_freq,AIFI_L3_clr_pseudo,AIFI L3 cell type frequency (CLR with pseudocount). Fine resolution (71 types); retained for exploratory use; too many for n~100 BN. Included.
freq.L3_isg_memory_cd4_t_cell,cell_type_freq,AIFI_L3_clr_pseudo,AIFI L3 cell type frequency (CLR with pseudocount). Fine resolution (71 types); retained for exploratory use; too many for n~100 BN. Included.
freq.L3_isg_memory_cd8_t_cell,cell_type_freq,AIFI_L3_clr_pseudo,AIFI L3 cell type frequency (CLR with pseudocount). Fine resolution (71 types); retained for exploratory use; too many for n~100 BN. Included.
freq.L3_isg_naive_b_cell,cell_type_freq,AIFI_L3_clr_pseudo,AIFI L3 cell type frequency (CLR with pseudocount). Fine resolution (71 types); retained for exploratory use; too many for n~100 BN. Included.
freq.L3_isg_naive_cd4_t_cell,cell_type_freq,AIFI_L3_clr_pseudo,AIFI L3 cell type frequency (CLR with pseudocount). Fine resolution (71 types); retained for exploratory use; too many for n~100 BN. Included.
freq.L3_isg_naive_cd8_t_cell,cell_type_freq,AIFI_L3_clr_pseudo,AIFI L3 cell type frequency (CLR with pseudocount). Fine resolution (71 types); retained for exploratory use; too many for n~100 BN. Included.
freq.L3_klrb1_memory_cd4_treg,cell_type_freq,AIFI_L3_clr_pseudo,AIFI L3 cell type frequency (CLR with pseudocount). Fine resolution (71 types); retained for exploratory use; too many for n~100 BN. Included.
freq.L3_klrb1_memory_cd8_treg,cell_type_freq,AIFI_L3_clr_pseudo,AIFI L3 cell type frequency (CLR with pseudocount). Fine resolution (71 types); retained for exploratory use; too many for n~100 BN. Included.
freq.L3_klrf1_effector_vd1_gdt,cell_type_freq,AIFI_L3_clr_pseudo,AIFI L3 cell type frequency (CLR with pseudocount). Fine resolution (71 types); retained for exploratory use; too many for n~100 BN. Included.
freq.L3_klrf1_gzmb_cd27_em_cd8_t_cell,cell_type_freq,AIFI_L3_clr_pseudo,AIFI L3 cell type frequency (CLR with pseudocount). Fine resolution (71 types); retained for exploratory use; too many for n~100 BN. Included.
freq.L3_klrf1_gzmb_cd27_memory_cd4_t_cell,cell_type_freq,AIFI_L3_clr_pseudo,AIFI L3 cell type frequency (CLR with pseudocount). Fine resolution (71 types); retained for exploratory use; too many for n~100 BN. Included.
freq.L3_memory_cd4_treg,cell_type_freq,AIFI_L3_clr_pseudo,AIFI L3 cell type frequency (CLR with pseudocount). Fine resolution (71 types); retained for exploratory use; too many for n~100 BN. Included.
freq.L3_memory_cd8_treg,cell_type_freq,AIFI_L3_clr_pseudo,AIFI L3 cell type frequency (CLR with pseudocount). Fine resolution (71 types); retained for exploratory use; too many for n~100 BN. Included.
freq.L3_naive_cd4_treg,cell_type_freq,AIFI_L3_clr_pseudo,AIFI L3 cell type frequency (CLR with pseudocount). Fine resolution (71 types); retained for exploratory use; too many for n~100 BN. Included.
freq.L3_naive_vd1_gdt,cell_type_freq,AIFI_L3_clr_pseudo,AIFI L3 cell type frequency (CLR with pseudocount). Fine resolution (71 types); retained for exploratory use; too many for n~100 BN. Included.
freq.L3_pdc,cell_type_freq,AIFI_L3_clr_pseudo,AIFI L3 cell type frequency (CLR with pseudocount). Fine resolution (71 types); retained for exploratory use; too many for n~100 BN. Included.
freq.L3_plasma_cell,cell_type_freq,AIFI_L3_clr_pseudo,AIFI L3 cell type frequency (CLR with pseudocount). Fine resolution (71 types); retained for exploratory use; too many for n~100 BN. Included.
freq.L3_platelet,cell_type_freq,AIFI_L3_clr_pseudo,AIFI L3 cell type frequency (CLR with pseudocount). Fine resolution (71 types); retained for exploratory use; too many for n~100 BN. FLAGGED FOR POTENTIAL EXCLUSION: non-immune / progenitor type; discuss before BN fitting.
freq.L3_proliferating_nk_cell,cell_type_freq,AIFI_L3_clr_pseudo,AIFI L3 cell type frequency (CLR with pseudocount). Fine resolution (71 types); retained for exploratory use; too many for n~100 BN. Included.
freq.L3_proliferating_t_cell,cell_type_freq,AIFI_L3_clr_pseudo,AIFI L3 cell type frequency (CLR with pseudocount). Fine resolution (71 types); retained for exploratory use; too many for n~100 BN. Included.
freq.L3_sox4_naive_cd4_t_cell,cell_type_freq,AIFI_L3_clr_pseudo,AIFI L3 cell type frequency (CLR with pseudocount). Fine resolution (71 types); retained for exploratory use; too many for n~100 BN. Included.
freq.L3_sox4_naive_cd8_t_cell,cell_type_freq,AIFI_L3_clr_pseudo,AIFI L3 cell type frequency (CLR with pseudocount). Fine resolution (71 types); retained for exploratory use; too many for n~100 BN. Included.
freq.L3_sox4_vd1_gdt,cell_type_freq,AIFI_L3_clr_pseudo,AIFI L3 cell type frequency (CLR with pseudocount). Fine resolution (71 types); retained for exploratory use; too many for n~100 BN. Included.
freq.L3_transitional_b_cell,cell_type_freq,AIFI_L3_clr_pseudo,AIFI L3 cell type frequency (CLR with pseudocount). Fine resolution (71 types); retained for exploratory use; too many for n~100 BN. Included.
freq.L3_type_2_polarized_memory_b_cell,cell_type_freq,AIFI_L3_clr_pseudo,AIFI L3 cell type frequency (CLR with pseudocount). Fine resolution (71 types); retained for exploratory use; too many for n~100 BN. Included.
pb.activated_memory_b_cell_ifn_alpha,pseudobulk,"means layer (Seurat-normalized, log1p)",Pseudobulk L3 cell type 'activated_memory_b_cell'. Mean z-score over HALLMARK_INTERFERON_ALPHA_RESPONSE genes. Type I IFN; pDC-produced; innate antiviral response. Z-scored within cell type across 92 baseline samples. Included.
pb.activated_memory_b_cell_ifn_gamma,pseudobulk,"means layer (Seurat-normalized, log1p)",Pseudobulk L3 cell type 'activated_memory_b_cell'. Mean z-score over HALLMARK_INTERFERON_GAMMA_RESPONSE genes. Type II IFN / antiviral / CMV-driven ISG state. Z-scored within cell type across 92 baseline samples. Included.
pb.activated_memory_b_cell_il2_stat5,pseudobulk,"means layer (Seurat-normalized, log1p)",Pseudobulk L3 cell type 'activated_memory_b_cell'. Mean z-score over HALLMARK_IL2_STAT5_SIGNALING genes. T cell survival / homeostatic proliferation; declines with aging. Z-scored within cell type across 92 baseline samples. Included.
pb.activated_memory_b_cell_inflammatory,pseudobulk,"means layer (Seurat-normalized, log1p)",Pseudobulk L3 cell type 'activated_memory_b_cell'. Mean z-score over HALLMARK_INFLAMMATORY_RESPONSE genes. TNF/IL-1/IL-6-driven inflammaging. Z-scored within cell type across 92 baseline samples. Included.
pb.activated_memory_b_cell_tnfa_nfkb,pseudobulk,"means layer (Seurat-normalized, log1p)",Pseudobulk L3 cell type 'activated_memory_b_cell'. Mean z-score over HALLMARK_TNFA_SIGNALING_VIA_NFKB genes. NFkB regulatory arm; distinct from general inflammatory state. Z-scored within cell type across 92 baseline samples. Included.
pb.adaptive_nk_cell_ifn_alpha,pseudobulk,"means layer (Seurat-normalized, log1p)",Pseudobulk L3 cell type 'adaptive_nk_cell'. Mean z-score over HALLMARK_INTERFERON_ALPHA_RESPONSE genes. Type I IFN; pDC-produced; innate antiviral response. Z-scored within cell type across 92 baseline samples. Included.
pb.adaptive_nk_cell_ifn_gamma,pseudobulk,"means layer (Seurat-normalized, log1p)",Pseudobulk L3 cell type 'adaptive_nk_cell'. Mean z-score over HALLMARK_INTERFERON_GAMMA_RESPONSE genes. Type II IFN / antiviral / CMV-driven ISG state. Z-scored within cell type across 92 baseline samples. Included.
pb.adaptive_nk_cell_il2_stat5,pseudobulk,"means layer (Seurat-normalized, log1p)",Pseudobulk L3 cell type 'adaptive_nk_cell'. Mean z-score over HALLMARK_IL2_STAT5_SIGNALING genes. T cell survival / homeostatic proliferation; declines with aging. Z-scored within cell type across 92 baseline samples. Included.
pb.adaptive_nk_cell_inflammatory,pseudobulk,"means layer (Seurat-normalized, log1p)",Pseudobulk L3 cell type 'adaptive_nk_cell'. Mean z-score over HALLMARK_INFLAMMATORY_RESPONSE genes. TNF/IL-1/IL-6-driven inflammaging. Z-scored within cell type across 92 baseline samples. Included.
pb.adaptive_nk_cell_tnfa_nfkb,pseudobulk,"means layer (Seurat-normalized, log1p)",Pseudobulk L3 cell type 'adaptive_nk_cell'. Mean z-score over HALLMARK_TNFA_SIGNALING_VIA_NFKB genes. NFkB regulatory arm; distinct from general inflammatory state. Z-scored within cell type across 92 baseline samples. Included.
pb.asdc_ifn_alpha,pseudobulk,"means layer (Seurat-normalized, log1p)",Pseudobulk L3 cell type 'asdc'. Mean z-score over HALLMARK_INTERFERON_ALPHA_RESPONSE genes. Type I IFN; pDC-produced; innate antiviral response. Z-scored within cell type across 92 baseline samples. Included.
pb.asdc_ifn_gamma,pseudobulk,"means layer (Seurat-normalized, log1p)",Pseudobulk L3 cell type 'asdc'. Mean z-score over HALLMARK_INTERFERON_GAMMA_RESPONSE genes. Type II IFN / antiviral / CMV-driven ISG state. Z-scored within cell type across 92 baseline samples. Included.
pb.asdc_il2_stat5,pseudobulk,"means layer (Seurat-normalized, log1p)",Pseudobulk L3 cell type 'asdc'. Mean z-score over HALLMARK_IL2_STAT5_SIGNALING genes. T cell survival / homeostatic proliferation; declines with aging. Z-scored within cell type across 92 baseline samples. Included.
pb.asdc_inflammatory,pseudobulk,"means layer (Seurat-normalized, log1p)",Pseudobulk L3 cell type 'asdc'. Mean z-score over HALLMARK_INFLAMMATORY_RESPONSE genes. TNF/IL-1/IL-6-driven inflammaging. Z-scored within cell type across 92 baseline samples. Included.
pb.asdc_tnfa_nfkb,pseudobulk,"means layer (Seurat-normalized, log1p)",Pseudobulk L3 cell type 'asdc'. Mean z-score over HALLMARK_TNFA_SIGNALING_VIA_NFKB genes. NFkB regulatory arm; distinct from general inflammatory state. Z-scored within cell type across 92 baseline samples. Included.
pb.baeomap_cell_ifn_alpha,pseudobulk,"means layer (Seurat-normalized, log1p)","Pseudobulk L3 cell type 'baeomap_cell'. Mean z-score over HALLMARK_INTERFERON_ALPHA_RESPONSE genes. Type I IFN; pDC-produced; innate antiviral response. Z-scored within cell type across 92 baseline samples. FLAGGED FOR POTENTIAL EXCLUSION: progenitor, contaminant, or activation-artifact cell type; discuss before BN fitting."
pb.baeomap_cell_ifn_gamma,pseudobulk,"means layer (Seurat-normalized, log1p)","Pseudobulk L3 cell type 'baeomap_cell'. Mean z-score over HALLMARK_INTERFERON_GAMMA_RESPONSE genes. Type II IFN / antiviral / CMV-driven ISG state. Z-scored within cell type across 92 baseline samples. FLAGGED FOR POTENTIAL EXCLUSION: progenitor, contaminant, or activation-artifact cell type; discuss before BN fitting."
pb.baeomap_cell_il2_stat5,pseudobulk,"means layer (Seurat-normalized, log1p)","Pseudobulk L3 cell type 'baeomap_cell'. Mean z-score over HALLMARK_IL2_STAT5_SIGNALING genes. T cell survival / homeostatic proliferation; declines with aging. Z-scored within cell type across 92 baseline samples. FLAGGED FOR POTENTIAL EXCLUSION: progenitor, contaminant, or activation-artifact cell type; discuss before BN fitting."
pb.baeomap_cell_inflammatory,pseudobulk,"means layer (Seurat-normalized, log1p)","Pseudobulk L3 cell type 'baeomap_cell'. Mean z-score over HALLMARK_INFLAMMATORY_RESPONSE genes. TNF/IL-1/IL-6-driven inflammaging. Z-scored within cell type across 92 baseline samples. FLAGGED FOR POTENTIAL EXCLUSION: progenitor, contaminant, or activation-artifact cell type; discuss before BN fitting."
pb.baeomap_cell_tnfa_nfkb,pseudobulk,"means layer (Seurat-normalized, log1p)","Pseudobulk L3 cell type 'baeomap_cell'. Mean z-score over HALLMARK_TNFA_SIGNALING_VIA_NFKB genes. NFkB regulatory arm; distinct from general inflammatory state. Z-scored within cell type across 92 baseline samples. FLAGGED FOR POTENTIAL EXCLUSION: progenitor, contaminant, or activation-artifact cell type; discuss before BN fitting."
pb.c1q_cd16_monocyte_ifn_alpha,pseudobulk,"means layer (Seurat-normalized, log1p)",Pseudobulk L3 cell type 'c1q_cd16_monocyte'. Mean z-score over HALLMARK_INTERFERON_ALPHA_RESPONSE genes. Type I IFN; pDC-produced; innate antiviral response. Z-scored within cell type across 92 baseline samples. Included.
pb.c1q_cd16_monocyte_ifn_gamma,pseudobulk,"means layer (Seurat-normalized, log1p)",Pseudobulk L3 cell type 'c1q_cd16_monocyte'. Mean z-score over HALLMARK_INTERFERON_GAMMA_RESPONSE genes. Type II IFN / antiviral / CMV-driven ISG state. Z-scored within cell type across 92 baseline samples. Included.
pb.c1q_cd16_monocyte_il2_stat5,pseudobulk,"means layer (Seurat-normalized, log1p)",Pseudobulk L3 cell type 'c1q_cd16_monocyte'. Mean z-score over HALLMARK_IL2_STAT5_SIGNALING genes. T cell survival / homeostatic proliferation; declines with aging. Z-scored within cell type across 92 baseline samples. Included.
pb.c1q_cd16_monocyte_inflammatory,pseudobulk,"means layer (Seurat-normalized, log1p)",Pseudobulk L3 cell type 'c1q_cd16_monocyte'. Mean z-score over HALLMARK_INFLAMMATORY_RESPONSE genes. TNF/IL-1/IL-6-driven inflammaging. Z-scored within cell type across 92 baseline samples. Included.
pb.c1q_cd16_monocyte_tnfa_nfkb,pseudobulk,"means layer (Seurat-normalized, log1p)",Pseudobulk L3 cell type 'c1q_cd16_monocyte'. Mean z-score over HALLMARK_TNFA_SIGNALING_VIA_NFKB genes. NFkB regulatory arm; distinct from general inflammatory state. Z-scored within cell type across 92 baseline samples. Included.
pb.cd14_cdc2_ifn_alpha,pseudobulk,"means layer (Seurat-normalized, log1p)",Pseudobulk L3 cell type 'cd14_cdc2'. Mean z-score over HALLMARK_INTERFERON_ALPHA_RESPONSE genes. Type I IFN; pDC-produced; innate antiviral response. Z-scored within cell type across 92 baseline samples. Included.
pb.cd14_cdc2_ifn_gamma,pseudobulk,"means layer (Seurat-normalized, log1p)",Pseudobulk L3 cell type 'cd14_cdc2'. Mean z-score over HALLMARK_INTERFERON_GAMMA_RESPONSE genes. Type II IFN / antiviral / CMV-driven ISG state. Z-scored within cell type across 92 baseline samples. Included.
pb.cd14_cdc2_il2_stat5,pseudobulk,"means layer (Seurat-normalized, log1p)",Pseudobulk L3 cell type 'cd14_cdc2'. Mean z-score over HALLMARK_IL2_STAT5_SIGNALING genes. T cell survival / homeostatic proliferation; declines with aging. Z-scored within cell type across 92 baseline samples. Included.
pb.cd14_cdc2_inflammatory,pseudobulk,"means layer (Seurat-normalized, log1p)",Pseudobulk L3 cell type 'cd14_cdc2'. Mean z-score over HALLMARK_INFLAMMATORY_RESPONSE genes. TNF/IL-1/IL-6-driven inflammaging. Z-scored within cell type across 92 baseline samples. Included.
pb.cd14_cdc2_tnfa_nfkb,pseudobulk,"means layer (Seurat-normalized, log1p)",Pseudobulk L3 cell type 'cd14_cdc2'. Mean z-score over HALLMARK_TNFA_SIGNALING_VIA_NFKB genes. NFkB regulatory arm; distinct from general inflammatory state. Z-scored within cell type across 92 baseline samples. Included.
pb.cd27_effector_b_cell_ifn_alpha,pseudobulk,"means layer (Seurat-normalized, log1p)",Pseudobulk L3 cell type 'cd27_effector_b_cell'. Mean z-score over HALLMARK_INTERFERON_ALPHA_RESPONSE genes. Type I IFN; pDC-produced; innate antiviral response. Z-scored within cell type across 92 baseline samples. Included.
pb.cd27_effector_b_cell_ifn_gamma,pseudobulk,"means layer (Seurat-normalized, log1p)",Pseudobulk L3 cell type 'cd27_effector_b_cell'. Mean z-score over HALLMARK_INTERFERON_GAMMA_RESPONSE genes. Type II IFN / antiviral / CMV-driven ISG state. Z-scored within cell type across 92 baseline samples. Included.
pb.cd27_effector_b_cell_il2_stat5,pseudobulk,"means layer (Seurat-normalized, log1p)",Pseudobulk L3 cell type 'cd27_effector_b_cell'. Mean z-score over HALLMARK_IL2_STAT5_SIGNALING genes. T cell survival / homeostatic proliferation; declines with aging. Z-scored within cell type across 92 baseline samples. Included.
pb.cd27_effector_b_cell_inflammatory,pseudobulk,"means layer (Seurat-normalized, log1p)",Pseudobulk L3 cell type 'cd27_effector_b_cell'. Mean z-score over HALLMARK_INFLAMMATORY_RESPONSE genes. TNF/IL-1/IL-6-driven inflammaging. Z-scored within cell type across 92 baseline samples. Included.
pb.cd27_effector_b_cell_tnfa_nfkb,pseudobulk,"means layer (Seurat-normalized, log1p)",Pseudobulk L3 cell type 'cd27_effector_b_cell'. Mean z-score over HALLMARK_TNFA_SIGNALING_VIA_NFKB genes. NFkB regulatory arm; distinct from general inflammatory state. Z-scored within cell type across 92 baseline samples. Included.
pb.cd4_mait_ifn_alpha,pseudobulk,"means layer (Seurat-normalized, log1p)",Pseudobulk L3 cell type 'cd4_mait'. Mean z-score over HALLMARK_INTERFERON_ALPHA_RESPONSE genes. Type I IFN; pDC-produced; innate antiviral response. Z-scored within cell type across 92 baseline samples. Included.
pb.cd4_mait_ifn_gamma,pseudobulk,"means layer (Seurat-normalized, log1p)",Pseudobulk L3 cell type 'cd4_mait'. Mean z-score over HALLMARK_INTERFERON_GAMMA_RESPONSE genes. Type II IFN / antiviral / CMV-driven ISG state. Z-scored within cell type across 92 baseline samples. Included.
pb.cd4_mait_il2_stat5,pseudobulk,"means layer (Seurat-normalized, log1p)",Pseudobulk L3 cell type 'cd4_mait'. Mean z-score over HALLMARK_IL2_STAT5_SIGNALING genes. T cell survival / homeostatic proliferation; declines with aging. Z-scored within cell type across 92 baseline samples. Included.
pb.cd4_mait_inflammatory,pseudobulk,"means layer (Seurat-normalized, log1p)",Pseudobulk L3 cell type 'cd4_mait'. Mean z-score over HALLMARK_INFLAMMATORY_RESPONSE genes. TNF/IL-1/IL-6-driven inflammaging. Z-scored within cell type across 92 baseline samples. Included.
pb.cd4_mait_tnfa_nfkb,pseudobulk,"means layer (Seurat-normalized, log1p)",Pseudobulk L3 cell type 'cd4_mait'. Mean z-score over HALLMARK_TNFA_SIGNALING_VIA_NFKB genes. NFkB regulatory arm; distinct from general inflammatory state. Z-scored within cell type across 92 baseline samples. Included.
pb.cd56bright_nk_cell_ifn_alpha,pseudobulk,"means layer (Seurat-normalized, log1p)",Pseudobulk L3 cell type 'cd56bright_nk_cell'. Mean z-score over HALLMARK_INTERFERON_ALPHA_RESPONSE genes. Type I IFN; pDC-produced; innate antiviral response. Z-scored within cell type across 92 baseline samples. Included.
pb.cd56bright_nk_cell_ifn_gamma,pseudobulk,"means layer (Seurat-normalized, log1p)",Pseudobulk L3 cell type 'cd56bright_nk_cell'. Mean z-score over HALLMARK_INTERFERON_GAMMA_RESPONSE genes. Type II IFN / antiviral / CMV-driven ISG state. Z-scored within cell type across 92 baseline samples. Included.
pb.cd56bright_nk_cell_il2_stat5,pseudobulk,"means layer (Seurat-normalized, log1p)",Pseudobulk L3 cell type 'cd56bright_nk_cell'. Mean z-score over HALLMARK_IL2_STAT5_SIGNALING genes. T cell survival / homeostatic proliferation; declines with aging. Z-scored within cell type across 92 baseline samples. Included.
pb.cd56bright_nk_cell_inflammatory,pseudobulk,"means layer (Seurat-normalized, log1p)",Pseudobulk L3 cell type 'cd56bright_nk_cell'. Mean z-score over HALLMARK_INFLAMMATORY_RESPONSE genes. TNF/IL-1/IL-6-driven inflammaging. Z-scored within cell type across 92 baseline samples. Included.
pb.cd56bright_nk_cell_tnfa_nfkb,pseudobulk,"means layer (Seurat-normalized, log1p)",Pseudobulk L3 cell type 'cd56bright_nk_cell'. Mean z-score over HALLMARK_TNFA_SIGNALING_VIA_NFKB genes. NFkB regulatory arm; distinct from general inflammatory state. Z-scored within cell type across 92 baseline samples. Included.
pb.cd8_mait_ifn_alpha,pseudobulk,"means layer (Seurat-normalized, log1p)",Pseudobulk L3 cell type 'cd8_mait'. Mean z-score over HALLMARK_INTERFERON_ALPHA_RESPONSE genes. Type I IFN; pDC-produced; innate antiviral response. Z-scored within cell type across 92 baseline samples. Included.
pb.cd8_mait_ifn_gamma,pseudobulk,"means layer (Seurat-normalized, log1p)",Pseudobulk L3 cell type 'cd8_mait'. Mean z-score over HALLMARK_INTERFERON_GAMMA_RESPONSE genes. Type II IFN / antiviral / CMV-driven ISG state. Z-scored within cell type across 92 baseline samples. Included.
pb.cd8_mait_il2_stat5,pseudobulk,"means layer (Seurat-normalized, log1p)",Pseudobulk L3 cell type 'cd8_mait'. Mean z-score over HALLMARK_IL2_STAT5_SIGNALING genes. T cell survival / homeostatic proliferation; declines with aging. Z-scored within cell type across 92 baseline samples. Included.
pb.cd8_mait_inflammatory,pseudobulk,"means layer (Seurat-normalized, log1p)",Pseudobulk L3 cell type 'cd8_mait'. Mean z-score over HALLMARK_INFLAMMATORY_RESPONSE genes. TNF/IL-1/IL-6-driven inflammaging. Z-scored within cell type across 92 baseline samples. Included.
pb.cd8_mait_tnfa_nfkb,pseudobulk,"means layer (Seurat-normalized, log1p)",Pseudobulk L3 cell type 'cd8_mait'. Mean z-score over HALLMARK_TNFA_SIGNALING_VIA_NFKB genes. NFkB regulatory arm; distinct from general inflammatory state. Z-scored within cell type across 92 baseline samples. Included.
pb.cd8aa_ifn_alpha,pseudobulk,"means layer (Seurat-normalized, log1p)",Pseudobulk L3 cell type 'cd8aa'. Mean z-score over HALLMARK_INTERFERON_ALPHA_RESPONSE genes. Type I IFN; pDC-produced; innate antiviral response. Z-scored within cell type across 92 baseline samples. Included.
pb.cd8aa_ifn_gamma,pseudobulk,"means layer (Seurat-normalized, log1p)",Pseudobulk L3 cell type 'cd8aa'. Mean z-score over HALLMARK_INTERFERON_GAMMA_RESPONSE genes. Type II IFN / antiviral / CMV-driven ISG state. Z-scored within cell type across 92 baseline samples. Included.
pb.cd8aa_il2_stat5,pseudobulk,"means layer (Seurat-normalized, log1p)",Pseudobulk L3 cell type 'cd8aa'. Mean z-score over HALLMARK_IL2_STAT5_SIGNALING genes. T cell survival / homeostatic proliferation; declines with aging. Z-scored within cell type across 92 baseline samples. Included.
pb.cd8aa_inflammatory,pseudobulk,"means layer (Seurat-normalized, log1p)",Pseudobulk L3 cell type 'cd8aa'. Mean z-score over HALLMARK_INFLAMMATORY_RESPONSE genes. TNF/IL-1/IL-6-driven inflammaging. Z-scored within cell type across 92 baseline samples. Included.
pb.cd8aa_tnfa_nfkb,pseudobulk,"means layer (Seurat-normalized, log1p)",Pseudobulk L3 cell type 'cd8aa'. Mean z-score over HALLMARK_TNFA_SIGNALING_VIA_NFKB genes. NFkB regulatory arm; distinct from general inflammatory state. Z-scored within cell type across 92 baseline samples. Included.
pb.cd95_memory_b_cell_ifn_alpha,pseudobulk,"means layer (Seurat-normalized, log1p)",Pseudobulk L3 cell type 'cd95_memory_b_cell'. Mean z-score over HALLMARK_INTERFERON_ALPHA_RESPONSE genes. Type I IFN; pDC-produced; innate antiviral response. Z-scored within cell type across 92 baseline samples. Included.
pb.cd95_memory_b_cell_ifn_gamma,pseudobulk,"means layer (Seurat-normalized, log1p)",Pseudobulk L3 cell type 'cd95_memory_b_cell'. Mean z-score over HALLMARK_INTERFERON_GAMMA_RESPONSE genes. Type II IFN / antiviral / CMV-driven ISG state. Z-scored within cell type across 92 baseline samples. Included.
pb.cd95_memory_b_cell_il2_stat5,pseudobulk,"means layer (Seurat-normalized, log1p)",Pseudobulk L3 cell type 'cd95_memory_b_cell'. Mean z-score over HALLMARK_IL2_STAT5_SIGNALING genes. T cell survival / homeostatic proliferation; declines with aging. Z-scored within cell type across 92 baseline samples. Included.
pb.cd95_memory_b_cell_inflammatory,pseudobulk,"means layer (Seurat-normalized, log1p)",Pseudobulk L3 cell type 'cd95_memory_b_cell'. Mean z-score over HALLMARK_INFLAMMATORY_RESPONSE genes. TNF/IL-1/IL-6-driven inflammaging. Z-scored within cell type across 92 baseline samples. Included.
pb.cd95_memory_b_cell_tnfa_nfkb,pseudobulk,"means layer (Seurat-normalized, log1p)",Pseudobulk L3 cell type 'cd95_memory_b_cell'. Mean z-score over HALLMARK_TNFA_SIGNALING_VIA_NFKB genes. NFkB regulatory arm; distinct from general inflammatory state. Z-scored within cell type across 92 baseline samples. Included.
pb.cdc1_ifn_alpha,pseudobulk,"means layer (Seurat-normalized, log1p)",Pseudobulk L3 cell type 'cdc1'. Mean z-score over HALLMARK_INTERFERON_ALPHA_RESPONSE genes. Type I IFN; pDC-produced; innate antiviral response. Z-scored within cell type across 92 baseline samples. Included.
pb.cdc1_ifn_gamma,pseudobulk,"means layer (Seurat-normalized, log1p)",Pseudobulk L3 cell type 'cdc1'. Mean z-score over HALLMARK_INTERFERON_GAMMA_RESPONSE genes. Type II IFN / antiviral / CMV-driven ISG state. Z-scored within cell type across 92 baseline samples. Included.
pb.cdc1_il2_stat5,pseudobulk,"means layer (Seurat-normalized, log1p)",Pseudobulk L3 cell type 'cdc1'. Mean z-score over HALLMARK_IL2_STAT5_SIGNALING genes. T cell survival / homeostatic proliferation; declines with aging. Z-scored within cell type across 92 baseline samples. Included.
pb.cdc1_inflammatory,pseudobulk,"means layer (Seurat-normalized, log1p)",Pseudobulk L3 cell type 'cdc1'. Mean z-score over HALLMARK_INFLAMMATORY_RESPONSE genes. TNF/IL-1/IL-6-driven inflammaging. Z-scored within cell type across 92 baseline samples. Included.
pb.cdc1_tnfa_nfkb,pseudobulk,"means layer (Seurat-normalized, log1p)",Pseudobulk L3 cell type 'cdc1'. Mean z-score over HALLMARK_TNFA_SIGNALING_VIA_NFKB genes. NFkB regulatory arm; distinct from general inflammatory state. Z-scored within cell type across 92 baseline samples. Included.
pb.clp_cell_ifn_alpha,pseudobulk,"means layer (Seurat-normalized, log1p)","Pseudobulk L3 cell type 'clp_cell'. Mean z-score over HALLMARK_INTERFERON_ALPHA_RESPONSE genes. Type I IFN; pDC-produced; innate antiviral response. Z-scored within cell type across 92 baseline samples. FLAGGED FOR POTENTIAL EXCLUSION: progenitor, contaminant, or activation-artifact cell type; discuss before BN fitting."
pb.clp_cell_ifn_gamma,pseudobulk,"means layer (Seurat-normalized, log1p)","Pseudobulk L3 cell type 'clp_cell'. Mean z-score over HALLMARK_INTERFERON_GAMMA_RESPONSE genes. Type II IFN / antiviral / CMV-driven ISG state. Z-scored within cell type across 92 baseline samples. FLAGGED FOR POTENTIAL EXCLUSION: progenitor, contaminant, or activation-artifact cell type; discuss before BN fitting."
pb.clp_cell_il2_stat5,pseudobulk,"means layer (Seurat-normalized, log1p)","Pseudobulk L3 cell type 'clp_cell'. Mean z-score over HALLMARK_IL2_STAT5_SIGNALING genes. T cell survival / homeostatic proliferation; declines with aging. Z-scored within cell type across 92 baseline samples. FLAGGED FOR POTENTIAL EXCLUSION: progenitor, contaminant, or activation-artifact cell type; discuss before BN fitting."
pb.clp_cell_inflammatory,pseudobulk,"means layer (Seurat-normalized, log1p)","Pseudobulk L3 cell type 'clp_cell'. Mean z-score over HALLMARK_INFLAMMATORY_RESPONSE genes. TNF/IL-1/IL-6-driven inflammaging. Z-scored within cell type across 92 baseline samples. FLAGGED FOR POTENTIAL EXCLUSION: progenitor, contaminant, or activation-artifact cell type; discuss before BN fitting."
pb.clp_cell_tnfa_nfkb,pseudobulk,"means layer (Seurat-normalized, log1p)","Pseudobulk L3 cell type 'clp_cell'. Mean z-score over HALLMARK_TNFA_SIGNALING_VIA_NFKB genes. NFkB regulatory arm; distinct from general inflammatory state. Z-scored within cell type across 92 baseline samples. FLAGGED FOR POTENTIAL EXCLUSION: progenitor, contaminant, or activation-artifact cell type; discuss before BN fitting."
pb.cm_cd4_t_cell_ifn_alpha,pseudobulk,"means layer (Seurat-normalized, log1p)",Pseudobulk L3 cell type 'cm_cd4_t_cell'. Mean z-score over HALLMARK_INTERFERON_ALPHA_RESPONSE genes. Type I IFN; pDC-produced; innate antiviral response. Z-scored within cell type across 92 baseline samples. Included.
pb.cm_cd4_t_cell_ifn_gamma,pseudobulk,"means layer (Seurat-normalized, log1p)",Pseudobulk L3 cell type 'cm_cd4_t_cell'. Mean z-score over HALLMARK_INTERFERON_GAMMA_RESPONSE genes. Type II IFN / antiviral / CMV-driven ISG state. Z-scored within cell type across 92 baseline samples. Included.
pb.cm_cd4_t_cell_il2_stat5,pseudobulk,"means layer (Seurat-normalized, log1p)",Pseudobulk L3 cell type 'cm_cd4_t_cell'. Mean z-score over HALLMARK_IL2_STAT5_SIGNALING genes. T cell survival / homeostatic proliferation; declines with aging. Z-scored within cell type across 92 baseline samples. Included.
pb.cm_cd4_t_cell_inflammatory,pseudobulk,"means layer (Seurat-normalized, log1p)",Pseudobulk L3 cell type 'cm_cd4_t_cell'. Mean z-score over HALLMARK_INFLAMMATORY_RESPONSE genes. TNF/IL-1/IL-6-driven inflammaging. Z-scored within cell type across 92 baseline samples. Included.
pb.cm_cd4_t_cell_tnfa_nfkb,pseudobulk,"means layer (Seurat-normalized, log1p)",Pseudobulk L3 cell type 'cm_cd4_t_cell'. Mean z-score over HALLMARK_TNFA_SIGNALING_VIA_NFKB genes. NFkB regulatory arm; distinct from general inflammatory state. Z-scored within cell type across 92 baseline samples. Included.
pb.cm_cd8_t_cell_ifn_alpha,pseudobulk,"means layer (Seurat-normalized, log1p)",Pseudobulk L3 cell type 'cm_cd8_t_cell'. Mean z-score over HALLMARK_INTERFERON_ALPHA_RESPONSE genes. Type I IFN; pDC-produced; innate antiviral response. Z-scored within cell type across 92 baseline samples. Included.
pb.cm_cd8_t_cell_ifn_gamma,pseudobulk,"means layer (Seurat-normalized, log1p)",Pseudobulk L3 cell type 'cm_cd8_t_cell'. Mean z-score over HALLMARK_INTERFERON_GAMMA_RESPONSE genes. Type II IFN / antiviral / CMV-driven ISG state. Z-scored within cell type across 92 baseline samples. Included.
pb.cm_cd8_t_cell_il2_stat5,pseudobulk,"means layer (Seurat-normalized, log1p)",Pseudobulk L3 cell type 'cm_cd8_t_cell'. Mean z-score over HALLMARK_IL2_STAT5_SIGNALING genes. T cell survival / homeostatic proliferation; declines with aging. Z-scored within cell type across 92 baseline samples. Included.
pb.cm_cd8_t_cell_inflammatory,pseudobulk,"means layer (Seurat-normalized, log1p)",Pseudobulk L3 cell type 'cm_cd8_t_cell'. Mean z-score over HALLMARK_INFLAMMATORY_RESPONSE genes. TNF/IL-1/IL-6-driven inflammaging. Z-scored within cell type across 92 baseline samples. Included.
pb.cm_cd8_t_cell_tnfa_nfkb,pseudobulk,"means layer (Seurat-normalized, log1p)",Pseudobulk L3 cell type 'cm_cd8_t_cell'. Mean z-score over HALLMARK_TNFA_SIGNALING_VIA_NFKB genes. NFkB regulatory arm; distinct from general inflammatory state. Z-scored within cell type across 92 baseline samples. Included.
pb.cmp_cell_ifn_alpha,pseudobulk,"means layer (Seurat-normalized, log1p)","Pseudobulk L3 cell type 'cmp_cell'. Mean z-score over HALLMARK_INTERFERON_ALPHA_RESPONSE genes. Type I IFN; pDC-produced; innate antiviral response. Z-scored within cell type across 92 baseline samples. FLAGGED FOR POTENTIAL EXCLUSION: progenitor, contaminant, or activation-artifact cell type; discuss before BN fitting."
pb.cmp_cell_ifn_gamma,pseudobulk,"means layer (Seurat-normalized, log1p)","Pseudobulk L3 cell type 'cmp_cell'. Mean z-score over HALLMARK_INTERFERON_GAMMA_RESPONSE genes. Type II IFN / antiviral / CMV-driven ISG state. Z-scored within cell type across 92 baseline samples. FLAGGED FOR POTENTIAL EXCLUSION: progenitor, contaminant, or activation-artifact cell type; discuss before BN fitting."
pb.cmp_cell_il2_stat5,pseudobulk,"means layer (Seurat-normalized, log1p)","Pseudobulk L3 cell type 'cmp_cell'. Mean z-score over HALLMARK_IL2_STAT5_SIGNALING genes. T cell survival / homeostatic proliferation; declines with aging. Z-scored within cell type across 92 baseline samples. FLAGGED FOR POTENTIAL EXCLUSION: progenitor, contaminant, or activation-artifact cell type; discuss before BN fitting."
pb.cmp_cell_inflammatory,pseudobulk,"means layer (Seurat-normalized, log1p)","Pseudobulk L3 cell type 'cmp_cell'. Mean z-score over HALLMARK_INFLAMMATORY_RESPONSE genes. TNF/IL-1/IL-6-driven inflammaging. Z-scored within cell type across 92 baseline samples. FLAGGED FOR POTENTIAL EXCLUSION: progenitor, contaminant, or activation-artifact cell type; discuss before BN fitting."
pb.cmp_cell_tnfa_nfkb,pseudobulk,"means layer (Seurat-normalized, log1p)","Pseudobulk L3 cell type 'cmp_cell'. Mean z-score over HALLMARK_TNFA_SIGNALING_VIA_NFKB genes. NFkB regulatory arm; distinct from general inflammatory state. Z-scored within cell type across 92 baseline samples. FLAGGED FOR POTENTIAL EXCLUSION: progenitor, contaminant, or activation-artifact cell type; discuss before BN fitting."
pb.core_cd14_monocyte_ifn_alpha,pseudobulk,"means layer (Seurat-normalized, log1p)",Pseudobulk L3 cell type 'core_cd14_monocyte'. Mean z-score over HALLMARK_INTERFERON_ALPHA_RESPONSE genes. Type I IFN; pDC-produced; innate antiviral response. Z-scored within cell type across 92 baseline samples. Included.
pb.core_cd14_monocyte_ifn_gamma,pseudobulk,"means layer (Seurat-normalized, log1p)",Pseudobulk L3 cell type 'core_cd14_monocyte'. Mean z-score over HALLMARK_INTERFERON_GAMMA_RESPONSE genes. Type II IFN / antiviral / CMV-driven ISG state. Z-scored within cell type across 92 baseline samples. Included.
pb.core_cd14_monocyte_il2_stat5,pseudobulk,"means layer (Seurat-normalized, log1p)",Pseudobulk L3 cell type 'core_cd14_monocyte'. Mean z-score over HALLMARK_IL2_STAT5_SIGNALING genes. T cell survival / homeostatic proliferation; declines with aging. Z-scored within cell type across 92 baseline samples. Included.
pb.core_cd14_monocyte_inflammatory,pseudobulk,"means layer (Seurat-normalized, log1p)",Pseudobulk L3 cell type 'core_cd14_monocyte'. Mean z-score over HALLMARK_INFLAMMATORY_RESPONSE genes. TNF/IL-1/IL-6-driven inflammaging. Z-scored within cell type across 92 baseline samples. Included.
pb.core_cd14_monocyte_tnfa_nfkb,pseudobulk,"means layer (Seurat-normalized, log1p)",Pseudobulk L3 cell type 'core_cd14_monocyte'. Mean z-score over HALLMARK_TNFA_SIGNALING_VIA_NFKB genes. NFkB regulatory arm; distinct from general inflammatory state. Z-scored within cell type across 92 baseline samples. Included.
pb.core_cd16_monocyte_ifn_alpha,pseudobulk,"means layer (Seurat-normalized, log1p)",Pseudobulk L3 cell type 'core_cd16_monocyte'. Mean z-score over HALLMARK_INTERFERON_ALPHA_RESPONSE genes. Type I IFN; pDC-produced; innate antiviral response. Z-scored within cell type across 92 baseline samples. Included.
pb.core_cd16_monocyte_ifn_gamma,pseudobulk,"means layer (Seurat-normalized, log1p)",Pseudobulk L3 cell type 'core_cd16_monocyte'. Mean z-score over HALLMARK_INTERFERON_GAMMA_RESPONSE genes. Type II IFN / antiviral / CMV-driven ISG state. Z-scored within cell type across 92 baseline samples. Included.
pb.core_cd16_monocyte_il2_stat5,pseudobulk,"means layer (Seurat-normalized, log1p)",Pseudobulk L3 cell type 'core_cd16_monocyte'. Mean z-score over HALLMARK_IL2_STAT5_SIGNALING genes. T cell survival / homeostatic proliferation; declines with aging. Z-scored within cell type across 92 baseline samples. Included.
pb.core_cd16_monocyte_inflammatory,pseudobulk,"means layer (Seurat-normalized, log1p)",Pseudobulk L3 cell type 'core_cd16_monocyte'. Mean z-score over HALLMARK_INFLAMMATORY_RESPONSE genes. TNF/IL-1/IL-6-driven inflammaging. Z-scored within cell type across 92 baseline samples. Included.
pb.core_cd16_monocyte_tnfa_nfkb,pseudobulk,"means layer (Seurat-normalized, log1p)",Pseudobulk L3 cell type 'core_cd16_monocyte'. Mean z-score over HALLMARK_TNFA_SIGNALING_VIA_NFKB genes. NFkB regulatory arm; distinct from general inflammatory state. Z-scored within cell type across 92 baseline samples. Included.
pb.core_memory_b_cell_ifn_alpha,pseudobulk,"means layer (Seurat-normalized, log1p)",Pseudobulk L3 cell type 'core_memory_b_cell'. Mean z-score over HALLMARK_INTERFERON_ALPHA_RESPONSE genes. Type I IFN; pDC-produced; innate antiviral response. Z-scored within cell type across 92 baseline samples. Included.
pb.core_memory_b_cell_ifn_gamma,pseudobulk,"means layer (Seurat-normalized, log1p)",Pseudobulk L3 cell type 'core_memory_b_cell'. Mean z-score over HALLMARK_INTERFERON_GAMMA_RESPONSE genes. Type II IFN / antiviral / CMV-driven ISG state. Z-scored within cell type across 92 baseline samples. Included.
pb.core_memory_b_cell_il2_stat5,pseudobulk,"means layer (Seurat-normalized, log1p)",Pseudobulk L3 cell type 'core_memory_b_cell'. Mean z-score over HALLMARK_IL2_STAT5_SIGNALING genes. T cell survival / homeostatic proliferation; declines with aging. Z-scored within cell type across 92 baseline samples. Included.
pb.core_memory_b_cell_inflammatory,pseudobulk,"means layer (Seurat-normalized, log1p)",Pseudobulk L3 cell type 'core_memory_b_cell'. Mean z-score over HALLMARK_INFLAMMATORY_RESPONSE genes. TNF/IL-1/IL-6-driven inflammaging. Z-scored within cell type across 92 baseline samples. Included.
pb.core_memory_b_cell_tnfa_nfkb,pseudobulk,"means layer (Seurat-normalized, log1p)",Pseudobulk L3 cell type 'core_memory_b_cell'. Mean z-score over HALLMARK_TNFA_SIGNALING_VIA_NFKB genes. NFkB regulatory arm; distinct from general inflammatory state. Z-scored within cell type across 92 baseline samples. Included.
pb.core_naive_b_cell_ifn_alpha,pseudobulk,"means layer (Seurat-normalized, log1p)",Pseudobulk L3 cell type 'core_naive_b_cell'. Mean z-score over HALLMARK_INTERFERON_ALPHA_RESPONSE genes. Type I IFN; pDC-produced; innate antiviral response. Z-scored within cell type across 92 baseline samples. Included.
pb.core_naive_b_cell_ifn_gamma,pseudobulk,"means layer (Seurat-normalized, log1p)",Pseudobulk L3 cell type 'core_naive_b_cell'. Mean z-score over HALLMARK_INTERFERON_GAMMA_RESPONSE genes. Type II IFN / antiviral / CMV-driven ISG state. Z-scored within cell type across 92 baseline samples. Included.
pb.core_naive_b_cell_il2_stat5,pseudobulk,"means layer (Seurat-normalized, log1p)",Pseudobulk L3 cell type 'core_naive_b_cell'. Mean z-score over HALLMARK_IL2_STAT5_SIGNALING genes. T cell survival / homeostatic proliferation; declines with aging. Z-scored within cell type across 92 baseline samples. Included.
pb.core_naive_b_cell_inflammatory,pseudobulk,"means layer (Seurat-normalized, log1p)",Pseudobulk L3 cell type 'core_naive_b_cell'. Mean z-score over HALLMARK_INFLAMMATORY_RESPONSE genes. TNF/IL-1/IL-6-driven inflammaging. Z-scored within cell type across 92 baseline samples. Included.
pb.core_naive_b_cell_tnfa_nfkb,pseudobulk,"means layer (Seurat-normalized, log1p)",Pseudobulk L3 cell type 'core_naive_b_cell'. Mean z-score over HALLMARK_TNFA_SIGNALING_VIA_NFKB genes. NFkB regulatory arm; distinct from general inflammatory state. Z-scored within cell type across 92 baseline samples. Included.
pb.core_naive_cd4_t_cell_ifn_alpha,pseudobulk,"means layer (Seurat-normalized, log1p)",Pseudobulk L3 cell type 'core_naive_cd4_t_cell'. Mean z-score over HALLMARK_INTERFERON_ALPHA_RESPONSE genes. Type I IFN; pDC-produced; innate antiviral response. Z-scored within cell type across 92 baseline samples. Included.
pb.core_naive_cd4_t_cell_ifn_gamma,pseudobulk,"means layer (Seurat-normalized, log1p)",Pseudobulk L3 cell type 'core_naive_cd4_t_cell'. Mean z-score over HALLMARK_INTERFERON_GAMMA_RESPONSE genes. Type II IFN / antiviral / CMV-driven ISG state. Z-scored within cell type across 92 baseline samples. Included.
pb.core_naive_cd4_t_cell_il2_stat5,pseudobulk,"means layer (Seurat-normalized, log1p)",Pseudobulk L3 cell type 'core_naive_cd4_t_cell'. Mean z-score over HALLMARK_IL2_STAT5_SIGNALING genes. T cell survival / homeostatic proliferation; declines with aging. Z-scored within cell type across 92 baseline samples. Included.
pb.core_naive_cd4_t_cell_inflammatory,pseudobulk,"means layer (Seurat-normalized, log1p)",Pseudobulk L3 cell type 'core_naive_cd4_t_cell'. Mean z-score over HALLMARK_INFLAMMATORY_RESPONSE genes. TNF/IL-1/IL-6-driven inflammaging. Z-scored within cell type across 92 baseline samples. Included.
pb.core_naive_cd4_t_cell_tnfa_nfkb,pseudobulk,"means layer (Seurat-normalized, log1p)",Pseudobulk L3 cell type 'core_naive_cd4_t_cell'. Mean z-score over HALLMARK_TNFA_SIGNALING_VIA_NFKB genes. NFkB regulatory arm; distinct from general inflammatory state. Z-scored within cell type across 92 baseline samples. Included.
pb.core_naive_cd8_t_cell_ifn_alpha,pseudobulk,"means layer (Seurat-normalized, log1p)",Pseudobulk L3 cell type 'core_naive_cd8_t_cell'. Mean z-score over HALLMARK_INTERFERON_ALPHA_RESPONSE genes. Type I IFN; pDC-produced; innate antiviral response. Z-scored within cell type across 92 baseline samples. Included.
pb.core_naive_cd8_t_cell_ifn_gamma,pseudobulk,"means layer (Seurat-normalized, log1p)",Pseudobulk L3 cell type 'core_naive_cd8_t_cell'. Mean z-score over HALLMARK_INTERFERON_GAMMA_RESPONSE genes. Type II IFN / antiviral / CMV-driven ISG state. Z-scored within cell type across 92 baseline samples. Included.
pb.core_naive_cd8_t_cell_il2_stat5,pseudobulk,"means layer (Seurat-normalized, log1p)",Pseudobulk L3 cell type 'core_naive_cd8_t_cell'. Mean z-score over HALLMARK_IL2_STAT5_SIGNALING genes. T cell survival / homeostatic proliferation; declines with aging. Z-scored within cell type across 92 baseline samples. Included.
pb.core_naive_cd8_t_cell_inflammatory,pseudobulk,"means layer (Seurat-normalized, log1p)",Pseudobulk L3 cell type 'core_naive_cd8_t_cell'. Mean z-score over HALLMARK_INFLAMMATORY_RESPONSE genes. TNF/IL-1/IL-6-driven inflammaging. Z-scored within cell type across 92 baseline samples. Included.
pb.core_naive_cd8_t_cell_tnfa_nfkb,pseudobulk,"means layer (Seurat-normalized, log1p)",Pseudobulk L3 cell type 'core_naive_cd8_t_cell'. Mean z-score over HALLMARK_TNFA_SIGNALING_VIA_NFKB genes. NFkB regulatory arm; distinct from general inflammatory state. Z-scored within cell type across 92 baseline samples. Included.
pb.dn_t_cell_ifn_alpha,pseudobulk,"means layer (Seurat-normalized, log1p)",Pseudobulk L3 cell type 'dn_t_cell'. Mean z-score over HALLMARK_INTERFERON_ALPHA_RESPONSE genes. Type I IFN; pDC-produced; innate antiviral response. Z-scored within cell type across 92 baseline samples. Included.
pb.dn_t_cell_ifn_gamma,pseudobulk,"means layer (Seurat-normalized, log1p)",Pseudobulk L3 cell type 'dn_t_cell'. Mean z-score over HALLMARK_INTERFERON_GAMMA_RESPONSE genes. Type II IFN / antiviral / CMV-driven ISG state. Z-scored within cell type across 92 baseline samples. Included.
pb.dn_t_cell_il2_stat5,pseudobulk,"means layer (Seurat-normalized, log1p)",Pseudobulk L3 cell type 'dn_t_cell'. Mean z-score over HALLMARK_IL2_STAT5_SIGNALING genes. T cell survival / homeostatic proliferation; declines with aging. Z-scored within cell type across 92 baseline samples. Included.
pb.dn_t_cell_inflammatory,pseudobulk,"means layer (Seurat-normalized, log1p)",Pseudobulk L3 cell type 'dn_t_cell'. Mean z-score over HALLMARK_INFLAMMATORY_RESPONSE genes. TNF/IL-1/IL-6-driven inflammaging. Z-scored within cell type across 92 baseline samples. Included.
pb.dn_t_cell_tnfa_nfkb,pseudobulk,"means layer (Seurat-normalized, log1p)",Pseudobulk L3 cell type 'dn_t_cell'. Mean z-score over HALLMARK_TNFA_SIGNALING_VIA_NFKB genes. NFkB regulatory arm; distinct from general inflammatory state. Z-scored within cell type across 92 baseline samples. Included.
pb.early_memory_b_cell_ifn_alpha,pseudobulk,"means layer (Seurat-normalized, log1p)",Pseudobulk L3 cell type 'early_memory_b_cell'. Mean z-score over HALLMARK_INTERFERON_ALPHA_RESPONSE genes. Type I IFN; pDC-produced; innate antiviral response. Z-scored within cell type across 92 baseline samples. Included.
pb.early_memory_b_cell_ifn_gamma,pseudobulk,"means layer (Seurat-normalized, log1p)",Pseudobulk L3 cell type 'early_memory_b_cell'. Mean z-score over HALLMARK_INTERFERON_GAMMA_RESPONSE genes. Type II IFN / antiviral / CMV-driven ISG state. Z-scored within cell type across 92 baseline samples. Included.
pb.early_memory_b_cell_il2_stat5,pseudobulk,"means layer (Seurat-normalized, log1p)",Pseudobulk L3 cell type 'early_memory_b_cell'. Mean z-score over HALLMARK_IL2_STAT5_SIGNALING genes. T cell survival / homeostatic proliferation; declines with aging. Z-scored within cell type across 92 baseline samples. Included.
pb.early_memory_b_cell_inflammatory,pseudobulk,"means layer (Seurat-normalized, log1p)",Pseudobulk L3 cell type 'early_memory_b_cell'. Mean z-score over HALLMARK_INFLAMMATORY_RESPONSE genes. TNF/IL-1/IL-6-driven inflammaging. Z-scored within cell type across 92 baseline samples. Included.
pb.early_memory_b_cell_tnfa_nfkb,pseudobulk,"means layer (Seurat-normalized, log1p)",Pseudobulk L3 cell type 'early_memory_b_cell'. Mean z-score over HALLMARK_TNFA_SIGNALING_VIA_NFKB genes. NFkB regulatory arm; distinct from general inflammatory state. Z-scored within cell type across 92 baseline samples. Included.
pb.erythrocyte_ifn_alpha,pseudobulk,"means layer (Seurat-normalized, log1p)","Pseudobulk L3 cell type 'erythrocyte'. Mean z-score over HALLMARK_INTERFERON_ALPHA_RESPONSE genes. Type I IFN; pDC-produced; innate antiviral response. Z-scored within cell type across 92 baseline samples. FLAGGED FOR POTENTIAL EXCLUSION: progenitor, contaminant, or activation-artifact cell type; discuss before BN fitting."
pb.erythrocyte_ifn_gamma,pseudobulk,"means layer (Seurat-normalized, log1p)","Pseudobulk L3 cell type 'erythrocyte'. Mean z-score over HALLMARK_INTERFERON_GAMMA_RESPONSE genes. Type II IFN / antiviral / CMV-driven ISG state. Z-scored within cell type across 92 baseline samples. FLAGGED FOR POTENTIAL EXCLUSION: progenitor, contaminant, or activation-artifact cell type; discuss before BN fitting."
pb.erythrocyte_il2_stat5,pseudobulk,"means layer (Seurat-normalized, log1p)","Pseudobulk L3 cell type 'erythrocyte'. Mean z-score over HALLMARK_IL2_STAT5_SIGNALING genes. T cell survival / homeostatic proliferation; declines with aging. Z-scored within cell type across 92 baseline samples. FLAGGED FOR POTENTIAL EXCLUSION: progenitor, contaminant, or activation-artifact cell type; discuss before BN fitting."
pb.erythrocyte_inflammatory,pseudobulk,"means layer (Seurat-normalized, log1p)","Pseudobulk L3 cell type 'erythrocyte'. Mean z-score over HALLMARK_INFLAMMATORY_RESPONSE genes. TNF/IL-1/IL-6-driven inflammaging. Z-scored within cell type across 92 baseline samples. FLAGGED FOR POTENTIAL EXCLUSION: progenitor, contaminant, or activation-artifact cell type; discuss before BN fitting."
pb.erythrocyte_tnfa_nfkb,pseudobulk,"means layer (Seurat-normalized, log1p)","Pseudobulk L3 cell type 'erythrocyte'. Mean z-score over HALLMARK_TNFA_SIGNALING_VIA_NFKB genes. NFkB regulatory arm; distinct from general inflammatory state. Z-scored within cell type across 92 baseline samples. FLAGGED FOR POTENTIAL EXCLUSION: progenitor, contaminant, or activation-artifact cell type; discuss before BN fitting."
pb.gzmb_cd27_em_cd4_t_cell_ifn_alpha,pseudobulk,"means layer (Seurat-normalized, log1p)",Pseudobulk L3 cell type 'gzmb_cd27_em_cd4_t_cell'. Mean z-score over HALLMARK_INTERFERON_ALPHA_RESPONSE genes. Type I IFN; pDC-produced; innate antiviral response. Z-scored within cell type across 92 baseline samples. Included.
pb.gzmb_cd27_em_cd4_t_cell_ifn_gamma,pseudobulk,"means layer (Seurat-normalized, log1p)",Pseudobulk L3 cell type 'gzmb_cd27_em_cd4_t_cell'. Mean z-score over HALLMARK_INTERFERON_GAMMA_RESPONSE genes. Type II IFN / antiviral / CMV-driven ISG state. Z-scored within cell type across 92 baseline samples. Included.
pb.gzmb_cd27_em_cd4_t_cell_il2_stat5,pseudobulk,"means layer (Seurat-normalized, log1p)",Pseudobulk L3 cell type 'gzmb_cd27_em_cd4_t_cell'. Mean z-score over HALLMARK_IL2_STAT5_SIGNALING genes. T cell survival / homeostatic proliferation; declines with aging. Z-scored within cell type across 92 baseline samples. Included.
pb.gzmb_cd27_em_cd4_t_cell_inflammatory,pseudobulk,"means layer (Seurat-normalized, log1p)",Pseudobulk L3 cell type 'gzmb_cd27_em_cd4_t_cell'. Mean z-score over HALLMARK_INFLAMMATORY_RESPONSE genes. TNF/IL-1/IL-6-driven inflammaging. Z-scored within cell type across 92 baseline samples. Included.
pb.gzmb_cd27_em_cd4_t_cell_tnfa_nfkb,pseudobulk,"means layer (Seurat-normalized, log1p)",Pseudobulk L3 cell type 'gzmb_cd27_em_cd4_t_cell'. Mean z-score over HALLMARK_TNFA_SIGNALING_VIA_NFKB genes. NFkB regulatory arm; distinct from general inflammatory state. Z-scored within cell type across 92 baseline samples. Included.
pb.gzmb_vd2_gdt_ifn_alpha,pseudobulk,"means layer (Seurat-normalized, log1p)",Pseudobulk L3 cell type 'gzmb_vd2_gdt'. Mean z-score over HALLMARK_INTERFERON_ALPHA_RESPONSE genes. Type I IFN; pDC-produced; innate antiviral response. Z-scored within cell type across 92 baseline samples. Included.
pb.gzmb_vd2_gdt_ifn_gamma,pseudobulk,"means layer (Seurat-normalized, log1p)",Pseudobulk L3 cell type 'gzmb_vd2_gdt'. Mean z-score over HALLMARK_INTERFERON_GAMMA_RESPONSE genes. Type II IFN / antiviral / CMV-driven ISG state. Z-scored within cell type across 92 baseline samples. Included.
pb.gzmb_vd2_gdt_il2_stat5,pseudobulk,"means layer (Seurat-normalized, log1p)",Pseudobulk L3 cell type 'gzmb_vd2_gdt'. Mean z-score over HALLMARK_IL2_STAT5_SIGNALING genes. T cell survival / homeostatic proliferation; declines with aging. Z-scored within cell type across 92 baseline samples. Included.
pb.gzmb_vd2_gdt_inflammatory,pseudobulk,"means layer (Seurat-normalized, log1p)",Pseudobulk L3 cell type 'gzmb_vd2_gdt'. Mean z-score over HALLMARK_INFLAMMATORY_RESPONSE genes. TNF/IL-1/IL-6-driven inflammaging. Z-scored within cell type across 92 baseline samples. Included.
pb.gzmb_vd2_gdt_tnfa_nfkb,pseudobulk,"means layer (Seurat-normalized, log1p)",Pseudobulk L3 cell type 'gzmb_vd2_gdt'. Mean z-score over HALLMARK_TNFA_SIGNALING_VIA_NFKB genes. NFkB regulatory arm; distinct from general inflammatory state. Z-scored within cell type across 92 baseline samples. Included.
pb.gzmk_cd27_em_cd8_t_cell_ifn_alpha,pseudobulk,"means layer (Seurat-normalized, log1p)",Pseudobulk L3 cell type 'gzmk_cd27_em_cd8_t_cell'. Mean z-score over HALLMARK_INTERFERON_ALPHA_RESPONSE genes. Type I IFN; pDC-produced; innate antiviral response. Z-scored within cell type across 92 baseline samples. Included.
pb.gzmk_cd27_em_cd8_t_cell_ifn_gamma,pseudobulk,"means layer (Seurat-normalized, log1p)",Pseudobulk L3 cell type 'gzmk_cd27_em_cd8_t_cell'. Mean z-score over HALLMARK_INTERFERON_GAMMA_RESPONSE genes. Type II IFN / antiviral / CMV-driven ISG state. Z-scored within cell type across 92 baseline samples. Included.
pb.gzmk_cd27_em_cd8_t_cell_il2_stat5,pseudobulk,"means layer (Seurat-normalized, log1p)",Pseudobulk L3 cell type 'gzmk_cd27_em_cd8_t_cell'. Mean z-score over HALLMARK_IL2_STAT5_SIGNALING genes. T cell survival / homeostatic proliferation; declines with aging. Z-scored within cell type across 92 baseline samples. Included.
pb.gzmk_cd27_em_cd8_t_cell_inflammatory,pseudobulk,"means layer (Seurat-normalized, log1p)",Pseudobulk L3 cell type 'gzmk_cd27_em_cd8_t_cell'. Mean z-score over HALLMARK_INFLAMMATORY_RESPONSE genes. TNF/IL-1/IL-6-driven inflammaging. Z-scored within cell type across 92 baseline samples. Included.
pb.gzmk_cd27_em_cd8_t_cell_tnfa_nfkb,pseudobulk,"means layer (Seurat-normalized, log1p)",Pseudobulk L3 cell type 'gzmk_cd27_em_cd8_t_cell'. Mean z-score over HALLMARK_TNFA_SIGNALING_VIA_NFKB genes. NFkB regulatory arm; distinct from general inflammatory state. Z-scored within cell type across 92 baseline samples. Included.
pb.gzmk_cd56dim_nk_cell_ifn_alpha,pseudobulk,"means layer (Seurat-normalized, log1p)",Pseudobulk L3 cell type 'gzmk_cd56dim_nk_cell'. Mean z-score over HALLMARK_INTERFERON_ALPHA_RESPONSE genes. Type I IFN; pDC-produced; innate antiviral response. Z-scored within cell type across 92 baseline samples. Included.
pb.gzmk_cd56dim_nk_cell_ifn_gamma,pseudobulk,"means layer (Seurat-normalized, log1p)",Pseudobulk L3 cell type 'gzmk_cd56dim_nk_cell'. Mean z-score over HALLMARK_INTERFERON_GAMMA_RESPONSE genes. Type II IFN / antiviral / CMV-driven ISG state. Z-scored within cell type across 92 baseline samples. Included.
pb.gzmk_cd56dim_nk_cell_il2_stat5,pseudobulk,"means layer (Seurat-normalized, log1p)",Pseudobulk L3 cell type 'gzmk_cd56dim_nk_cell'. Mean z-score over HALLMARK_IL2_STAT5_SIGNALING genes. T cell survival / homeostatic proliferation; declines with aging. Z-scored within cell type across 92 baseline samples. Included.
pb.gzmk_cd56dim_nk_cell_inflammatory,pseudobulk,"means layer (Seurat-normalized, log1p)",Pseudobulk L3 cell type 'gzmk_cd56dim_nk_cell'. Mean z-score over HALLMARK_INFLAMMATORY_RESPONSE genes. TNF/IL-1/IL-6-driven inflammaging. Z-scored within cell type across 92 baseline samples. Included.
pb.gzmk_cd56dim_nk_cell_tnfa_nfkb,pseudobulk,"means layer (Seurat-normalized, log1p)",Pseudobulk L3 cell type 'gzmk_cd56dim_nk_cell'. Mean z-score over HALLMARK_TNFA_SIGNALING_VIA_NFKB genes. NFkB regulatory arm; distinct from general inflammatory state. Z-scored within cell type across 92 baseline samples. Included.
pb.gzmk_memory_cd4_treg_ifn_alpha,pseudobulk,"means layer (Seurat-normalized, log1p)",Pseudobulk L3 cell type 'gzmk_memory_cd4_treg'. Mean z-score over HALLMARK_INTERFERON_ALPHA_RESPONSE genes. Type I IFN; pDC-produced; innate antiviral response. Z-scored within cell type across 92 baseline samples. Included.
pb.gzmk_memory_cd4_treg_ifn_gamma,pseudobulk,"means layer (Seurat-normalized, log1p)",Pseudobulk L3 cell type 'gzmk_memory_cd4_treg'. Mean z-score over HALLMARK_INTERFERON_GAMMA_RESPONSE genes. Type II IFN / antiviral / CMV-driven ISG state. Z-scored within cell type across 92 baseline samples. Included.
pb.gzmk_memory_cd4_treg_il2_stat5,pseudobulk,"means layer (Seurat-normalized, log1p)",Pseudobulk L3 cell type 'gzmk_memory_cd4_treg'. Mean z-score over HALLMARK_IL2_STAT5_SIGNALING genes. T cell survival / homeostatic proliferation; declines with aging. Z-scored within cell type across 92 baseline samples. Included.
pb.gzmk_memory_cd4_treg_inflammatory,pseudobulk,"means layer (Seurat-normalized, log1p)",Pseudobulk L3 cell type 'gzmk_memory_cd4_treg'. Mean z-score over HALLMARK_INFLAMMATORY_RESPONSE genes. TNF/IL-1/IL-6-driven inflammaging. Z-scored within cell type across 92 baseline samples. Included.
pb.gzmk_memory_cd4_treg_tnfa_nfkb,pseudobulk,"means layer (Seurat-normalized, log1p)",Pseudobulk L3 cell type 'gzmk_memory_cd4_treg'. Mean z-score over HALLMARK_TNFA_SIGNALING_VIA_NFKB genes. NFkB regulatory arm; distinct from general inflammatory state. Z-scored within cell type across 92 baseline samples. Included.
pb.gzmk_vd2_gdt_ifn_alpha,pseudobulk,"means layer (Seurat-normalized, log1p)",Pseudobulk L3 cell type 'gzmk_vd2_gdt'. Mean z-score over HALLMARK_INTERFERON_ALPHA_RESPONSE genes. Type I IFN; pDC-produced; innate antiviral response. Z-scored within cell type across 92 baseline samples. Included.
pb.gzmk_vd2_gdt_ifn_gamma,pseudobulk,"means layer (Seurat-normalized, log1p)",Pseudobulk L3 cell type 'gzmk_vd2_gdt'. Mean z-score over HALLMARK_INTERFERON_GAMMA_RESPONSE genes. Type II IFN / antiviral / CMV-driven ISG state. Z-scored within cell type across 92 baseline samples. Included.
pb.gzmk_vd2_gdt_il2_stat5,pseudobulk,"means layer (Seurat-normalized, log1p)",Pseudobulk L3 cell type 'gzmk_vd2_gdt'. Mean z-score over HALLMARK_IL2_STAT5_SIGNALING genes. T cell survival / homeostatic proliferation; declines with aging. Z-scored within cell type across 92 baseline samples. Included.
pb.gzmk_vd2_gdt_inflammatory,pseudobulk,"means layer (Seurat-normalized, log1p)",Pseudobulk L3 cell type 'gzmk_vd2_gdt'. Mean z-score over HALLMARK_INFLAMMATORY_RESPONSE genes. TNF/IL-1/IL-6-driven inflammaging. Z-scored within cell type across 92 baseline samples. Included.
pb.gzmk_vd2_gdt_tnfa_nfkb,pseudobulk,"means layer (Seurat-normalized, log1p)",Pseudobulk L3 cell type 'gzmk_vd2_gdt'. Mean z-score over HALLMARK_TNFA_SIGNALING_VIA_NFKB genes. NFkB regulatory arm; distinct from general inflammatory state. Z-scored within cell type across 92 baseline samples. Included.
pb.hla_drhi_cdc2_ifn_alpha,pseudobulk,"means layer (Seurat-normalized, log1p)",Pseudobulk L3 cell type 'hla_drhi_cdc2'. Mean z-score over HALLMARK_INTERFERON_ALPHA_RESPONSE genes. Type I IFN; pDC-produced; innate antiviral response. Z-scored within cell type across 92 baseline samples. Included.
pb.hla_drhi_cdc2_ifn_gamma,pseudobulk,"means layer (Seurat-normalized, log1p)",Pseudobulk L3 cell type 'hla_drhi_cdc2'. Mean z-score over HALLMARK_INTERFERON_GAMMA_RESPONSE genes. Type II IFN / antiviral / CMV-driven ISG state. Z-scored within cell type across 92 baseline samples. Included.
pb.hla_drhi_cdc2_il2_stat5,pseudobulk,"means layer (Seurat-normalized, log1p)",Pseudobulk L3 cell type 'hla_drhi_cdc2'. Mean z-score over HALLMARK_IL2_STAT5_SIGNALING genes. T cell survival / homeostatic proliferation; declines with aging. Z-scored within cell type across 92 baseline samples. Included.
pb.hla_drhi_cdc2_inflammatory,pseudobulk,"means layer (Seurat-normalized, log1p)",Pseudobulk L3 cell type 'hla_drhi_cdc2'. Mean z-score over HALLMARK_INFLAMMATORY_RESPONSE genes. TNF/IL-1/IL-6-driven inflammaging. Z-scored within cell type across 92 baseline samples. Included.
pb.hla_drhi_cdc2_tnfa_nfkb,pseudobulk,"means layer (Seurat-normalized, log1p)",Pseudobulk L3 cell type 'hla_drhi_cdc2'. Mean z-score over HALLMARK_TNFA_SIGNALING_VIA_NFKB genes. NFkB regulatory arm; distinct from general inflammatory state. Z-scored within cell type across 92 baseline samples. Included.
pb.il1b_cd14_monocyte_ifn_alpha,pseudobulk,"means layer (Seurat-normalized, log1p)",Pseudobulk L3 cell type 'il1b_cd14_monocyte'. Mean z-score over HALLMARK_INTERFERON_ALPHA_RESPONSE genes. Type I IFN; pDC-produced; innate antiviral response. Z-scored within cell type across 92 baseline samples. Included.
pb.il1b_cd14_monocyte_ifn_gamma,pseudobulk,"means layer (Seurat-normalized, log1p)",Pseudobulk L3 cell type 'il1b_cd14_monocyte'. Mean z-score over HALLMARK_INTERFERON_GAMMA_RESPONSE genes. Type II IFN / antiviral / CMV-driven ISG state. Z-scored within cell type across 92 baseline samples. Included.
pb.il1b_cd14_monocyte_il2_stat5,pseudobulk,"means layer (Seurat-normalized, log1p)",Pseudobulk L3 cell type 'il1b_cd14_monocyte'. Mean z-score over HALLMARK_IL2_STAT5_SIGNALING genes. T cell survival / homeostatic proliferation; declines with aging. Z-scored within cell type across 92 baseline samples. Included.
pb.il1b_cd14_monocyte_inflammatory,pseudobulk,"means layer (Seurat-normalized, log1p)",Pseudobulk L3 cell type 'il1b_cd14_monocyte'. Mean z-score over HALLMARK_INFLAMMATORY_RESPONSE genes. TNF/IL-1/IL-6-driven inflammaging. Z-scored within cell type across 92 baseline samples. Included.
pb.il1b_cd14_monocyte_tnfa_nfkb,pseudobulk,"means layer (Seurat-normalized, log1p)",Pseudobulk L3 cell type 'il1b_cd14_monocyte'. Mean z-score over HALLMARK_TNFA_SIGNALING_VIA_NFKB genes. NFkB regulatory arm; distinct from general inflammatory state. Z-scored within cell type across 92 baseline samples. Included.
pb.ilc_ifn_alpha,pseudobulk,"means layer (Seurat-normalized, log1p)",Pseudobulk L3 cell type 'ilc'. Mean z-score over HALLMARK_INTERFERON_ALPHA_RESPONSE genes. Type I IFN; pDC-produced; innate antiviral response. Z-scored within cell type across 92 baseline samples. Included.
pb.ilc_ifn_gamma,pseudobulk,"means layer (Seurat-normalized, log1p)",Pseudobulk L3 cell type 'ilc'. Mean z-score over HALLMARK_INTERFERON_GAMMA_RESPONSE genes. Type II IFN / antiviral / CMV-driven ISG state. Z-scored within cell type across 92 baseline samples. Included.
pb.ilc_il2_stat5,pseudobulk,"means layer (Seurat-normalized, log1p)",Pseudobulk L3 cell type 'ilc'. Mean z-score over HALLMARK_IL2_STAT5_SIGNALING genes. T cell survival / homeostatic proliferation; declines with aging. Z-scored within cell type across 92 baseline samples. Included.
pb.ilc_inflammatory,pseudobulk,"means layer (Seurat-normalized, log1p)",Pseudobulk L3 cell type 'ilc'. Mean z-score over HALLMARK_INFLAMMATORY_RESPONSE genes. TNF/IL-1/IL-6-driven inflammaging. Z-scored within cell type across 92 baseline samples. Included.
pb.ilc_tnfa_nfkb,pseudobulk,"means layer (Seurat-normalized, log1p)",Pseudobulk L3 cell type 'ilc'. Mean z-score over HALLMARK_TNFA_SIGNALING_VIA_NFKB genes. NFkB regulatory arm; distinct from general inflammatory state. Z-scored within cell type across 92 baseline samples. Included.
pb.intermediate_monocyte_ifn_alpha,pseudobulk,"means layer (Seurat-normalized, log1p)",Pseudobulk L3 cell type 'intermediate_monocyte'. Mean z-score over HALLMARK_INTERFERON_ALPHA_RESPONSE genes. Type I IFN; pDC-produced; innate antiviral response. Z-scored within cell type across 92 baseline samples. Included.
pb.intermediate_monocyte_ifn_gamma,pseudobulk,"means layer (Seurat-normalized, log1p)",Pseudobulk L3 cell type 'intermediate_monocyte'. Mean z-score over HALLMARK_INTERFERON_GAMMA_RESPONSE genes. Type II IFN / antiviral / CMV-driven ISG state. Z-scored within cell type across 92 baseline samples. Included.
pb.intermediate_monocyte_il2_stat5,pseudobulk,"means layer (Seurat-normalized, log1p)",Pseudobulk L3 cell type 'intermediate_monocyte'. Mean z-score over HALLMARK_IL2_STAT5_SIGNALING genes. T cell survival / homeostatic proliferation; declines with aging. Z-scored within cell type across 92 baseline samples. Included.
pb.intermediate_monocyte_inflammatory,pseudobulk,"means layer (Seurat-normalized, log1p)",Pseudobulk L3 cell type 'intermediate_monocyte'. Mean z-score over HALLMARK_INFLAMMATORY_RESPONSE genes. TNF/IL-1/IL-6-driven inflammaging. Z-scored within cell type across 92 baseline samples. Included.
pb.intermediate_monocyte_tnfa_nfkb,pseudobulk,"means layer (Seurat-normalized, log1p)",Pseudobulk L3 cell type 'intermediate_monocyte'. Mean z-score over HALLMARK_TNFA_SIGNALING_VIA_NFKB genes. NFkB regulatory arm; distinct from general inflammatory state. Z-scored within cell type across 92 baseline samples. Included.
pb.isg_cd14_monocyte_ifn_alpha,pseudobulk,"means layer (Seurat-normalized, log1p)",Pseudobulk L3 cell type 'isg_cd14_monocyte'. Mean z-score over HALLMARK_INTERFERON_ALPHA_RESPONSE genes. Type I IFN; pDC-produced; innate antiviral response. Z-scored within cell type across 92 baseline samples. Included.
pb.isg_cd14_monocyte_ifn_gamma,pseudobulk,"means layer (Seurat-normalized, log1p)",Pseudobulk L3 cell type 'isg_cd14_monocyte'. Mean z-score over HALLMARK_INTERFERON_GAMMA_RESPONSE genes. Type II IFN / antiviral / CMV-driven ISG state. Z-scored within cell type across 92 baseline samples. Included.
pb.isg_cd14_monocyte_il2_stat5,pseudobulk,"means layer (Seurat-normalized, log1p)",Pseudobulk L3 cell type 'isg_cd14_monocyte'. Mean z-score over HALLMARK_IL2_STAT5_SIGNALING genes. T cell survival / homeostatic proliferation; declines with aging. Z-scored within cell type across 92 baseline samples. Included.
pb.isg_cd14_monocyte_inflammatory,pseudobulk,"means layer (Seurat-normalized, log1p)",Pseudobulk L3 cell type 'isg_cd14_monocyte'. Mean z-score over HALLMARK_INFLAMMATORY_RESPONSE genes. TNF/IL-1/IL-6-driven inflammaging. Z-scored within cell type across 92 baseline samples. Included.
pb.isg_cd14_monocyte_tnfa_nfkb,pseudobulk,"means layer (Seurat-normalized, log1p)",Pseudobulk L3 cell type 'isg_cd14_monocyte'. Mean z-score over HALLMARK_TNFA_SIGNALING_VIA_NFKB genes. NFkB regulatory arm; distinct from general inflammatory state. Z-scored within cell type across 92 baseline samples. Included.
pb.isg_cd16_monocyte_ifn_alpha,pseudobulk,"means layer (Seurat-normalized, log1p)",Pseudobulk L3 cell type 'isg_cd16_monocyte'. Mean z-score over HALLMARK_INTERFERON_ALPHA_RESPONSE genes. Type I IFN; pDC-produced; innate antiviral response. Z-scored within cell type across 92 baseline samples. Included.
pb.isg_cd16_monocyte_ifn_gamma,pseudobulk,"means layer (Seurat-normalized, log1p)",Pseudobulk L3 cell type 'isg_cd16_monocyte'. Mean z-score over HALLMARK_INTERFERON_GAMMA_RESPONSE genes. Type II IFN / antiviral / CMV-driven ISG state. Z-scored within cell type across 92 baseline samples. Included.
pb.isg_cd16_monocyte_il2_stat5,pseudobulk,"means layer (Seurat-normalized, log1p)",Pseudobulk L3 cell type 'isg_cd16_monocyte'. Mean z-score over HALLMARK_IL2_STAT5_SIGNALING genes. T cell survival / homeostatic proliferation; declines with aging. Z-scored within cell type across 92 baseline samples. Included.
pb.isg_cd16_monocyte_inflammatory,pseudobulk,"means layer (Seurat-normalized, log1p)",Pseudobulk L3 cell type 'isg_cd16_monocyte'. Mean z-score over HALLMARK_INFLAMMATORY_RESPONSE genes. TNF/IL-1/IL-6-driven inflammaging. Z-scored within cell type across 92 baseline samples. Included.
pb.isg_cd16_monocyte_tnfa_nfkb,pseudobulk,"means layer (Seurat-normalized, log1p)",Pseudobulk L3 cell type 'isg_cd16_monocyte'. Mean z-score over HALLMARK_TNFA_SIGNALING_VIA_NFKB genes. NFkB regulatory arm; distinct from general inflammatory state. Z-scored within cell type across 92 baseline samples. Included.
pb.isg_cd56dim_nk_cell_ifn_alpha,pseudobulk,"means layer (Seurat-normalized, log1p)",Pseudobulk L3 cell type 'isg_cd56dim_nk_cell'. Mean z-score over HALLMARK_INTERFERON_ALPHA_RESPONSE genes. Type I IFN; pDC-produced; innate antiviral response. Z-scored within cell type across 92 baseline samples. Included.
pb.isg_cd56dim_nk_cell_ifn_gamma,pseudobulk,"means layer (Seurat-normalized, log1p)",Pseudobulk L3 cell type 'isg_cd56dim_nk_cell'. Mean z-score over HALLMARK_INTERFERON_GAMMA_RESPONSE genes. Type II IFN / antiviral / CMV-driven ISG state. Z-scored within cell type across 92 baseline samples. Included.
pb.isg_cd56dim_nk_cell_il2_stat5,pseudobulk,"means layer (Seurat-normalized, log1p)",Pseudobulk L3 cell type 'isg_cd56dim_nk_cell'. Mean z-score over HALLMARK_IL2_STAT5_SIGNALING genes. T cell survival / homeostatic proliferation; declines with aging. Z-scored within cell type across 92 baseline samples. Included.
pb.isg_cd56dim_nk_cell_inflammatory,pseudobulk,"means layer (Seurat-normalized, log1p)",Pseudobulk L3 cell type 'isg_cd56dim_nk_cell'. Mean z-score over HALLMARK_INFLAMMATORY_RESPONSE genes. TNF/IL-1/IL-6-driven inflammaging. Z-scored within cell type across 92 baseline samples. Included.
pb.isg_cd56dim_nk_cell_tnfa_nfkb,pseudobulk,"means layer (Seurat-normalized, log1p)",Pseudobulk L3 cell type 'isg_cd56dim_nk_cell'. Mean z-score over HALLMARK_TNFA_SIGNALING_VIA_NFKB genes. NFkB regulatory arm; distinct from general inflammatory state. Z-scored within cell type across 92 baseline samples. Included.
pb.isg_cdc2_ifn_alpha,pseudobulk,"means layer (Seurat-normalized, log1p)",Pseudobulk L3 cell type 'isg_cdc2'. Mean z-score over HALLMARK_INTERFERON_ALPHA_RESPONSE genes. Type I IFN; pDC-produced; innate antiviral response. Z-scored within cell type across 92 baseline samples. Included.
pb.isg_cdc2_ifn_gamma,pseudobulk,"means layer (Seurat-normalized, log1p)",Pseudobulk L3 cell type 'isg_cdc2'. Mean z-score over HALLMARK_INTERFERON_GAMMA_RESPONSE genes. Type II IFN / antiviral / CMV-driven ISG state. Z-scored within cell type across 92 baseline samples. Included.
pb.isg_cdc2_il2_stat5,pseudobulk,"means layer (Seurat-normalized, log1p)",Pseudobulk L3 cell type 'isg_cdc2'. Mean z-score over HALLMARK_IL2_STAT5_SIGNALING genes. T cell survival / homeostatic proliferation; declines with aging. Z-scored within cell type across 92 baseline samples. Included.
pb.isg_cdc2_inflammatory,pseudobulk,"means layer (Seurat-normalized, log1p)",Pseudobulk L3 cell type 'isg_cdc2'. Mean z-score over HALLMARK_INFLAMMATORY_RESPONSE genes. TNF/IL-1/IL-6-driven inflammaging. Z-scored within cell type across 92 baseline samples. Included.
pb.isg_cdc2_tnfa_nfkb,pseudobulk,"means layer (Seurat-normalized, log1p)",Pseudobulk L3 cell type 'isg_cdc2'. Mean z-score over HALLMARK_TNFA_SIGNALING_VIA_NFKB genes. NFkB regulatory arm; distinct from general inflammatory state. Z-scored within cell type across 92 baseline samples. Included.
pb.isg_mait_ifn_alpha,pseudobulk,"means layer (Seurat-normalized, log1p)",Pseudobulk L3 cell type 'isg_mait'. Mean z-score over HALLMARK_INTERFERON_ALPHA_RESPONSE genes. Type I IFN; pDC-produced; innate antiviral response. Z-scored within cell type across 92 baseline samples. Included.
pb.isg_mait_ifn_gamma,pseudobulk,"means layer (Seurat-normalized, log1p)",Pseudobulk L3 cell type 'isg_mait'. Mean z-score over HALLMARK_INTERFERON_GAMMA_RESPONSE genes. Type II IFN / antiviral / CMV-driven ISG state. Z-scored within cell type across 92 baseline samples. Included.
pb.isg_mait_il2_stat5,pseudobulk,"means layer (Seurat-normalized, log1p)",Pseudobulk L3 cell type 'isg_mait'. Mean z-score over HALLMARK_IL2_STAT5_SIGNALING genes. T cell survival / homeostatic proliferation; declines with aging. Z-scored within cell type across 92 baseline samples. Included.
pb.isg_mait_inflammatory,pseudobulk,"means layer (Seurat-normalized, log1p)",Pseudobulk L3 cell type 'isg_mait'. Mean z-score over HALLMARK_INFLAMMATORY_RESPONSE genes. TNF/IL-1/IL-6-driven inflammaging. Z-scored within cell type across 92 baseline samples. Included.
pb.isg_mait_tnfa_nfkb,pseudobulk,"means layer (Seurat-normalized, log1p)",Pseudobulk L3 cell type 'isg_mait'. Mean z-score over HALLMARK_TNFA_SIGNALING_VIA_NFKB genes. NFkB regulatory arm; distinct from general inflammatory state. Z-scored within cell type across 92 baseline samples. Included.
pb.isg_memory_cd4_t_cell_ifn_alpha,pseudobulk,"means layer (Seurat-normalized, log1p)",Pseudobulk L3 cell type 'isg_memory_cd4_t_cell'. Mean z-score over HALLMARK_INTERFERON_ALPHA_RESPONSE genes. Type I IFN; pDC-produced; innate antiviral response. Z-scored within cell type across 92 baseline samples. Included.
pb.isg_memory_cd4_t_cell_ifn_gamma,pseudobulk,"means layer (Seurat-normalized, log1p)",Pseudobulk L3 cell type 'isg_memory_cd4_t_cell'. Mean z-score over HALLMARK_INTERFERON_GAMMA_RESPONSE genes. Type II IFN / antiviral / CMV-driven ISG state. Z-scored within cell type across 92 baseline samples. Included.
pb.isg_memory_cd4_t_cell_il2_stat5,pseudobulk,"means layer (Seurat-normalized, log1p)",Pseudobulk L3 cell type 'isg_memory_cd4_t_cell'. Mean z-score over HALLMARK_IL2_STAT5_SIGNALING genes. T cell survival / homeostatic proliferation; declines with aging. Z-scored within cell type across 92 baseline samples. Included.
pb.isg_memory_cd4_t_cell_inflammatory,pseudobulk,"means layer (Seurat-normalized, log1p)",Pseudobulk L3 cell type 'isg_memory_cd4_t_cell'. Mean z-score over HALLMARK_INFLAMMATORY_RESPONSE genes. TNF/IL-1/IL-6-driven inflammaging. Z-scored within cell type across 92 baseline samples. Included.
pb.isg_memory_cd4_t_cell_tnfa_nfkb,pseudobulk,"means layer (Seurat-normalized, log1p)",Pseudobulk L3 cell type 'isg_memory_cd4_t_cell'. Mean z-score over HALLMARK_TNFA_SIGNALING_VIA_NFKB genes. NFkB regulatory arm; distinct from general inflammatory state. Z-scored within cell type across 92 baseline samples. Included.
pb.isg_memory_cd8_t_cell_ifn_alpha,pseudobulk,"means layer (Seurat-normalized, log1p)",Pseudobulk L3 cell type 'isg_memory_cd8_t_cell'. Mean z-score over HALLMARK_INTERFERON_ALPHA_RESPONSE genes. Type I IFN; pDC-produced; innate antiviral response. Z-scored within cell type across 92 baseline samples. Included.
pb.isg_memory_cd8_t_cell_ifn_gamma,pseudobulk,"means layer (Seurat-normalized, log1p)",Pseudobulk L3 cell type 'isg_memory_cd8_t_cell'. Mean z-score over HALLMARK_INTERFERON_GAMMA_RESPONSE genes. Type II IFN / antiviral / CMV-driven ISG state. Z-scored within cell type across 92 baseline samples. Included.
pb.isg_memory_cd8_t_cell_il2_stat5,pseudobulk,"means layer (Seurat-normalized, log1p)",Pseudobulk L3 cell type 'isg_memory_cd8_t_cell'. Mean z-score over HALLMARK_IL2_STAT5_SIGNALING genes. T cell survival / homeostatic proliferation; declines with aging. Z-scored within cell type across 92 baseline samples. Included.
pb.isg_memory_cd8_t_cell_inflammatory,pseudobulk,"means layer (Seurat-normalized, log1p)",Pseudobulk L3 cell type 'isg_memory_cd8_t_cell'. Mean z-score over HALLMARK_INFLAMMATORY_RESPONSE genes. TNF/IL-1/IL-6-driven inflammaging. Z-scored within cell type across 92 baseline samples. Included.
pb.isg_memory_cd8_t_cell_tnfa_nfkb,pseudobulk,"means layer (Seurat-normalized, log1p)",Pseudobulk L3 cell type 'isg_memory_cd8_t_cell'. Mean z-score over HALLMARK_TNFA_SIGNALING_VIA_NFKB genes. NFkB regulatory arm; distinct from general inflammatory state. Z-scored within cell type across 92 baseline samples. Included.
pb.isg_naive_b_cell_ifn_alpha,pseudobulk,"means layer (Seurat-normalized, log1p)",Pseudobulk L3 cell type 'isg_naive_b_cell'. Mean z-score over HALLMARK_INTERFERON_ALPHA_RESPONSE genes. Type I IFN; pDC-produced; innate antiviral response. Z-scored within cell type across 92 baseline samples. Included.
pb.isg_naive_b_cell_ifn_gamma,pseudobulk,"means layer (Seurat-normalized, log1p)",Pseudobulk L3 cell type 'isg_naive_b_cell'. Mean z-score over HALLMARK_INTERFERON_GAMMA_RESPONSE genes. Type II IFN / antiviral / CMV-driven ISG state. Z-scored within cell type across 92 baseline samples. Included.
pb.isg_naive_b_cell_il2_stat5,pseudobulk,"means layer (Seurat-normalized, log1p)",Pseudobulk L3 cell type 'isg_naive_b_cell'. Mean z-score over HALLMARK_IL2_STAT5_SIGNALING genes. T cell survival / homeostatic proliferation; declines with aging. Z-scored within cell type across 92 baseline samples. Included.
pb.isg_naive_b_cell_inflammatory,pseudobulk,"means layer (Seurat-normalized, log1p)",Pseudobulk L3 cell type 'isg_naive_b_cell'. Mean z-score over HALLMARK_INFLAMMATORY_RESPONSE genes. TNF/IL-1/IL-6-driven inflammaging. Z-scored within cell type across 92 baseline samples. Included.
pb.isg_naive_b_cell_tnfa_nfkb,pseudobulk,"means layer (Seurat-normalized, log1p)",Pseudobulk L3 cell type 'isg_naive_b_cell'. Mean z-score over HALLMARK_TNFA_SIGNALING_VIA_NFKB genes. NFkB regulatory arm; distinct from general inflammatory state. Z-scored within cell type across 92 baseline samples. Included.
pb.isg_naive_cd4_t_cell_ifn_alpha,pseudobulk,"means layer (Seurat-normalized, log1p)",Pseudobulk L3 cell type 'isg_naive_cd4_t_cell'. Mean z-score over HALLMARK_INTERFERON_ALPHA_RESPONSE genes. Type I IFN; pDC-produced; innate antiviral response. Z-scored within cell type across 92 baseline samples. Included.
pb.isg_naive_cd4_t_cell_ifn_gamma,pseudobulk,"means layer (Seurat-normalized, log1p)",Pseudobulk L3 cell type 'isg_naive_cd4_t_cell'. Mean z-score over HALLMARK_INTERFERON_GAMMA_RESPONSE genes. Type II IFN / antiviral / CMV-driven ISG state. Z-scored within cell type across 92 baseline samples. Included.
pb.isg_naive_cd4_t_cell_il2_stat5,pseudobulk,"means layer (Seurat-normalized, log1p)",Pseudobulk L3 cell type 'isg_naive_cd4_t_cell'. Mean z-score over HALLMARK_IL2_STAT5_SIGNALING genes. T cell survival / homeostatic proliferation; declines with aging. Z-scored within cell type across 92 baseline samples. Included.
pb.isg_naive_cd4_t_cell_inflammatory,pseudobulk,"means layer (Seurat-normalized, log1p)",Pseudobulk L3 cell type 'isg_naive_cd4_t_cell'. Mean z-score over HALLMARK_INFLAMMATORY_RESPONSE genes. TNF/IL-1/IL-6-driven inflammaging. Z-scored within cell type across 92 baseline samples. Included.
pb.isg_naive_cd4_t_cell_tnfa_nfkb,pseudobulk,"means layer (Seurat-normalized, log1p)",Pseudobulk L3 cell type 'isg_naive_cd4_t_cell'. Mean z-score over HALLMARK_TNFA_SIGNALING_VIA_NFKB genes. NFkB regulatory arm; distinct from general inflammatory state. Z-scored within cell type across 92 baseline samples. Included.
pb.isg_naive_cd8_t_cell_ifn_alpha,pseudobulk,"means layer (Seurat-normalized, log1p)",Pseudobulk L3 cell type 'isg_naive_cd8_t_cell'. Mean z-score over HALLMARK_INTERFERON_ALPHA_RESPONSE genes. Type I IFN; pDC-produced; innate antiviral response. Z-scored within cell type across 92 baseline samples. Included.
pb.isg_naive_cd8_t_cell_ifn_gamma,pseudobulk,"means layer (Seurat-normalized, log1p)",Pseudobulk L3 cell type 'isg_naive_cd8_t_cell'. Mean z-score over HALLMARK_INTERFERON_GAMMA_RESPONSE genes. Type II IFN / antiviral / CMV-driven ISG state. Z-scored within cell type across 92 baseline samples. Included.
pb.isg_naive_cd8_t_cell_il2_stat5,pseudobulk,"means layer (Seurat-normalized, log1p)",Pseudobulk L3 cell type 'isg_naive_cd8_t_cell'. Mean z-score over HALLMARK_IL2_STAT5_SIGNALING genes. T cell survival / homeostatic proliferation; declines with aging. Z-scored within cell type across 92 baseline samples. Included.
pb.isg_naive_cd8_t_cell_inflammatory,pseudobulk,"means layer (Seurat-normalized, log1p)",Pseudobulk L3 cell type 'isg_naive_cd8_t_cell'. Mean z-score over HALLMARK_INFLAMMATORY_RESPONSE genes. TNF/IL-1/IL-6-driven inflammaging. Z-scored within cell type across 92 baseline samples. Included.
pb.isg_naive_cd8_t_cell_tnfa_nfkb,pseudobulk,"means layer (Seurat-normalized, log1p)",Pseudobulk L3 cell type 'isg_naive_cd8_t_cell'. Mean z-score over HALLMARK_TNFA_SIGNALING_VIA_NFKB genes. NFkB regulatory arm; distinct from general inflammatory state. Z-scored within cell type across 92 baseline samples. Included.
pb.klrb1_memory_cd4_treg_ifn_alpha,pseudobulk,"means layer (Seurat-normalized, log1p)",Pseudobulk L3 cell type 'klrb1_memory_cd4_treg'. Mean z-score over HALLMARK_INTERFERON_ALPHA_RESPONSE genes. Type I IFN; pDC-produced; innate antiviral response. Z-scored within cell type across 92 baseline samples. Included.
pb.klrb1_memory_cd4_treg_ifn_gamma,pseudobulk,"means layer (Seurat-normalized, log1p)",Pseudobulk L3 cell type 'klrb1_memory_cd4_treg'. Mean z-score over HALLMARK_INTERFERON_GAMMA_RESPONSE genes. Type II IFN / antiviral / CMV-driven ISG state. Z-scored within cell type across 92 baseline samples. Included.
pb.klrb1_memory_cd4_treg_il2_stat5,pseudobulk,"means layer (Seurat-normalized, log1p)",Pseudobulk L3 cell type 'klrb1_memory_cd4_treg'. Mean z-score over HALLMARK_IL2_STAT5_SIGNALING genes. T cell survival / homeostatic proliferation; declines with aging. Z-scored within cell type across 92 baseline samples. Included.
pb.klrb1_memory_cd4_treg_inflammatory,pseudobulk,"means layer (Seurat-normalized, log1p)",Pseudobulk L3 cell type 'klrb1_memory_cd4_treg'. Mean z-score over HALLMARK_INFLAMMATORY_RESPONSE genes. TNF/IL-1/IL-6-driven inflammaging. Z-scored within cell type across 92 baseline samples. Included.
pb.klrb1_memory_cd4_treg_tnfa_nfkb,pseudobulk,"means layer (Seurat-normalized, log1p)",Pseudobulk L3 cell type 'klrb1_memory_cd4_treg'. Mean z-score over HALLMARK_TNFA_SIGNALING_VIA_NFKB genes. NFkB regulatory arm; distinct from general inflammatory state. Z-scored within cell type across 92 baseline samples. Included.
pb.klrb1_memory_cd8_treg_ifn_alpha,pseudobulk,"means layer (Seurat-normalized, log1p)",Pseudobulk L3 cell type 'klrb1_memory_cd8_treg'. Mean z-score over HALLMARK_INTERFERON_ALPHA_RESPONSE genes. Type I IFN; pDC-produced; innate antiviral response. Z-scored within cell type across 92 baseline samples. Included.
pb.klrb1_memory_cd8_treg_ifn_gamma,pseudobulk,"means layer (Seurat-normalized, log1p)",Pseudobulk L3 cell type 'klrb1_memory_cd8_treg'. Mean z-score over HALLMARK_INTERFERON_GAMMA_RESPONSE genes. Type II IFN / antiviral / CMV-driven ISG state. Z-scored within cell type across 92 baseline samples. Included.
pb.klrb1_memory_cd8_treg_il2_stat5,pseudobulk,"means layer (Seurat-normalized, log1p)",Pseudobulk L3 cell type 'klrb1_memory_cd8_treg'. Mean z-score over HALLMARK_IL2_STAT5_SIGNALING genes. T cell survival / homeostatic proliferation; declines with aging. Z-scored within cell type across 92 baseline samples. Included.
pb.klrb1_memory_cd8_treg_inflammatory,pseudobulk,"means layer (Seurat-normalized, log1p)",Pseudobulk L3 cell type 'klrb1_memory_cd8_treg'. Mean z-score over HALLMARK_INFLAMMATORY_RESPONSE genes. TNF/IL-1/IL-6-driven inflammaging. Z-scored within cell type across 92 baseline samples. Included.
pb.klrb1_memory_cd8_treg_tnfa_nfkb,pseudobulk,"means layer (Seurat-normalized, log1p)",Pseudobulk L3 cell type 'klrb1_memory_cd8_treg'. Mean z-score over HALLMARK_TNFA_SIGNALING_VIA_NFKB genes. NFkB regulatory arm; distinct from general inflammatory state. Z-scored within cell type across 92 baseline samples. Included.
pb.klrf1_effector_vd1_gdt_ifn_alpha,pseudobulk,"means layer (Seurat-normalized, log1p)",Pseudobulk L3 cell type 'klrf1_effector_vd1_gdt'. Mean z-score over HALLMARK_INTERFERON_ALPHA_RESPONSE genes. Type I IFN; pDC-produced; innate antiviral response. Z-scored within cell type across 92 baseline samples. Included.
pb.klrf1_effector_vd1_gdt_ifn_gamma,pseudobulk,"means layer (Seurat-normalized, log1p)",Pseudobulk L3 cell type 'klrf1_effector_vd1_gdt'. Mean z-score over HALLMARK_INTERFERON_GAMMA_RESPONSE genes. Type II IFN / antiviral / CMV-driven ISG state. Z-scored within cell type across 92 baseline samples. Included.
pb.klrf1_effector_vd1_gdt_il2_stat5,pseudobulk,"means layer (Seurat-normalized, log1p)",Pseudobulk L3 cell type 'klrf1_effector_vd1_gdt'. Mean z-score over HALLMARK_IL2_STAT5_SIGNALING genes. T cell survival / homeostatic proliferation; declines with aging. Z-scored within cell type across 92 baseline samples. Included.
pb.klrf1_effector_vd1_gdt_inflammatory,pseudobulk,"means layer (Seurat-normalized, log1p)",Pseudobulk L3 cell type 'klrf1_effector_vd1_gdt'. Mean z-score over HALLMARK_INFLAMMATORY_RESPONSE genes. TNF/IL-1/IL-6-driven inflammaging. Z-scored within cell type across 92 baseline samples. Included.
pb.klrf1_effector_vd1_gdt_tnfa_nfkb,pseudobulk,"means layer (Seurat-normalized, log1p)",Pseudobulk L3 cell type 'klrf1_effector_vd1_gdt'. Mean z-score over HALLMARK_TNFA_SIGNALING_VIA_NFKB genes. NFkB regulatory arm; distinct from general inflammatory state. Z-scored within cell type across 92 baseline samples. Included.
pb.klrf1_gzmb_cd27_em_cd8_t_cell_ifn_alpha,pseudobulk,"means layer (Seurat-normalized, log1p)",Pseudobulk L3 cell type 'klrf1_gzmb_cd27_em_cd8_t_cell'. Mean z-score over HALLMARK_INTERFERON_ALPHA_RESPONSE genes. Type I IFN; pDC-produced; innate antiviral response. Z-scored within cell type across 92 baseline samples. Included.
pb.klrf1_gzmb_cd27_em_cd8_t_cell_ifn_gamma,pseudobulk,"means layer (Seurat-normalized, log1p)",Pseudobulk L3 cell type 'klrf1_gzmb_cd27_em_cd8_t_cell'. Mean z-score over HALLMARK_INTERFERON_GAMMA_RESPONSE genes. Type II IFN / antiviral / CMV-driven ISG state. Z-scored within cell type across 92 baseline samples. Included.
pb.klrf1_gzmb_cd27_em_cd8_t_cell_il2_stat5,pseudobulk,"means layer (Seurat-normalized, log1p)",Pseudobulk L3 cell type 'klrf1_gzmb_cd27_em_cd8_t_cell'. Mean z-score over HALLMARK_IL2_STAT5_SIGNALING genes. T cell survival / homeostatic proliferation; declines with aging. Z-scored within cell type across 92 baseline samples. Included.
pb.klrf1_gzmb_cd27_em_cd8_t_cell_inflammatory,pseudobulk,"means layer (Seurat-normalized, log1p)",Pseudobulk L3 cell type 'klrf1_gzmb_cd27_em_cd8_t_cell'. Mean z-score over HALLMARK_INFLAMMATORY_RESPONSE genes. TNF/IL-1/IL-6-driven inflammaging. Z-scored within cell type across 92 baseline samples. Included.
pb.klrf1_gzmb_cd27_em_cd8_t_cell_tnfa_nfkb,pseudobulk,"means layer (Seurat-normalized, log1p)",Pseudobulk L3 cell type 'klrf1_gzmb_cd27_em_cd8_t_cell'. Mean z-score over HALLMARK_TNFA_SIGNALING_VIA_NFKB genes. NFkB regulatory arm; distinct from general inflammatory state. Z-scored within cell type across 92 baseline samples. Included.
pb.klrf1_gzmb_cd27_memory_cd4_t_cell_ifn_alpha,pseudobulk,"means layer (Seurat-normalized, log1p)",Pseudobulk L3 cell type 'klrf1_gzmb_cd27_memory_cd4_t_cell'. Mean z-score over HALLMARK_INTERFERON_ALPHA_RESPONSE genes. Type I IFN; pDC-produced; innate antiviral response. Z-scored within cell type across 92 baseline samples. Included.
pb.klrf1_gzmb_cd27_memory_cd4_t_cell_ifn_gamma,pseudobulk,"means layer (Seurat-normalized, log1p)",Pseudobulk L3 cell type 'klrf1_gzmb_cd27_memory_cd4_t_cell'. Mean z-score over HALLMARK_INTERFERON_GAMMA_RESPONSE genes. Type II IFN / antiviral / CMV-driven ISG state. Z-scored within cell type across 92 baseline samples. Included.
pb.klrf1_gzmb_cd27_memory_cd4_t_cell_il2_stat5,pseudobulk,"means layer (Seurat-normalized, log1p)",Pseudobulk L3 cell type 'klrf1_gzmb_cd27_memory_cd4_t_cell'. Mean z-score over HALLMARK_IL2_STAT5_SIGNALING genes. T cell survival / homeostatic proliferation; declines with aging. Z-scored within cell type across 92 baseline samples. Included.
pb.klrf1_gzmb_cd27_memory_cd4_t_cell_inflammatory,pseudobulk,"means layer (Seurat-normalized, log1p)",Pseudobulk L3 cell type 'klrf1_gzmb_cd27_memory_cd4_t_cell'. Mean z-score over HALLMARK_INFLAMMATORY_RESPONSE genes. TNF/IL-1/IL-6-driven inflammaging. Z-scored within cell type across 92 baseline samples. Included.
pb.klrf1_gzmb_cd27_memory_cd4_t_cell_tnfa_nfkb,pseudobulk,"means layer (Seurat-normalized, log1p)",Pseudobulk L3 cell type 'klrf1_gzmb_cd27_memory_cd4_t_cell'. Mean z-score over HALLMARK_TNFA_SIGNALING_VIA_NFKB genes. NFkB regulatory arm; distinct from general inflammatory state. Z-scored within cell type across 92 baseline samples. Included.
pb.memory_cd4_treg_ifn_alpha,pseudobulk,"means layer (Seurat-normalized, log1p)",Pseudobulk L3 cell type 'memory_cd4_treg'. Mean z-score over HALLMARK_INTERFERON_ALPHA_RESPONSE genes. Type I IFN; pDC-produced; innate antiviral response. Z-scored within cell type across 92 baseline samples. Included.
pb.memory_cd4_treg_ifn_gamma,pseudobulk,"means layer (Seurat-normalized, log1p)",Pseudobulk L3 cell type 'memory_cd4_treg'. Mean z-score over HALLMARK_INTERFERON_GAMMA_RESPONSE genes. Type II IFN / antiviral / CMV-driven ISG state. Z-scored within cell type across 92 baseline samples. Included.
pb.memory_cd4_treg_il2_stat5,pseudobulk,"means layer (Seurat-normalized, log1p)",Pseudobulk L3 cell type 'memory_cd4_treg'. Mean z-score over HALLMARK_IL2_STAT5_SIGNALING genes. T cell survival / homeostatic proliferation; declines with aging. Z-scored within cell type across 92 baseline samples. Included.
pb.memory_cd4_treg_inflammatory,pseudobulk,"means layer (Seurat-normalized, log1p)",Pseudobulk L3 cell type 'memory_cd4_treg'. Mean z-score over HALLMARK_INFLAMMATORY_RESPONSE genes. TNF/IL-1/IL-6-driven inflammaging. Z-scored within cell type across 92 baseline samples. Included.
pb.memory_cd4_treg_tnfa_nfkb,pseudobulk,"means layer (Seurat-normalized, log1p)",Pseudobulk L3 cell type 'memory_cd4_treg'. Mean z-score over HALLMARK_TNFA_SIGNALING_VIA_NFKB genes. NFkB regulatory arm; distinct from general inflammatory state. Z-scored within cell type across 92 baseline samples. Included.
pb.memory_cd8_treg_ifn_alpha,pseudobulk,"means layer (Seurat-normalized, log1p)",Pseudobulk L3 cell type 'memory_cd8_treg'. Mean z-score over HALLMARK_INTERFERON_ALPHA_RESPONSE genes. Type I IFN; pDC-produced; innate antiviral response. Z-scored within cell type across 92 baseline samples. Included.
pb.memory_cd8_treg_ifn_gamma,pseudobulk,"means layer (Seurat-normalized, log1p)",Pseudobulk L3 cell type 'memory_cd8_treg'. Mean z-score over HALLMARK_INTERFERON_GAMMA_RESPONSE genes. Type II IFN / antiviral / CMV-driven ISG state. Z-scored within cell type across 92 baseline samples. Included.
pb.memory_cd8_treg_il2_stat5,pseudobulk,"means layer (Seurat-normalized, log1p)",Pseudobulk L3 cell type 'memory_cd8_treg'. Mean z-score over HALLMARK_IL2_STAT5_SIGNALING genes. T cell survival / homeostatic proliferation; declines with aging. Z-scored within cell type across 92 baseline samples. Included.
pb.memory_cd8_treg_inflammatory,pseudobulk,"means layer (Seurat-normalized, log1p)",Pseudobulk L3 cell type 'memory_cd8_treg'. Mean z-score over HALLMARK_INFLAMMATORY_RESPONSE genes. TNF/IL-1/IL-6-driven inflammaging. Z-scored within cell type across 92 baseline samples. Included.
pb.memory_cd8_treg_tnfa_nfkb,pseudobulk,"means layer (Seurat-normalized, log1p)",Pseudobulk L3 cell type 'memory_cd8_treg'. Mean z-score over HALLMARK_TNFA_SIGNALING_VIA_NFKB genes. NFkB regulatory arm; distinct from general inflammatory state. Z-scored within cell type across 92 baseline samples. Included.
pb.naive_cd4_treg_ifn_alpha,pseudobulk,"means layer (Seurat-normalized, log1p)",Pseudobulk L3 cell type 'naive_cd4_treg'. Mean z-score over HALLMARK_INTERFERON_ALPHA_RESPONSE genes. Type I IFN; pDC-produced; innate antiviral response. Z-scored within cell type across 92 baseline samples. Included.
pb.naive_cd4_treg_ifn_gamma,pseudobulk,"means layer (Seurat-normalized, log1p)",Pseudobulk L3 cell type 'naive_cd4_treg'. Mean z-score over HALLMARK_INTERFERON_GAMMA_RESPONSE genes. Type II IFN / antiviral / CMV-driven ISG state. Z-scored within cell type across 92 baseline samples. Included.
pb.naive_cd4_treg_il2_stat5,pseudobulk,"means layer (Seurat-normalized, log1p)",Pseudobulk L3 cell type 'naive_cd4_treg'. Mean z-score over HALLMARK_IL2_STAT5_SIGNALING genes. T cell survival / homeostatic proliferation; declines with aging. Z-scored within cell type across 92 baseline samples. Included.
pb.naive_cd4_treg_inflammatory,pseudobulk,"means layer (Seurat-normalized, log1p)",Pseudobulk L3 cell type 'naive_cd4_treg'. Mean z-score over HALLMARK_INFLAMMATORY_RESPONSE genes. TNF/IL-1/IL-6-driven inflammaging. Z-scored within cell type across 92 baseline samples. Included.
pb.naive_cd4_treg_tnfa_nfkb,pseudobulk,"means layer (Seurat-normalized, log1p)",Pseudobulk L3 cell type 'naive_cd4_treg'. Mean z-score over HALLMARK_TNFA_SIGNALING_VIA_NFKB genes. NFkB regulatory arm; distinct from general inflammatory state. Z-scored within cell type across 92 baseline samples. Included.
pb.naive_vd1_gdt_ifn_alpha,pseudobulk,"means layer (Seurat-normalized, log1p)",Pseudobulk L3 cell type 'naive_vd1_gdt'. Mean z-score over HALLMARK_INTERFERON_ALPHA_RESPONSE genes. Type I IFN; pDC-produced; innate antiviral response. Z-scored within cell type across 92 baseline samples. Included.
pb.naive_vd1_gdt_ifn_gamma,pseudobulk,"means layer (Seurat-normalized, log1p)",Pseudobulk L3 cell type 'naive_vd1_gdt'. Mean z-score over HALLMARK_INTERFERON_GAMMA_RESPONSE genes. Type II IFN / antiviral / CMV-driven ISG state. Z-scored within cell type across 92 baseline samples. Included.
pb.naive_vd1_gdt_il2_stat5,pseudobulk,"means layer (Seurat-normalized, log1p)",Pseudobulk L3 cell type 'naive_vd1_gdt'. Mean z-score over HALLMARK_IL2_STAT5_SIGNALING genes. T cell survival / homeostatic proliferation; declines with aging. Z-scored within cell type across 92 baseline samples. Included.
pb.naive_vd1_gdt_inflammatory,pseudobulk,"means layer (Seurat-normalized, log1p)",Pseudobulk L3 cell type 'naive_vd1_gdt'. Mean z-score over HALLMARK_INFLAMMATORY_RESPONSE genes. TNF/IL-1/IL-6-driven inflammaging. Z-scored within cell type across 92 baseline samples. Included.
pb.naive_vd1_gdt_tnfa_nfkb,pseudobulk,"means layer (Seurat-normalized, log1p)",Pseudobulk L3 cell type 'naive_vd1_gdt'. Mean z-score over HALLMARK_TNFA_SIGNALING_VIA_NFKB genes. NFkB regulatory arm; distinct from general inflammatory state. Z-scored within cell type across 92 baseline samples. Included.
pb.pdc_ifn_alpha,pseudobulk,"means layer (Seurat-normalized, log1p)",Pseudobulk L3 cell type 'pdc'. Mean z-score over HALLMARK_INTERFERON_ALPHA_RESPONSE genes. Type I IFN; pDC-produced; innate antiviral response. Z-scored within cell type across 92 baseline samples. Included.
pb.pdc_ifn_gamma,pseudobulk,"means layer (Seurat-normalized, log1p)",Pseudobulk L3 cell type 'pdc'. Mean z-score over HALLMARK_INTERFERON_GAMMA_RESPONSE genes. Type II IFN / antiviral / CMV-driven ISG state. Z-scored within cell type across 92 baseline samples. Included.
pb.pdc_il2_stat5,pseudobulk,"means layer (Seurat-normalized, log1p)",Pseudobulk L3 cell type 'pdc'. Mean z-score over HALLMARK_IL2_STAT5_SIGNALING genes. T cell survival / homeostatic proliferation; declines with aging. Z-scored within cell type across 92 baseline samples. Included.
pb.pdc_inflammatory,pseudobulk,"means layer (Seurat-normalized, log1p)",Pseudobulk L3 cell type 'pdc'. Mean z-score over HALLMARK_INFLAMMATORY_RESPONSE genes. TNF/IL-1/IL-6-driven inflammaging. Z-scored within cell type across 92 baseline samples. Included.
pb.pdc_tnfa_nfkb,pseudobulk,"means layer (Seurat-normalized, log1p)",Pseudobulk L3 cell type 'pdc'. Mean z-score over HALLMARK_TNFA_SIGNALING_VIA_NFKB genes. NFkB regulatory arm; distinct from general inflammatory state. Z-scored within cell type across 92 baseline samples. Included.
pb.plasma_cell_ifn_alpha,pseudobulk,"means layer (Seurat-normalized, log1p)",Pseudobulk L3 cell type 'plasma_cell'. Mean z-score over HALLMARK_INTERFERON_ALPHA_RESPONSE genes. Type I IFN; pDC-produced; innate antiviral response. Z-scored within cell type across 92 baseline samples. Included.
pb.plasma_cell_ifn_gamma,pseudobulk,"means layer (Seurat-normalized, log1p)",Pseudobulk L3 cell type 'plasma_cell'. Mean z-score over HALLMARK_INTERFERON_GAMMA_RESPONSE genes. Type II IFN / antiviral / CMV-driven ISG state. Z-scored within cell type across 92 baseline samples. Included.
pb.plasma_cell_il2_stat5,pseudobulk,"means layer (Seurat-normalized, log1p)",Pseudobulk L3 cell type 'plasma_cell'. Mean z-score over HALLMARK_IL2_STAT5_SIGNALING genes. T cell survival / homeostatic proliferation; declines with aging. Z-scored within cell type across 92 baseline samples. Included.
pb.plasma_cell_inflammatory,pseudobulk,"means layer (Seurat-normalized, log1p)",Pseudobulk L3 cell type 'plasma_cell'. Mean z-score over HALLMARK_INFLAMMATORY_RESPONSE genes. TNF/IL-1/IL-6-driven inflammaging. Z-scored within cell type across 92 baseline samples. Included.
pb.plasma_cell_tnfa_nfkb,pseudobulk,"means layer (Seurat-normalized, log1p)",Pseudobulk L3 cell type 'plasma_cell'. Mean z-score over HALLMARK_TNFA_SIGNALING_VIA_NFKB genes. NFkB regulatory arm; distinct from general inflammatory state. Z-scored within cell type across 92 baseline samples. Included.
pb.platelet_ifn_alpha,pseudobulk,"means layer (Seurat-normalized, log1p)","Pseudobulk L3 cell type 'platelet'. Mean z-score over HALLMARK_INTERFERON_ALPHA_RESPONSE genes. Type I IFN; pDC-produced; innate antiviral response. Z-scored within cell type across 92 baseline samples. FLAGGED FOR POTENTIAL EXCLUSION: progenitor, contaminant, or activation-artifact cell type; discuss before BN fitting."
pb.platelet_ifn_gamma,pseudobulk,"means layer (Seurat-normalized, log1p)","Pseudobulk L3 cell type 'platelet'. Mean z-score over HALLMARK_INTERFERON_GAMMA_RESPONSE genes. Type II IFN / antiviral / CMV-driven ISG state. Z-scored within cell type across 92 baseline samples. FLAGGED FOR POTENTIAL EXCLUSION: progenitor, contaminant, or activation-artifact cell type; discuss before BN fitting."
pb.platelet_il2_stat5,pseudobulk,"means layer (Seurat-normalized, log1p)","Pseudobulk L3 cell type 'platelet'. Mean z-score over HALLMARK_IL2_STAT5_SIGNALING genes. T cell survival / homeostatic proliferation; declines with aging. Z-scored within cell type across 92 baseline samples. FLAGGED FOR POTENTIAL EXCLUSION: progenitor, contaminant, or activation-artifact cell type; discuss before BN fitting."
pb.platelet_inflammatory,pseudobulk,"means layer (Seurat-normalized, log1p)","Pseudobulk L3 cell type 'platelet'. Mean z-score over HALLMARK_INFLAMMATORY_RESPONSE genes. TNF/IL-1/IL-6-driven inflammaging. Z-scored within cell type across 92 baseline samples. FLAGGED FOR POTENTIAL EXCLUSION: progenitor, contaminant, or activation-artifact cell type; discuss before BN fitting."
pb.platelet_tnfa_nfkb,pseudobulk,"means layer (Seurat-normalized, log1p)","Pseudobulk L3 cell type 'platelet'. Mean z-score over HALLMARK_TNFA_SIGNALING_VIA_NFKB genes. NFkB regulatory arm; distinct from general inflammatory state. Z-scored within cell type across 92 baseline samples. FLAGGED FOR POTENTIAL EXCLUSION: progenitor, contaminant, or activation-artifact cell type; discuss before BN fitting."
pb.proliferating_nk_cell_ifn_alpha,pseudobulk,"means layer (Seurat-normalized, log1p)","Pseudobulk L3 cell type 'proliferating_nk_cell'. Mean z-score over HALLMARK_INTERFERON_ALPHA_RESPONSE genes. Type I IFN; pDC-produced; innate antiviral response. Z-scored within cell type across 92 baseline samples. FLAGGED FOR POTENTIAL EXCLUSION: progenitor, contaminant, or activation-artifact cell type; discuss before BN fitting."
pb.proliferating_nk_cell_ifn_gamma,pseudobulk,"means layer (Seurat-normalized, log1p)","Pseudobulk L3 cell type 'proliferating_nk_cell'. Mean z-score over HALLMARK_INTERFERON_GAMMA_RESPONSE genes. Type II IFN / antiviral / CMV-driven ISG state. Z-scored within cell type across 92 baseline samples. FLAGGED FOR POTENTIAL EXCLUSION: progenitor, contaminant, or activation-artifact cell type; discuss before BN fitting."
pb.proliferating_nk_cell_il2_stat5,pseudobulk,"means layer (Seurat-normalized, log1p)","Pseudobulk L3 cell type 'proliferating_nk_cell'. Mean z-score over HALLMARK_IL2_STAT5_SIGNALING genes. T cell survival / homeostatic proliferation; declines with aging. Z-scored within cell type across 92 baseline samples. FLAGGED FOR POTENTIAL EXCLUSION: progenitor, contaminant, or activation-artifact cell type; discuss before BN fitting."
pb.proliferating_nk_cell_inflammatory,pseudobulk,"means layer (Seurat-normalized, log1p)","Pseudobulk L3 cell type 'proliferating_nk_cell'. Mean z-score over HALLMARK_INFLAMMATORY_RESPONSE genes. TNF/IL-1/IL-6-driven inflammaging. Z-scored within cell type across 92 baseline samples. FLAGGED FOR POTENTIAL EXCLUSION: progenitor, contaminant, or activation-artifact cell type; discuss before BN fitting."
pb.proliferating_nk_cell_tnfa_nfkb,pseudobulk,"means layer (Seurat-normalized, log1p)","Pseudobulk L3 cell type 'proliferating_nk_cell'. Mean z-score over HALLMARK_TNFA_SIGNALING_VIA_NFKB genes. NFkB regulatory arm; distinct from general inflammatory state. Z-scored within cell type across 92 baseline samples. FLAGGED FOR POTENTIAL EXCLUSION: progenitor, contaminant, or activation-artifact cell type; discuss before BN fitting."
pb.proliferating_t_cell_ifn_alpha,pseudobulk,"means layer (Seurat-normalized, log1p)","Pseudobulk L3 cell type 'proliferating_t_cell'. Mean z-score over HALLMARK_INTERFERON_ALPHA_RESPONSE genes. Type I IFN; pDC-produced; innate antiviral response. Z-scored within cell type across 92 baseline samples. FLAGGED FOR POTENTIAL EXCLUSION: progenitor, contaminant, or activation-artifact cell type; discuss before BN fitting."
pb.proliferating_t_cell_ifn_gamma,pseudobulk,"means layer (Seurat-normalized, log1p)","Pseudobulk L3 cell type 'proliferating_t_cell'. Mean z-score over HALLMARK_INTERFERON_GAMMA_RESPONSE genes. Type II IFN / antiviral / CMV-driven ISG state. Z-scored within cell type across 92 baseline samples. FLAGGED FOR POTENTIAL EXCLUSION: progenitor, contaminant, or activation-artifact cell type; discuss before BN fitting."
pb.proliferating_t_cell_il2_stat5,pseudobulk,"means layer (Seurat-normalized, log1p)","Pseudobulk L3 cell type 'proliferating_t_cell'. Mean z-score over HALLMARK_IL2_STAT5_SIGNALING genes. T cell survival / homeostatic proliferation; declines with aging. Z-scored within cell type across 92 baseline samples. FLAGGED FOR POTENTIAL EXCLUSION: progenitor, contaminant, or activation-artifact cell type; discuss before BN fitting."
pb.proliferating_t_cell_inflammatory,pseudobulk,"means layer (Seurat-normalized, log1p)","Pseudobulk L3 cell type 'proliferating_t_cell'. Mean z-score over HALLMARK_INFLAMMATORY_RESPONSE genes. TNF/IL-1/IL-6-driven inflammaging. Z-scored within cell type across 92 baseline samples. FLAGGED FOR POTENTIAL EXCLUSION: progenitor, contaminant, or activation-artifact cell type; discuss before BN fitting."
pb.proliferating_t_cell_tnfa_nfkb,pseudobulk,"means layer (Seurat-normalized, log1p)","Pseudobulk L3 cell type 'proliferating_t_cell'. Mean z-score over HALLMARK_TNFA_SIGNALING_VIA_NFKB genes. NFkB regulatory arm; distinct from general inflammatory state. Z-scored within cell type across 92 baseline samples. FLAGGED FOR POTENTIAL EXCLUSION: progenitor, contaminant, or activation-artifact cell type; discuss before BN fitting."
pb.sox4_naive_cd4_t_cell_ifn_alpha,pseudobulk,"means layer (Seurat-normalized, log1p)",Pseudobulk L3 cell type 'sox4_naive_cd4_t_cell'. Mean z-score over HALLMARK_INTERFERON_ALPHA_RESPONSE genes. Type I IFN; pDC-produced; innate antiviral response. Z-scored within cell type across 92 baseline samples. Included.
pb.sox4_naive_cd4_t_cell_ifn_gamma,pseudobulk,"means layer (Seurat-normalized, log1p)",Pseudobulk L3 cell type 'sox4_naive_cd4_t_cell'. Mean z-score over HALLMARK_INTERFERON_GAMMA_RESPONSE genes. Type II IFN / antiviral / CMV-driven ISG state. Z-scored within cell type across 92 baseline samples. Included.
pb.sox4_naive_cd4_t_cell_il2_stat5,pseudobulk,"means layer (Seurat-normalized, log1p)",Pseudobulk L3 cell type 'sox4_naive_cd4_t_cell'. Mean z-score over HALLMARK_IL2_STAT5_SIGNALING genes. T cell survival / homeostatic proliferation; declines with aging. Z-scored within cell type across 92 baseline samples. Included.
pb.sox4_naive_cd4_t_cell_inflammatory,pseudobulk,"means layer (Seurat-normalized, log1p)",Pseudobulk L3 cell type 'sox4_naive_cd4_t_cell'. Mean z-score over HALLMARK_INFLAMMATORY_RESPONSE genes. TNF/IL-1/IL-6-driven inflammaging. Z-scored within cell type across 92 baseline samples. Included.
pb.sox4_naive_cd4_t_cell_tnfa_nfkb,pseudobulk,"means layer (Seurat-normalized, log1p)",Pseudobulk L3 cell type 'sox4_naive_cd4_t_cell'. Mean z-score over HALLMARK_TNFA_SIGNALING_VIA_NFKB genes. NFkB regulatory arm; distinct from general inflammatory state. Z-scored within cell type across 92 baseline samples. Included.
pb.sox4_naive_cd8_t_cell_ifn_alpha,pseudobulk,"means layer (Seurat-normalized, log1p)",Pseudobulk L3 cell type 'sox4_naive_cd8_t_cell'. Mean z-score over HALLMARK_INTERFERON_ALPHA_RESPONSE genes. Type I IFN; pDC-produced; innate antiviral response. Z-scored within cell type across 92 baseline samples. Included.
pb.sox4_naive_cd8_t_cell_ifn_gamma,pseudobulk,"means layer (Seurat-normalized, log1p)",Pseudobulk L3 cell type 'sox4_naive_cd8_t_cell'. Mean z-score over HALLMARK_INTERFERON_GAMMA_RESPONSE genes. Type II IFN / antiviral / CMV-driven ISG state. Z-scored within cell type across 92 baseline samples. Included.
pb.sox4_naive_cd8_t_cell_il2_stat5,pseudobulk,"means layer (Seurat-normalized, log1p)",Pseudobulk L3 cell type 'sox4_naive_cd8_t_cell'. Mean z-score over HALLMARK_IL2_STAT5_SIGNALING genes. T cell survival / homeostatic proliferation; declines with aging. Z-scored within cell type across 92 baseline samples. Included.
pb.sox4_naive_cd8_t_cell_inflammatory,pseudobulk,"means layer (Seurat-normalized, log1p)",Pseudobulk L3 cell type 'sox4_naive_cd8_t_cell'. Mean z-score over HALLMARK_INFLAMMATORY_RESPONSE genes. TNF/IL-1/IL-6-driven inflammaging. Z-scored within cell type across 92 baseline samples. Included.
pb.sox4_naive_cd8_t_cell_tnfa_nfkb,pseudobulk,"means layer (Seurat-normalized, log1p)",Pseudobulk L3 cell type 'sox4_naive_cd8_t_cell'. Mean z-score over HALLMARK_TNFA_SIGNALING_VIA_NFKB genes. NFkB regulatory arm; distinct from general inflammatory state. Z-scored within cell type across 92 baseline samples. Included.
pb.sox4_vd1_gdt_ifn_alpha,pseudobulk,"means layer (Seurat-normalized, log1p)",Pseudobulk L3 cell type 'sox4_vd1_gdt'. Mean z-score over HALLMARK_INTERFERON_ALPHA_RESPONSE genes. Type I IFN; pDC-produced; innate antiviral response. Z-scored within cell type across 92 baseline samples. Included.
pb.sox4_vd1_gdt_ifn_gamma,pseudobulk,"means layer (Seurat-normalized, log1p)",Pseudobulk L3 cell type 'sox4_vd1_gdt'. Mean z-score over HALLMARK_INTERFERON_GAMMA_RESPONSE genes. Type II IFN / antiviral / CMV-driven ISG state. Z-scored within cell type across 92 baseline samples. Included.
pb.sox4_vd1_gdt_il2_stat5,pseudobulk,"means layer (Seurat-normalized, log1p)",Pseudobulk L3 cell type 'sox4_vd1_gdt'. Mean z-score over HALLMARK_IL2_STAT5_SIGNALING genes. T cell survival / homeostatic proliferation; declines with aging. Z-scored within cell type across 92 baseline samples. Included.
pb.sox4_vd1_gdt_inflammatory,pseudobulk,"means layer (Seurat-normalized, log1p)",Pseudobulk L3 cell type 'sox4_vd1_gdt'. Mean z-score over HALLMARK_INFLAMMATORY_RESPONSE genes. TNF/IL-1/IL-6-driven inflammaging. Z-scored within cell type across 92 baseline samples. Included.
pb.sox4_vd1_gdt_tnfa_nfkb,pseudobulk,"means layer (Seurat-normalized, log1p)",Pseudobulk L3 cell type 'sox4_vd1_gdt'. Mean z-score over HALLMARK_TNFA_SIGNALING_VIA_NFKB genes. NFkB regulatory arm; distinct from general inflammatory state. Z-scored within cell type across 92 baseline samples. Included.
pb.transitional_b_cell_ifn_alpha,pseudobulk,"means layer (Seurat-normalized, log1p)",Pseudobulk L3 cell type 'transitional_b_cell'. Mean z-score over HALLMARK_INTERFERON_ALPHA_RESPONSE genes. Type I IFN; pDC-produced; innate antiviral response. Z-scored within cell type across 92 baseline samples. Included.
pb.transitional_b_cell_ifn_gamma,pseudobulk,"means layer (Seurat-normalized, log1p)",Pseudobulk L3 cell type 'transitional_b_cell'. Mean z-score over HALLMARK_INTERFERON_GAMMA_RESPONSE genes. Type II IFN / antiviral / CMV-driven ISG state. Z-scored within cell type across 92 baseline samples. Included.
pb.transitional_b_cell_il2_stat5,pseudobulk,"means layer (Seurat-normalized, log1p)",Pseudobulk L3 cell type 'transitional_b_cell'. Mean z-score over HALLMARK_IL2_STAT5_SIGNALING genes. T cell survival / homeostatic proliferation; declines with aging. Z-scored within cell type across 92 baseline samples. Included.
pb.transitional_b_cell_inflammatory,pseudobulk,"means layer (Seurat-normalized, log1p)",Pseudobulk L3 cell type 'transitional_b_cell'. Mean z-score over HALLMARK_INFLAMMATORY_RESPONSE genes. TNF/IL-1/IL-6-driven inflammaging. Z-scored within cell type across 92 baseline samples. Included.
pb.transitional_b_cell_tnfa_nfkb,pseudobulk,"means layer (Seurat-normalized, log1p)",Pseudobulk L3 cell type 'transitional_b_cell'. Mean z-score over HALLMARK_TNFA_SIGNALING_VIA_NFKB genes. NFkB regulatory arm; distinct from general inflammatory state. Z-scored within cell type across 92 baseline samples. Included.
pb.type_2_polarized_memory_b_cell_ifn_alpha,pseudobulk,"means layer (Seurat-normalized, log1p)",Pseudobulk L3 cell type 'type_2_polarized_memory_b_cell'. Mean z-score over HALLMARK_INTERFERON_ALPHA_RESPONSE genes. Type I IFN; pDC-produced; innate antiviral response. Z-scored within cell type across 92 baseline samples. Included.
pb.type_2_polarized_memory_b_cell_ifn_gamma,pseudobulk,"means layer (Seurat-normalized, log1p)",Pseudobulk L3 cell type 'type_2_polarized_memory_b_cell'. Mean z-score over HALLMARK_INTERFERON_GAMMA_RESPONSE genes. Type II IFN / antiviral / CMV-driven ISG state. Z-scored within cell type across 92 baseline samples. Included.
pb.type_2_polarized_memory_b_cell_il2_stat5,pseudobulk,"means layer (Seurat-normalized, log1p)",Pseudobulk L3 cell type 'type_2_polarized_memory_b_cell'. Mean z-score over HALLMARK_IL2_STAT5_SIGNALING genes. T cell survival / homeostatic proliferation; declines with aging. Z-scored within cell type across 92 baseline samples. Included.
pb.type_2_polarized_memory_b_cell_inflammatory,pseudobulk,"means layer (Seurat-normalized, log1p)",Pseudobulk L3 cell type 'type_2_polarized_memory_b_cell'. Mean z-score over HALLMARK_INFLAMMATORY_RESPONSE genes. TNF/IL-1/IL-6-driven inflammaging. Z-scored within cell type across 92 baseline samples. Included.
pb.type_2_polarized_memory_b_cell_tnfa_nfkb,pseudobulk,"means layer (Seurat-normalized, log1p)",Pseudobulk L3 cell type 'type_2_polarized_memory_b_cell'. Mean z-score over HALLMARK_TNFA_SIGNALING_VIA_NFKB genes. NFkB regulatory arm; distinct from general inflammatory state. Z-scored within cell type across 92 baseline samples. Included.
pb.activated_memory_b_cell_low_ncells_flag,pseudobulk,n_cells (obs metadata),QC flag for cell type 'activated_memory_b_cell': True when n_cells < 10 or cell type absent for that sample. Included.
pb.adaptive_nk_cell_low_ncells_flag,pseudobulk,n_cells (obs metadata),QC flag for cell type 'adaptive_nk_cell': True when n_cells < 10 or cell type absent for that sample. Included.
pb.asdc_low_ncells_flag,pseudobulk,n_cells (obs metadata),QC flag for cell type 'asdc': True when n_cells < 10 or cell type absent for that sample. Included.
pb.baeomap_cell_low_ncells_flag,pseudobulk,n_cells (obs metadata),QC flag for cell type 'baeomap_cell': True when n_cells < 10 or cell type absent for that sample. FLAGGED FOR POTENTIAL EXCLUSION.
pb.c1q_cd16_monocyte_low_ncells_flag,pseudobulk,n_cells (obs metadata),QC flag for cell type 'c1q_cd16_monocyte': True when n_cells < 10 or cell type absent for that sample. Included.
pb.cd14_cdc2_low_ncells_flag,pseudobulk,n_cells (obs metadata),QC flag for cell type 'cd14_cdc2': True when n_cells < 10 or cell type absent for that sample. Included.
pb.cd27_effector_b_cell_low_ncells_flag,pseudobulk,n_cells (obs metadata),QC flag for cell type 'cd27_effector_b_cell': True when n_cells < 10 or cell type absent for that sample. Included.
pb.cd4_mait_low_ncells_flag,pseudobulk,n_cells (obs metadata),QC flag for cell type 'cd4_mait': True when n_cells < 10 or cell type absent for that sample. Included.
pb.cd56bright_nk_cell_low_ncells_flag,pseudobulk,n_cells (obs metadata),QC flag for cell type 'cd56bright_nk_cell': True when n_cells < 10 or cell type absent for that sample. Included.
pb.cd8_mait_low_ncells_flag,pseudobulk,n_cells (obs metadata),QC flag for cell type 'cd8_mait': True when n_cells < 10 or cell type absent for that sample. Included.
pb.cd8aa_low_ncells_flag,pseudobulk,n_cells (obs metadata),QC flag for cell type 'cd8aa': True when n_cells < 10 or cell type absent for that sample. Included.
pb.cd95_memory_b_cell_low_ncells_flag,pseudobulk,n_cells (obs metadata),QC flag for cell type 'cd95_memory_b_cell': True when n_cells < 10 or cell type absent for that sample. Included.
pb.cdc1_low_ncells_flag,pseudobulk,n_cells (obs metadata),QC flag for cell type 'cdc1': True when n_cells < 10 or cell type absent for that sample. Included.
pb.clp_cell_low_ncells_flag,pseudobulk,n_cells (obs metadata),QC flag for cell type 'clp_cell': True when n_cells < 10 or cell type absent for that sample. FLAGGED FOR POTENTIAL EXCLUSION.
pb.cm_cd4_t_cell_low_ncells_flag,pseudobulk,n_cells (obs metadata),QC flag for cell type 'cm_cd4_t_cell': True when n_cells < 10 or cell type absent for that sample. Included.
pb.cm_cd8_t_cell_low_ncells_flag,pseudobulk,n_cells (obs metadata),QC flag for cell type 'cm_cd8_t_cell': True when n_cells < 10 or cell type absent for that sample. Included.
pb.cmp_cell_low_ncells_flag,pseudobulk,n_cells (obs metadata),QC flag for cell type 'cmp_cell': True when n_cells < 10 or cell type absent for that sample. FLAGGED FOR POTENTIAL EXCLUSION.
pb.core_cd14_monocyte_low_ncells_flag,pseudobulk,n_cells (obs metadata),QC flag for cell type 'core_cd14_monocyte': True when n_cells < 10 or cell type absent for that sample. Included.
pb.core_cd16_monocyte_low_ncells_flag,pseudobulk,n_cells (obs metadata),QC flag for cell type 'core_cd16_monocyte': True when n_cells < 10 or cell type absent for that sample. Included.
pb.core_memory_b_cell_low_ncells_flag,pseudobulk,n_cells (obs metadata),QC flag for cell type 'core_memory_b_cell': True when n_cells < 10 or cell type absent for that sample. Included.
pb.core_naive_b_cell_low_ncells_flag,pseudobulk,n_cells (obs metadata),QC flag for cell type 'core_naive_b_cell': True when n_cells < 10 or cell type absent for that sample. Included.
pb.core_naive_cd4_t_cell_low_ncells_flag,pseudobulk,n_cells (obs metadata),QC flag for cell type 'core_naive_cd4_t_cell': True when n_cells < 10 or cell type absent for that sample. Included.
pb.core_naive_cd8_t_cell_low_ncells_flag,pseudobulk,n_cells (obs metadata),QC flag for cell type 'core_naive_cd8_t_cell': True when n_cells < 10 or cell type absent for that sample. Included.
pb.dn_t_cell_low_ncells_flag,pseudobulk,n_cells (obs metadata),QC flag for cell type 'dn_t_cell': True when n_cells < 10 or cell type absent for that sample. Included.
pb.early_memory_b_cell_low_ncells_flag,pseudobulk,n_cells (obs metadata),QC flag for cell type 'early_memory_b_cell': True when n_cells < 10 or cell type absent for that sample. Included.
pb.erythrocyte_low_ncells_flag,pseudobulk,n_cells (obs metadata),QC flag for cell type 'erythrocyte': True when n_cells < 10 or cell type absent for that sample. FLAGGED FOR POTENTIAL EXCLUSION.
pb.gzmb_cd27_em_cd4_t_cell_low_ncells_flag,pseudobulk,n_cells (obs metadata),QC flag for cell type 'gzmb_cd27_em_cd4_t_cell': True when n_cells < 10 or cell type absent for that sample. Included.
pb.gzmb_vd2_gdt_low_ncells_flag,pseudobulk,n_cells (obs metadata),QC flag for cell type 'gzmb_vd2_gdt': True when n_cells < 10 or cell type absent for that sample. Included.
pb.gzmk_cd27_em_cd8_t_cell_low_ncells_flag,pseudobulk,n_cells (obs metadata),QC flag for cell type 'gzmk_cd27_em_cd8_t_cell': True when n_cells < 10 or cell type absent for that sample. Included.
pb.gzmk_cd56dim_nk_cell_low_ncells_flag,pseudobulk,n_cells (obs metadata),QC flag for cell type 'gzmk_cd56dim_nk_cell': True when n_cells < 10 or cell type absent for that sample. Included.
pb.gzmk_memory_cd4_treg_low_ncells_flag,pseudobulk,n_cells (obs metadata),QC flag for cell type 'gzmk_memory_cd4_treg': True when n_cells < 10 or cell type absent for that sample. Included.
pb.gzmk_vd2_gdt_low_ncells_flag,pseudobulk,n_cells (obs metadata),QC flag for cell type 'gzmk_vd2_gdt': True when n_cells < 10 or cell type absent for that sample. Included.
pb.hla_drhi_cdc2_low_ncells_flag,pseudobulk,n_cells (obs metadata),QC flag for cell type 'hla_drhi_cdc2': True when n_cells < 10 or cell type absent for that sample. Included.
pb.il1b_cd14_monocyte_low_ncells_flag,pseudobulk,n_cells (obs metadata),QC flag for cell type 'il1b_cd14_monocyte': True when n_cells < 10 or cell type absent for that sample. Included.
pb.ilc_low_ncells_flag,pseudobulk,n_cells (obs metadata),QC flag for cell type 'ilc': True when n_cells < 10 or cell type absent for that sample. Included.
pb.intermediate_monocyte_low_ncells_flag,pseudobulk,n_cells (obs metadata),QC flag for cell type 'intermediate_monocyte': True when n_cells < 10 or cell type absent for that sample. Included.
pb.isg_cd14_monocyte_low_ncells_flag,pseudobulk,n_cells (obs metadata),QC flag for cell type 'isg_cd14_monocyte': True when n_cells < 10 or cell type absent for that sample. Included.
pb.isg_cd16_monocyte_low_ncells_flag,pseudobulk,n_cells (obs metadata),QC flag for cell type 'isg_cd16_monocyte': True when n_cells < 10 or cell type absent for that sample. Included.
pb.isg_cd56dim_nk_cell_low_ncells_flag,pseudobulk,n_cells (obs metadata),QC flag for cell type 'isg_cd56dim_nk_cell': True when n_cells < 10 or cell type absent for that sample. Included.
pb.isg_cdc2_low_ncells_flag,pseudobulk,n_cells (obs metadata),QC flag for cell type 'isg_cdc2': True when n_cells < 10 or cell type absent for that sample. Included.
pb.isg_mait_low_ncells_flag,pseudobulk,n_cells (obs metadata),QC flag for cell type 'isg_mait': True when n_cells < 10 or cell type absent for that sample. Included.
pb.isg_memory_cd4_t_cell_low_ncells_flag,pseudobulk,n_cells (obs metadata),QC flag for cell type 'isg_memory_cd4_t_cell': True when n_cells < 10 or cell type absent for that sample. Included.
pb.isg_memory_cd8_t_cell_low_ncells_flag,pseudobulk,n_cells (obs metadata),QC flag for cell type 'isg_memory_cd8_t_cell': True when n_cells < 10 or cell type absent for that sample. Included.
pb.isg_naive_b_cell_low_ncells_flag,pseudobulk,n_cells (obs metadata),QC flag for cell type 'isg_naive_b_cell': True when n_cells < 10 or cell type absent for that sample. Included.
pb.isg_naive_cd4_t_cell_low_ncells_flag,pseudobulk,n_cells (obs metadata),QC flag for cell type 'isg_naive_cd4_t_cell': True when n_cells < 10 or cell type absent for that sample. Included.
pb.isg_naive_cd8_t_cell_low_ncells_flag,pseudobulk,n_cells (obs metadata),QC flag for cell type 'isg_naive_cd8_t_cell': True when n_cells < 10 or cell type absent for that sample. Included.
pb.klrb1_memory_cd4_treg_low_ncells_flag,pseudobulk,n_cells (obs metadata),QC flag for cell type 'klrb1_memory_cd4_treg': True when n_cells < 10 or cell type absent for that sample. Included.
pb.klrb1_memory_cd8_treg_low_ncells_flag,pseudobulk,n_cells (obs metadata),QC flag for cell type 'klrb1_memory_cd8_treg': True when n_cells < 10 or cell type absent for that sample. Included.
pb.klrf1_effector_vd1_gdt_low_ncells_flag,pseudobulk,n_cells (obs metadata),QC flag for cell type 'klrf1_effector_vd1_gdt': True when n_cells < 10 or cell type absent for that sample. Included.
pb.klrf1_gzmb_cd27_em_cd8_t_cell_low_ncells_flag,pseudobulk,n_cells (obs metadata),QC flag for cell type 'klrf1_gzmb_cd27_em_cd8_t_cell': True when n_cells < 10 or cell type absent for that sample. Included.
pb.klrf1_gzmb_cd27_memory_cd4_t_cell_low_ncells_flag,pseudobulk,n_cells (obs metadata),QC flag for cell type 'klrf1_gzmb_cd27_memory_cd4_t_cell': True when n_cells < 10 or cell type absent for that sample. Included.
pb.memory_cd4_treg_low_ncells_flag,pseudobulk,n_cells (obs metadata),QC flag for cell type 'memory_cd4_treg': True when n_cells < 10 or cell type absent for that sample. Included.
pb.memory_cd8_treg_low_ncells_flag,pseudobulk,n_cells (obs metadata),QC flag for cell type 'memory_cd8_treg': True when n_cells < 10 or cell type absent for that sample. Included.
pb.naive_cd4_treg_low_ncells_flag,pseudobulk,n_cells (obs metadata),QC flag for cell type 'naive_cd4_treg': True when n_cells < 10 or cell type absent for that sample. Included.
pb.naive_vd1_gdt_low_ncells_flag,pseudobulk,n_cells (obs metadata),QC flag for cell type 'naive_vd1_gdt': True when n_cells < 10 or cell type absent for that sample. Included.
pb.pdc_low_ncells_flag,pseudobulk,n_cells (obs metadata),QC flag for cell type 'pdc': True when n_cells < 10 or cell type absent for that sample. Included.
pb.plasma_cell_low_ncells_flag,pseudobulk,n_cells (obs metadata),QC flag for cell type 'plasma_cell': True when n_cells < 10 or cell type absent for that sample. Included.
pb.platelet_low_ncells_flag,pseudobulk,n_cells (obs metadata),QC flag for cell type 'platelet': True when n_cells < 10 or cell type absent for that sample. FLAGGED FOR POTENTIAL EXCLUSION.
pb.proliferating_nk_cell_low_ncells_flag,pseudobulk,n_cells (obs metadata),QC flag for cell type 'proliferating_nk_cell': True when n_cells < 10 or cell type absent for that sample. FLAGGED FOR POTENTIAL EXCLUSION.
pb.proliferating_t_cell_low_ncells_flag,pseudobulk,n_cells (obs metadata),QC flag for cell type 'proliferating_t_cell': True when n_cells < 10 or cell type absent for that sample. FLAGGED FOR POTENTIAL EXCLUSION.
pb.sox4_naive_cd4_t_cell_low_ncells_flag,pseudobulk,n_cells (obs metadata),QC flag for cell type 'sox4_naive_cd4_t_cell': True when n_cells < 10 or cell type absent for that sample. Included.
pb.sox4_naive_cd8_t_cell_low_ncells_flag,pseudobulk,n_cells (obs metadata),QC flag for cell type 'sox4_naive_cd8_t_cell': True when n_cells < 10 or cell type absent for that sample. Included.
pb.sox4_vd1_gdt_low_ncells_flag,pseudobulk,n_cells (obs metadata),QC flag for cell type 'sox4_vd1_gdt': True when n_cells < 10 or cell type absent for that sample. Included.
pb.transitional_b_cell_low_ncells_flag,pseudobulk,n_cells (obs metadata),QC flag for cell type 'transitional_b_cell': True when n_cells < 10 or cell type absent for that sample. Included.
pb.type_2_polarized_memory_b_cell_low_ncells_flag,pseudobulk,n_cells (obs metadata),QC flag for cell type 'type_2_polarized_memory_b_cell': True when n_cells < 10 or cell type absent for that sample. Included.
wb.adipogenesis,whole_blood,"X (CPM + log1p normalized, then ssGSEA NES)",ssGSEA Normalized Enrichment Score for MSigDB Hallmark set 'Adipogenesis' computed over all 91 baseline samples (KT00030 Replicate 2 dropped). All 50 Hallmark sets retained; 5-10 selected for BN fitting by group. Included.
wb.allograft_rejection,whole_blood,"X (CPM + log1p normalized, then ssGSEA NES)",ssGSEA Normalized Enrichment Score for MSigDB Hallmark set 'Allograft Rejection' computed over all 91 baseline samples (KT00030 Replicate 2 dropped). All 50 Hallmark sets retained; 5-10 selected for BN fitting by group. Included.
wb.androgen_response,whole_blood,"X (CPM + log1p normalized, then ssGSEA NES)",ssGSEA Normalized Enrichment Score for MSigDB Hallmark set 'Androgen Response' computed over all 91 baseline samples (KT00030 Replicate 2 dropped). All 50 Hallmark sets retained; 5-10 selected for BN fitting by group. Included.
wb.angiogenesis,whole_blood,"X (CPM + log1p normalized, then ssGSEA NES)",ssGSEA Normalized Enrichment Score for MSigDB Hallmark set 'Angiogenesis' computed over all 91 baseline samples (KT00030 Replicate 2 dropped). All 50 Hallmark sets retained; 5-10 selected for BN fitting by group. Included.
wb.apical_junction,whole_blood,"X (CPM + log1p normalized, then ssGSEA NES)",ssGSEA Normalized Enrichment Score for MSigDB Hallmark set 'Apical Junction' computed over all 91 baseline samples (KT00030 Replicate 2 dropped). All 50 Hallmark sets retained; 5-10 selected for BN fitting by group. Included.
wb.apical_surface,whole_blood,"X (CPM + log1p normalized, then ssGSEA NES)",ssGSEA Normalized Enrichment Score for MSigDB Hallmark set 'Apical Surface' computed over all 91 baseline samples (KT00030 Replicate 2 dropped). All 50 Hallmark sets retained; 5-10 selected for BN fitting by group. Included.
wb.apoptosis,whole_blood,"X (CPM + log1p normalized, then ssGSEA NES)",ssGSEA Normalized Enrichment Score for MSigDB Hallmark set 'Apoptosis' computed over all 91 baseline samples (KT00030 Replicate 2 dropped). All 50 Hallmark sets retained; 5-10 selected for BN fitting by group. Included.
wb.bile_acid_metabolism,whole_blood,"X (CPM + log1p normalized, then ssGSEA NES)",ssGSEA Normalized Enrichment Score for MSigDB Hallmark set 'Bile Acid Metabolism' computed over all 91 baseline samples (KT00030 Replicate 2 dropped). All 50 Hallmark sets retained; 5-10 selected for BN fitting by group. Included.
wb.cholesterol_homeostasis,whole_blood,"X (CPM + log1p normalized, then ssGSEA NES)",ssGSEA Normalized Enrichment Score for MSigDB Hallmark set 'Cholesterol Homeostasis' computed over all 91 baseline samples (KT00030 Replicate 2 dropped). All 50 Hallmark sets retained; 5-10 selected for BN fitting by group. Included.
wb.coagulation,whole_blood,"X (CPM + log1p normalized, then ssGSEA NES)",ssGSEA Normalized Enrichment Score for MSigDB Hallmark set 'Coagulation' computed over all 91 baseline samples (KT00030 Replicate 2 dropped). All 50 Hallmark sets retained; 5-10 selected for BN fitting by group. Included.
wb.complement,whole_blood,"X (CPM + log1p normalized, then ssGSEA NES)",ssGSEA Normalized Enrichment Score for MSigDB Hallmark set 'Complement' computed over all 91 baseline samples (KT00030 Replicate 2 dropped). All 50 Hallmark sets retained; 5-10 selected for BN fitting by group. Included.
wb.dna_repair,whole_blood,"X (CPM + log1p normalized, then ssGSEA NES)",ssGSEA Normalized Enrichment Score for MSigDB Hallmark set 'Dna Repair' computed over all 91 baseline samples (KT00030 Replicate 2 dropped). All 50 Hallmark sets retained; 5-10 selected for BN fitting by group. Included.
wb.e2f_targets,whole_blood,"X (CPM + log1p normalized, then ssGSEA NES)",ssGSEA Normalized Enrichment Score for MSigDB Hallmark set 'E2F Targets' computed over all 91 baseline samples (KT00030 Replicate 2 dropped). All 50 Hallmark sets retained; 5-10 selected for BN fitting by group. Included.
wb.epithelial_mesenchymal_transition,whole_blood,"X (CPM + log1p normalized, then ssGSEA NES)",ssGSEA Normalized Enrichment Score for MSigDB Hallmark set 'Epithelial Mesenchymal Transition' computed over all 91 baseline samples (KT00030 Replicate 2 dropped). All 50 Hallmark sets retained; 5-10 selected for BN fitting by group. Included.
wb.estrogen_response_early,whole_blood,"X (CPM + log1p normalized, then ssGSEA NES)",ssGSEA Normalized Enrichment Score for MSigDB Hallmark set 'Estrogen Response Early' computed over all 91 baseline samples (KT00030 Replicate 2 dropped). All 50 Hallmark sets retained; 5-10 selected for BN fitting by group. Included.
wb.estrogen_response_late,whole_blood,"X (CPM + log1p normalized, then ssGSEA NES)",ssGSEA Normalized Enrichment Score for MSigDB Hallmark set 'Estrogen Response Late' computed over all 91 baseline samples (KT00030 Replicate 2 dropped). All 50 Hallmark sets retained; 5-10 selected for BN fitting by group. Included.
wb.fatty_acid_metabolism,whole_blood,"X (CPM + log1p normalized, then ssGSEA NES)",ssGSEA Normalized Enrichment Score for MSigDB Hallmark set 'Fatty Acid Metabolism' computed over all 91 baseline samples (KT00030 Replicate 2 dropped). All 50 Hallmark sets retained; 5-10 selected for BN fitting by group. Included.
wb.g2_m_checkpoint,whole_blood,"X (CPM + log1p normalized, then ssGSEA NES)",ssGSEA Normalized Enrichment Score for MSigDB Hallmark set 'G2 M Checkpoint' computed over all 91 baseline samples (KT00030 Replicate 2 dropped). All 50 Hallmark sets retained; 5-10 selected for BN fitting by group. Included.
wb.glycolysis,whole_blood,"X (CPM + log1p normalized, then ssGSEA NES)",ssGSEA Normalized Enrichment Score for MSigDB Hallmark set 'Glycolysis' computed over all 91 baseline samples (KT00030 Replicate 2 dropped). All 50 Hallmark sets retained; 5-10 selected for BN fitting by group. Included.
wb.hedgehog_signaling,whole_blood,"X (CPM + log1p normalized, then ssGSEA NES)",ssGSEA Normalized Enrichment Score for MSigDB Hallmark set 'Hedgehog Signaling' computed over all 91 baseline samples (KT00030 Replicate 2 dropped). All 50 Hallmark sets retained; 5-10 selected for BN fitting by group. Included.
wb.heme_metabolism,whole_blood,"X (CPM + log1p normalized, then ssGSEA NES)",ssGSEA Normalized Enrichment Score for MSigDB Hallmark set 'Heme Metabolism' computed over all 91 baseline samples (KT00030 Replicate 2 dropped). All 50 Hallmark sets retained; 5-10 selected for BN fitting by group. Included.
wb.hypoxia,whole_blood,"X (CPM + log1p normalized, then ssGSEA NES)",ssGSEA Normalized Enrichment Score for MSigDB Hallmark set 'Hypoxia' computed over all 91 baseline samples (KT00030 Replicate 2 dropped). All 50 Hallmark sets retained; 5-10 selected for BN fitting by group. Included.
wb.il_2_stat5_signaling,whole_blood,"X (CPM + log1p normalized, then ssGSEA NES)",ssGSEA Normalized Enrichment Score for MSigDB Hallmark set 'Il 2 Stat5 Signaling' computed over all 91 baseline samples (KT00030 Replicate 2 dropped). All 50 Hallmark sets retained; 5-10 selected for BN fitting by group. Included.
wb.il_6_jak_stat3_signaling,whole_blood,"X (CPM + log1p normalized, then ssGSEA NES)",ssGSEA Normalized Enrichment Score for MSigDB Hallmark set 'Il 6 Jak Stat3 Signaling' computed over all 91 baseline samples (KT00030 Replicate 2 dropped). All 50 Hallmark sets retained; 5-10 selected for BN fitting by group. Included.
wb.inflammatory_response,whole_blood,"X (CPM + log1p normalized, then ssGSEA NES)",ssGSEA Normalized Enrichment Score for MSigDB Hallmark set 'Inflammatory Response' computed over all 91 baseline samples (KT00030 Replicate 2 dropped). All 50 Hallmark sets retained; 5-10 selected for BN fitting by group. Included.
wb.interferon_alpha_response,whole_blood,"X (CPM + log1p normalized, then ssGSEA NES)",ssGSEA Normalized Enrichment Score for MSigDB Hallmark set 'Interferon Alpha Response' computed over all 91 baseline samples (KT00030 Replicate 2 dropped). All 50 Hallmark sets retained; 5-10 selected for BN fitting by group. Included.
wb.interferon_gamma_response,whole_blood,"X (CPM + log1p normalized, then ssGSEA NES)",ssGSEA Normalized Enrichment Score for MSigDB Hallmark set 'Interferon Gamma Response' computed over all 91 baseline samples (KT00030 Replicate 2 dropped). All 50 Hallmark sets retained; 5-10 selected for BN fitting by group. Included.
wb.kras_signaling_dn,whole_blood,"X (CPM + log1p normalized, then ssGSEA NES)",ssGSEA Normalized Enrichment Score for MSigDB Hallmark set 'Kras Signaling Dn' computed over all 91 baseline samples (KT00030 Replicate 2 dropped). All 50 Hallmark sets retained; 5-10 selected for BN fitting by group. Included.
wb.kras_signaling_up,whole_blood,"X (CPM + log1p normalized, then ssGSEA NES)",ssGSEA Normalized Enrichment Score for MSigDB Hallmark set 'Kras Signaling Up' computed over all 91 baseline samples (KT00030 Replicate 2 dropped). All 50 Hallmark sets retained; 5-10 selected for BN fitting by group. Included.
wb.mitotic_spindle,whole_blood,"X (CPM + log1p normalized, then ssGSEA NES)",ssGSEA Normalized Enrichment Score for MSigDB Hallmark set 'Mitotic Spindle' computed over all 91 baseline samples (KT00030 Replicate 2 dropped). All 50 Hallmark sets retained; 5-10 selected for BN fitting by group. Included.
wb.mtorc1_signaling,whole_blood,"X (CPM + log1p normalized, then ssGSEA NES)",ssGSEA Normalized Enrichment Score for MSigDB Hallmark set 'Mtorc1 Signaling' computed over all 91 baseline samples (KT00030 Replicate 2 dropped). All 50 Hallmark sets retained; 5-10 selected for BN fitting by group. Included.
wb.myc_targets_v1,whole_blood,"X (CPM + log1p normalized, then ssGSEA NES)",ssGSEA Normalized Enrichment Score for MSigDB Hallmark set 'Myc Targets V1' computed over all 91 baseline samples (KT00030 Replicate 2 dropped). All 50 Hallmark sets retained; 5-10 selected for BN fitting by group. Included.
wb.myc_targets_v2,whole_blood,"X (CPM + log1p normalized, then ssGSEA NES)",ssGSEA Normalized Enrichment Score for MSigDB Hallmark set 'Myc Targets V2' computed over all 91 baseline samples (KT00030 Replicate 2 dropped). All 50 Hallmark sets retained; 5-10 selected for BN fitting by group. Included.
wb.myogenesis,whole_blood,"X (CPM + log1p normalized, then ssGSEA NES)",ssGSEA Normalized Enrichment Score for MSigDB Hallmark set 'Myogenesis' computed over all 91 baseline samples (KT00030 Replicate 2 dropped). All 50 Hallmark sets retained; 5-10 selected for BN fitting by group. Included.
wb.notch_signaling,whole_blood,"X (CPM + log1p normalized, then ssGSEA NES)",ssGSEA Normalized Enrichment Score for MSigDB Hallmark set 'Notch Signaling' computed over all 91 baseline samples (KT00030 Replicate 2 dropped). All 50 Hallmark sets retained; 5-10 selected for BN fitting by group. Included.
wb.oxidative_phosphorylation,whole_blood,"X (CPM + log1p normalized, then ssGSEA NES)",ssGSEA Normalized Enrichment Score for MSigDB Hallmark set 'Oxidative Phosphorylation' computed over all 91 baseline samples (KT00030 Replicate 2 dropped). All 50 Hallmark sets retained; 5-10 selected for BN fitting by group. Included.
wb.p53_pathway,whole_blood,"X (CPM + log1p normalized, then ssGSEA NES)",ssGSEA Normalized Enrichment Score for MSigDB Hallmark set 'P53 Pathway' computed over all 91 baseline samples (KT00030 Replicate 2 dropped). All 50 Hallmark sets retained; 5-10 selected for BN fitting by group. Included.
wb.pancreas_beta_cells,whole_blood,"X (CPM + log1p normalized, then ssGSEA NES)",ssGSEA Normalized Enrichment Score for MSigDB Hallmark set 'Pancreas Beta Cells' computed over all 91 baseline samples (KT00030 Replicate 2 dropped). All 50 Hallmark sets retained; 5-10 selected for BN fitting by group. Included.
wb.pi3k_akt_mtor_signaling,whole_blood,"X (CPM + log1p normalized, then ssGSEA NES)",ssGSEA Normalized Enrichment Score for MSigDB Hallmark set 'Pi3K Akt Mtor Signaling' computed over all 91 baseline samples (KT00030 Replicate 2 dropped). All 50 Hallmark sets retained; 5-10 selected for BN fitting by group. Included.
wb.pperoxisome,whole_blood,"X (CPM + log1p normalized, then ssGSEA NES)",ssGSEA Normalized Enrichment Score for MSigDB Hallmark set 'Pperoxisome' computed over all 91 baseline samples (KT00030 Replicate 2 dropped). All 50 Hallmark sets retained; 5-10 selected for BN fitting by group. Included.
wb.protein_secretion,whole_blood,"X (CPM + log1p normalized, then ssGSEA NES)",ssGSEA Normalized Enrichment Score for MSigDB Hallmark set 'Protein Secretion' computed over all 91 baseline samples (KT00030 Replicate 2 dropped). All 50 Hallmark sets retained; 5-10 selected for BN fitting by group. Included.
wb.reactive_oxygen_species_pathway,whole_blood,"X (CPM + log1p normalized, then ssGSEA NES)",ssGSEA Normalized Enrichment Score for MSigDB Hallmark set 'Reactive Oxygen Species Pathway' computed over all 91 baseline samples (KT00030 Replicate 2 dropped). All 50 Hallmark sets retained; 5-10 selected for BN fitting by group. Included.
wb.spermatogenesis,whole_blood,"X (CPM + log1p normalized, then ssGSEA NES)",ssGSEA Normalized Enrichment Score for MSigDB Hallmark set 'Spermatogenesis' computed over all 91 baseline samples (KT00030 Replicate 2 dropped). All 50 Hallmark sets retained; 5-10 selected for BN fitting by group. Included.
wb.tgf_beta_signaling,whole_blood,"X (CPM + log1p normalized, then ssGSEA NES)",ssGSEA Normalized Enrichment Score for MSigDB Hallmark set 'Tgf Beta Signaling' computed over all 91 baseline samples (KT00030 Replicate 2 dropped). All 50 Hallmark sets retained; 5-10 selected for BN fitting by group. Included.
wb.tnf_alpha_signaling_via_nf_kb,whole_blood,"X (CPM + log1p normalized, then ssGSEA NES)",ssGSEA Normalized Enrichment Score for MSigDB Hallmark set 'Tnf Alpha Signaling Via Nf Kb' computed over all 91 baseline samples (KT00030 Replicate 2 dropped). All 50 Hallmark sets retained; 5-10 selected for BN fitting by group. Included.
wb.unfolded_protein_response,whole_blood,"X (CPM + log1p normalized, then ssGSEA NES)",ssGSEA Normalized Enrichment Score for MSigDB Hallmark set 'Unfolded Protein Response' computed over all 91 baseline samples (KT00030 Replicate 2 dropped). All 50 Hallmark sets retained; 5-10 selected for BN fitting by group. Included.
wb.uv_response_dn,whole_blood,"X (CPM + log1p normalized, then ssGSEA NES)",ssGSEA Normalized Enrichment Score for MSigDB Hallmark set 'Uv Response Dn' computed over all 91 baseline samples (KT00030 Replicate 2 dropped). All 50 Hallmark sets retained; 5-10 selected for BN fitting by group. Included.
wb.uv_response_up,whole_blood,"X (CPM + log1p normalized, then ssGSEA NES)",ssGSEA Normalized Enrichment Score for MSigDB Hallmark set 'Uv Response Up' computed over all 91 baseline samples (KT00030 Replicate 2 dropped). All 50 Hallmark sets retained; 5-10 selected for BN fitting by group. Included.
wb.wnt_beta_catenin_signaling,whole_blood,"X (CPM + log1p normalized, then ssGSEA NES)",ssGSEA Normalized Enrichment Score for MSigDB Hallmark set 'Wnt Beta Catenin Signaling' computed over all 91 baseline samples (KT00030 Replicate 2 dropped). All 50 Hallmark sets retained; 5-10 selected for BN fitting by group. Included.
wb.xenobiotic_metabolism,whole_blood,"X (CPM + log1p normalized, then ssGSEA NES)",ssGSEA Normalized Enrichment Score for MSigDB Hallmark set 'Xenobiotic Metabolism' computed over all 91 baseline samples (KT00030 Replicate 2 dropped). All 50 Hallmark sets retained; 5-10 selected for BN fitting by group. Included.
wb.low_lib_flag,whole_blood,X row sum (total raw counts),"QC flag: True when total raw read count < median - 3xMAD (threshold: 1,603,937). Flagged samples' ssGSEA scores are set to NaN."
pb.activated_memory_b_cell_ifn_alpha,pseudobulk,"means layer (Seurat-normalized, log1p)",Pseudobulk L3 cell type 'activated_memory_b_cell'. Mean z-score over Hallmark Interferon Alpha Response genes. Type I IFN; pDC-produced; senescence-linked. Ext. support: D'Souza 2021 (PMID 34547174). Z-scored within cell type across 92 baseline samples. Included.
pb.activated_memory_b_cell_ifn_gamma,pseudobulk,"means layer (Seurat-normalized, log1p)","Pseudobulk L3 cell type 'activated_memory_b_cell'. Mean z-score over Hallmark Interferon Gamma Response genes. Type II IFN / antiviral / CMV-driven state. Ext. support: Ashour 2023 (PMID 37141306); CMV reviews (PMID 28082969, 28647907). Z-scored within cell type across 92 baseline samples. Included."
pb.activated_memory_b_cell_il2_stat5,pseudobulk,"means layer (Seurat-normalized, log1p)",Pseudobulk L3 cell type 'activated_memory_b_cell'. Mean z-score over Hallmark IL-2/STAT5 Signaling genes. Gamma-chain/STAT5 T-cell homeostasis (proxy for IL-7/STAT5 naive-T decline). Ext. support: Becklund 2016 (PMID 27480406). CAVEAT: aging signal is more precisely IL-7/STAT5. Z-scored within cell type across 92 baseline samples. Included.
pb.activated_memory_b_cell_il6_jak_stat3,pseudobulk,"means layer (Seurat-normalized, log1p)",Pseudobulk L3 cell type 'activated_memory_b_cell'. Mean z-score over Hallmark IL-6/JAK/STAT3 Signaling genes. IL-6 inflammaging biomarker; JAK/STAT3 drives SASP. Ext. support: Xu 2015 (PMID 26578790); Ferrucci & Fabbri 2018 (PMID 30065258). Z-scored within cell type across 92 baseline samples. Included.
pb.activated_memory_b_cell_inflammatory,pseudobulk,"means layer (Seurat-normalized, log1p)",Pseudobulk L3 cell type 'activated_memory_b_cell'. Mean z-score over Hallmark Inflammatory Response genes. Canonical inflammaging. Ext. support: Franceschi 2000 (PMID 10911963); Ferrucci & Fabbri 2018 (PMID 30065258). Z-scored within cell type across 92 baseline samples. Included.
pb.activated_memory_b_cell_tnfa_nfkb,pseudobulk,"means layer (Seurat-normalized, log1p)","Pseudobulk L3 cell type 'activated_memory_b_cell'. Mean z-score over Hallmark TNF-alpha Signaling via NF-kB genes. TNF-alpha inflammaging / CMV effector-memory product. Ext. support: Franceschi 2000 (PMID 10911963); CMV reviews (PMID 28082969, 28647907). Z-scored within cell type across 92 baseline samples. Included."
pb.adaptive_nk_cell_ifn_alpha,pseudobulk,"means layer (Seurat-normalized, log1p)",Pseudobulk L3 cell type 'adaptive_nk_cell'. Mean z-score over Hallmark Interferon Alpha Response genes. Type I IFN; pDC-produced; senescence-linked. Ext. support: D'Souza 2021 (PMID 34547174). Z-scored within cell type across 92 baseline samples. Included.
pb.adaptive_nk_cell_ifn_gamma,pseudobulk,"means layer (Seurat-normalized, log1p)","Pseudobulk L3 cell type 'adaptive_nk_cell'. Mean z-score over Hallmark Interferon Gamma Response genes. Type II IFN / antiviral / CMV-driven state. Ext. support: Ashour 2023 (PMID 37141306); CMV reviews (PMID 28082969, 28647907). Z-scored within cell type across 92 baseline samples. Included."
pb.adaptive_nk_cell_il2_stat5,pseudobulk,"means layer (Seurat-normalized, log1p)",Pseudobulk L3 cell type 'adaptive_nk_cell'. Mean z-score over Hallmark IL-2/STAT5 Signaling genes. Gamma-chain/STAT5 T-cell homeostasis (proxy for IL-7/STAT5 naive-T decline). Ext. support: Becklund 2016 (PMID 27480406). CAVEAT: aging signal is more precisely IL-7/STAT5. Z-scored within cell type across 92 baseline samples. Included.
pb.adaptive_nk_cell_il6_jak_stat3,pseudobulk,"means layer (Seurat-normalized, log1p)",Pseudobulk L3 cell type 'adaptive_nk_cell'. Mean z-score over Hallmark IL-6/JAK/STAT3 Signaling genes. IL-6 inflammaging biomarker; JAK/STAT3 drives SASP. Ext. support: Xu 2015 (PMID 26578790); Ferrucci & Fabbri 2018 (PMID 30065258). Z-scored within cell type across 92 baseline samples. Included.
pb.adaptive_nk_cell_inflammatory,pseudobulk,"means layer (Seurat-normalized, log1p)",Pseudobulk L3 cell type 'adaptive_nk_cell'. Mean z-score over Hallmark Inflammatory Response genes. Canonical inflammaging. Ext. support: Franceschi 2000 (PMID 10911963); Ferrucci & Fabbri 2018 (PMID 30065258). Z-scored within cell type across 92 baseline samples. Included.
pb.adaptive_nk_cell_tnfa_nfkb,pseudobulk,"means layer (Seurat-normalized, log1p)","Pseudobulk L3 cell type 'adaptive_nk_cell'. Mean z-score over Hallmark TNF-alpha Signaling via NF-kB genes. TNF-alpha inflammaging / CMV effector-memory product. Ext. support: Franceschi 2000 (PMID 10911963); CMV reviews (PMID 28082969, 28647907). Z-scored within cell type across 92 baseline samples. Included."
pb.asdc_ifn_alpha,pseudobulk,"means layer (Seurat-normalized, log1p)",Pseudobulk L3 cell type 'asdc'. Mean z-score over Hallmark Interferon Alpha Response genes. Type I IFN; pDC-produced; senescence-linked. Ext. support: D'Souza 2021 (PMID 34547174). Z-scored within cell type across 92 baseline samples. Included.
pb.asdc_ifn_gamma,pseudobulk,"means layer (Seurat-normalized, log1p)","Pseudobulk L3 cell type 'asdc'. Mean z-score over Hallmark Interferon Gamma Response genes. Type II IFN / antiviral / CMV-driven state. Ext. support: Ashour 2023 (PMID 37141306); CMV reviews (PMID 28082969, 28647907). Z-scored within cell type across 92 baseline samples. Included."
pb.asdc_il2_stat5,pseudobulk,"means layer (Seurat-normalized, log1p)",Pseudobulk L3 cell type 'asdc'. Mean z-score over Hallmark IL-2/STAT5 Signaling genes. Gamma-chain/STAT5 T-cell homeostasis (proxy for IL-7/STAT5 naive-T decline). Ext. support: Becklund 2016 (PMID 27480406). CAVEAT: aging signal is more precisely IL-7/STAT5. Z-scored within cell type across 92 baseline samples. Included.
pb.asdc_il6_jak_stat3,pseudobulk,"means layer (Seurat-normalized, log1p)",Pseudobulk L3 cell type 'asdc'. Mean z-score over Hallmark IL-6/JAK/STAT3 Signaling genes. IL-6 inflammaging biomarker; JAK/STAT3 drives SASP. Ext. support: Xu 2015 (PMID 26578790); Ferrucci & Fabbri 2018 (PMID 30065258). Z-scored within cell type across 92 baseline samples. Included.
pb.asdc_inflammatory,pseudobulk,"means layer (Seurat-normalized, log1p)",Pseudobulk L3 cell type 'asdc'. Mean z-score over Hallmark Inflammatory Response genes. Canonical inflammaging. Ext. support: Franceschi 2000 (PMID 10911963); Ferrucci & Fabbri 2018 (PMID 30065258). Z-scored within cell type across 92 baseline samples. Included.
pb.asdc_tnfa_nfkb,pseudobulk,"means layer (Seurat-normalized, log1p)","Pseudobulk L3 cell type 'asdc'. Mean z-score over Hallmark TNF-alpha Signaling via NF-kB genes. TNF-alpha inflammaging / CMV effector-memory product. Ext. support: Franceschi 2000 (PMID 10911963); CMV reviews (PMID 28082969, 28647907). Z-scored within cell type across 92 baseline samples. Included."
pb.baeomap_cell_ifn_alpha,pseudobulk,"means layer (Seurat-normalized, log1p)","Pseudobulk L3 cell type 'baeomap_cell'. Mean z-score over Hallmark Interferon Alpha Response genes. Type I IFN; pDC-produced; senescence-linked. Ext. support: D'Souza 2021 (PMID 34547174). Z-scored within cell type across 92 baseline samples. FLAGGED FOR POTENTIAL EXCLUSION: progenitor, contaminant, or activation-artifact cell type; discuss before BN fitting."
pb.baeomap_cell_ifn_gamma,pseudobulk,"means layer (Seurat-normalized, log1p)","Pseudobulk L3 cell type 'baeomap_cell'. Mean z-score over Hallmark Interferon Gamma Response genes. Type II IFN / antiviral / CMV-driven state. Ext. support: Ashour 2023 (PMID 37141306); CMV reviews (PMID 28082969, 28647907). Z-scored within cell type across 92 baseline samples. FLAGGED FOR POTENTIAL EXCLUSION: progenitor, contaminant, or activation-artifact cell type; discuss before BN fitting."
pb.baeomap_cell_il2_stat5,pseudobulk,"means layer (Seurat-normalized, log1p)","Pseudobulk L3 cell type 'baeomap_cell'. Mean z-score over Hallmark IL-2/STAT5 Signaling genes. Gamma-chain/STAT5 T-cell homeostasis (proxy for IL-7/STAT5 naive-T decline). Ext. support: Becklund 2016 (PMID 27480406). CAVEAT: aging signal is more precisely IL-7/STAT5. Z-scored within cell type across 92 baseline samples. FLAGGED FOR POTENTIAL EXCLUSION: progenitor, contaminant, or activation-artifact cell type; discuss before BN fitting."
pb.baeomap_cell_il6_jak_stat3,pseudobulk,"means layer (Seurat-normalized, log1p)","Pseudobulk L3 cell type 'baeomap_cell'. Mean z-score over Hallmark IL-6/JAK/STAT3 Signaling genes. IL-6 inflammaging biomarker; JAK/STAT3 drives SASP. Ext. support: Xu 2015 (PMID 26578790); Ferrucci & Fabbri 2018 (PMID 30065258). Z-scored within cell type across 92 baseline samples. FLAGGED FOR POTENTIAL EXCLUSION: progenitor, contaminant, or activation-artifact cell type; discuss before BN fitting."
pb.baeomap_cell_inflammatory,pseudobulk,"means layer (Seurat-normalized, log1p)","Pseudobulk L3 cell type 'baeomap_cell'. Mean z-score over Hallmark Inflammatory Response genes. Canonical inflammaging. Ext. support: Franceschi 2000 (PMID 10911963); Ferrucci & Fabbri 2018 (PMID 30065258). Z-scored within cell type across 92 baseline samples. FLAGGED FOR POTENTIAL EXCLUSION: progenitor, contaminant, or activation-artifact cell type; discuss before BN fitting."
pb.baeomap_cell_tnfa_nfkb,pseudobulk,"means layer (Seurat-normalized, log1p)","Pseudobulk L3 cell type 'baeomap_cell'. Mean z-score over Hallmark TNF-alpha Signaling via NF-kB genes. TNF-alpha inflammaging / CMV effector-memory product. Ext. support: Franceschi 2000 (PMID 10911963); CMV reviews (PMID 28082969, 28647907). Z-scored within cell type across 92 baseline samples. FLAGGED FOR POTENTIAL EXCLUSION: progenitor, contaminant, or activation-artifact cell type; discuss before BN fitting."
pb.c1q_cd16_monocyte_ifn_alpha,pseudobulk,"means layer (Seurat-normalized, log1p)",Pseudobulk L3 cell type 'c1q_cd16_monocyte'. Mean z-score over Hallmark Interferon Alpha Response genes. Type I IFN; pDC-produced; senescence-linked. Ext. support: D'Souza 2021 (PMID 34547174). Z-scored within cell type across 92 baseline samples. Included.
pb.c1q_cd16_monocyte_ifn_gamma,pseudobulk,"means layer (Seurat-normalized, log1p)","Pseudobulk L3 cell type 'c1q_cd16_monocyte'. Mean z-score over Hallmark Interferon Gamma Response genes. Type II IFN / antiviral / CMV-driven state. Ext. support: Ashour 2023 (PMID 37141306); CMV reviews (PMID 28082969, 28647907). Z-scored within cell type across 92 baseline samples. Included."
pb.c1q_cd16_monocyte_il2_stat5,pseudobulk,"means layer (Seurat-normalized, log1p)",Pseudobulk L3 cell type 'c1q_cd16_monocyte'. Mean z-score over Hallmark IL-2/STAT5 Signaling genes. Gamma-chain/STAT5 T-cell homeostasis (proxy for IL-7/STAT5 naive-T decline). Ext. support: Becklund 2016 (PMID 27480406). CAVEAT: aging signal is more precisely IL-7/STAT5. Z-scored within cell type across 92 baseline samples. Included.
pb.c1q_cd16_monocyte_il6_jak_stat3,pseudobulk,"means layer (Seurat-normalized, log1p)",Pseudobulk L3 cell type 'c1q_cd16_monocyte'. Mean z-score over Hallmark IL-6/JAK/STAT3 Signaling genes. IL-6 inflammaging biomarker; JAK/STAT3 drives SASP. Ext. support: Xu 2015 (PMID 26578790); Ferrucci & Fabbri 2018 (PMID 30065258). Z-scored within cell type across 92 baseline samples. Included.
pb.c1q_cd16_monocyte_inflammatory,pseudobulk,"means layer (Seurat-normalized, log1p)",Pseudobulk L3 cell type 'c1q_cd16_monocyte'. Mean z-score over Hallmark Inflammatory Response genes. Canonical inflammaging. Ext. support: Franceschi 2000 (PMID 10911963); Ferrucci & Fabbri 2018 (PMID 30065258). Z-scored within cell type across 92 baseline samples. Included.
pb.c1q_cd16_monocyte_tnfa_nfkb,pseudobulk,"means layer (Seurat-normalized, log1p)","Pseudobulk L3 cell type 'c1q_cd16_monocyte'. Mean z-score over Hallmark TNF-alpha Signaling via NF-kB genes. TNF-alpha inflammaging / CMV effector-memory product. Ext. support: Franceschi 2000 (PMID 10911963); CMV reviews (PMID 28082969, 28647907). Z-scored within cell type across 92 baseline samples. Included."
pb.cd14_cdc2_ifn_alpha,pseudobulk,"means layer (Seurat-normalized, log1p)",Pseudobulk L3 cell type 'cd14_cdc2'. Mean z-score over Hallmark Interferon Alpha Response genes. Type I IFN; pDC-produced; senescence-linked. Ext. support: D'Souza 2021 (PMID 34547174). Z-scored within cell type across 92 baseline samples. Included.
pb.cd14_cdc2_ifn_gamma,pseudobulk,"means layer (Seurat-normalized, log1p)","Pseudobulk L3 cell type 'cd14_cdc2'. Mean z-score over Hallmark Interferon Gamma Response genes. Type II IFN / antiviral / CMV-driven state. Ext. support: Ashour 2023 (PMID 37141306); CMV reviews (PMID 28082969, 28647907). Z-scored within cell type across 92 baseline samples. Included."
pb.cd14_cdc2_il2_stat5,pseudobulk,"means layer (Seurat-normalized, log1p)",Pseudobulk L3 cell type 'cd14_cdc2'. Mean z-score over Hallmark IL-2/STAT5 Signaling genes. Gamma-chain/STAT5 T-cell homeostasis (proxy for IL-7/STAT5 naive-T decline). Ext. support: Becklund 2016 (PMID 27480406). CAVEAT: aging signal is more precisely IL-7/STAT5. Z-scored within cell type across 92 baseline samples. Included.
pb.cd14_cdc2_il6_jak_stat3,pseudobulk,"means layer (Seurat-normalized, log1p)",Pseudobulk L3 cell type 'cd14_cdc2'. Mean z-score over Hallmark IL-6/JAK/STAT3 Signaling genes. IL-6 inflammaging biomarker; JAK/STAT3 drives SASP. Ext. support: Xu 2015 (PMID 26578790); Ferrucci & Fabbri 2018 (PMID 30065258). Z-scored within cell type across 92 baseline samples. Included.
pb.cd14_cdc2_inflammatory,pseudobulk,"means layer (Seurat-normalized, log1p)",Pseudobulk L3 cell type 'cd14_cdc2'. Mean z-score over Hallmark Inflammatory Response genes. Canonical inflammaging. Ext. support: Franceschi 2000 (PMID 10911963); Ferrucci & Fabbri 2018 (PMID 30065258). Z-scored within cell type across 92 baseline samples. Included.
pb.cd14_cdc2_tnfa_nfkb,pseudobulk,"means layer (Seurat-normalized, log1p)","Pseudobulk L3 cell type 'cd14_cdc2'. Mean z-score over Hallmark TNF-alpha Signaling via NF-kB genes. TNF-alpha inflammaging / CMV effector-memory product. Ext. support: Franceschi 2000 (PMID 10911963); CMV reviews (PMID 28082969, 28647907). Z-scored within cell type across 92 baseline samples. Included."
pb.cd27_effector_b_cell_ifn_alpha,pseudobulk,"means layer (Seurat-normalized, log1p)",Pseudobulk L3 cell type 'cd27_effector_b_cell'. Mean z-score over Hallmark Interferon Alpha Response genes. Type I IFN; pDC-produced; senescence-linked. Ext. support: D'Souza 2021 (PMID 34547174). Z-scored within cell type across 92 baseline samples. Included.
pb.cd27_effector_b_cell_ifn_gamma,pseudobulk,"means layer (Seurat-normalized, log1p)","Pseudobulk L3 cell type 'cd27_effector_b_cell'. Mean z-score over Hallmark Interferon Gamma Response genes. Type II IFN / antiviral / CMV-driven state. Ext. support: Ashour 2023 (PMID 37141306); CMV reviews (PMID 28082969, 28647907). Z-scored within cell type across 92 baseline samples. Included."
pb.cd27_effector_b_cell_il2_stat5,pseudobulk,"means layer (Seurat-normalized, log1p)",Pseudobulk L3 cell type 'cd27_effector_b_cell'. Mean z-score over Hallmark IL-2/STAT5 Signaling genes. Gamma-chain/STAT5 T-cell homeostasis (proxy for IL-7/STAT5 naive-T decline). Ext. support: Becklund 2016 (PMID 27480406). CAVEAT: aging signal is more precisely IL-7/STAT5. Z-scored within cell type across 92 baseline samples. Included.
pb.cd27_effector_b_cell_il6_jak_stat3,pseudobulk,"means layer (Seurat-normalized, log1p)",Pseudobulk L3 cell type 'cd27_effector_b_cell'. Mean z-score over Hallmark IL-6/JAK/STAT3 Signaling genes. IL-6 inflammaging biomarker; JAK/STAT3 drives SASP. Ext. support: Xu 2015 (PMID 26578790); Ferrucci & Fabbri 2018 (PMID 30065258). Z-scored within cell type across 92 baseline samples. Included.
pb.cd27_effector_b_cell_inflammatory,pseudobulk,"means layer (Seurat-normalized, log1p)",Pseudobulk L3 cell type 'cd27_effector_b_cell'. Mean z-score over Hallmark Inflammatory Response genes. Canonical inflammaging. Ext. support: Franceschi 2000 (PMID 10911963); Ferrucci & Fabbri 2018 (PMID 30065258). Z-scored within cell type across 92 baseline samples. Included.
pb.cd27_effector_b_cell_tnfa_nfkb,pseudobulk,"means layer (Seurat-normalized, log1p)","Pseudobulk L3 cell type 'cd27_effector_b_cell'. Mean z-score over Hallmark TNF-alpha Signaling via NF-kB genes. TNF-alpha inflammaging / CMV effector-memory product. Ext. support: Franceschi 2000 (PMID 10911963); CMV reviews (PMID 28082969, 28647907). Z-scored within cell type across 92 baseline samples. Included."
pb.cd4_mait_ifn_alpha,pseudobulk,"means layer (Seurat-normalized, log1p)",Pseudobulk L3 cell type 'cd4_mait'. Mean z-score over Hallmark Interferon Alpha Response genes. Type I IFN; pDC-produced; senescence-linked. Ext. support: D'Souza 2021 (PMID 34547174). Z-scored within cell type across 92 baseline samples. Included.
pb.cd4_mait_ifn_gamma,pseudobulk,"means layer (Seurat-normalized, log1p)","Pseudobulk L3 cell type 'cd4_mait'. Mean z-score over Hallmark Interferon Gamma Response genes. Type II IFN / antiviral / CMV-driven state. Ext. support: Ashour 2023 (PMID 37141306); CMV reviews (PMID 28082969, 28647907). Z-scored within cell type across 92 baseline samples. Included."
pb.cd4_mait_il2_stat5,pseudobulk,"means layer (Seurat-normalized, log1p)",Pseudobulk L3 cell type 'cd4_mait'. Mean z-score over Hallmark IL-2/STAT5 Signaling genes. Gamma-chain/STAT5 T-cell homeostasis (proxy for IL-7/STAT5 naive-T decline). Ext. support: Becklund 2016 (PMID 27480406). CAVEAT: aging signal is more precisely IL-7/STAT5. Z-scored within cell type across 92 baseline samples. Included.
pb.cd4_mait_il6_jak_stat3,pseudobulk,"means layer (Seurat-normalized, log1p)",Pseudobulk L3 cell type 'cd4_mait'. Mean z-score over Hallmark IL-6/JAK/STAT3 Signaling genes. IL-6 inflammaging biomarker; JAK/STAT3 drives SASP. Ext. support: Xu 2015 (PMID 26578790); Ferrucci & Fabbri 2018 (PMID 30065258). Z-scored within cell type across 92 baseline samples. Included.
pb.cd4_mait_inflammatory,pseudobulk,"means layer (Seurat-normalized, log1p)",Pseudobulk L3 cell type 'cd4_mait'. Mean z-score over Hallmark Inflammatory Response genes. Canonical inflammaging. Ext. support: Franceschi 2000 (PMID 10911963); Ferrucci & Fabbri 2018 (PMID 30065258). Z-scored within cell type across 92 baseline samples. Included.
pb.cd4_mait_tnfa_nfkb,pseudobulk,"means layer (Seurat-normalized, log1p)","Pseudobulk L3 cell type 'cd4_mait'. Mean z-score over Hallmark TNF-alpha Signaling via NF-kB genes. TNF-alpha inflammaging / CMV effector-memory product. Ext. support: Franceschi 2000 (PMID 10911963); CMV reviews (PMID 28082969, 28647907). Z-scored within cell type across 92 baseline samples. Included."
pb.cd56bright_nk_cell_ifn_alpha,pseudobulk,"means layer (Seurat-normalized, log1p)",Pseudobulk L3 cell type 'cd56bright_nk_cell'. Mean z-score over Hallmark Interferon Alpha Response genes. Type I IFN; pDC-produced; senescence-linked. Ext. support: D'Souza 2021 (PMID 34547174). Z-scored within cell type across 92 baseline samples. Included.
pb.cd56bright_nk_cell_ifn_gamma,pseudobulk,"means layer (Seurat-normalized, log1p)","Pseudobulk L3 cell type 'cd56bright_nk_cell'. Mean z-score over Hallmark Interferon Gamma Response genes. Type II IFN / antiviral / CMV-driven state. Ext. support: Ashour 2023 (PMID 37141306); CMV reviews (PMID 28082969, 28647907). Z-scored within cell type across 92 baseline samples. Included."
pb.cd56bright_nk_cell_il2_stat5,pseudobulk,"means layer (Seurat-normalized, log1p)",Pseudobulk L3 cell type 'cd56bright_nk_cell'. Mean z-score over Hallmark IL-2/STAT5 Signaling genes. Gamma-chain/STAT5 T-cell homeostasis (proxy for IL-7/STAT5 naive-T decline). Ext. support: Becklund 2016 (PMID 27480406). CAVEAT: aging signal is more precisely IL-7/STAT5. Z-scored within cell type across 92 baseline samples. Included.
pb.cd56bright_nk_cell_il6_jak_stat3,pseudobulk,"means layer (Seurat-normalized, log1p)",Pseudobulk L3 cell type 'cd56bright_nk_cell'. Mean z-score over Hallmark IL-6/JAK/STAT3 Signaling genes. IL-6 inflammaging biomarker; JAK/STAT3 drives SASP. Ext. support: Xu 2015 (PMID 26578790); Ferrucci & Fabbri 2018 (PMID 30065258). Z-scored within cell type across 92 baseline samples. Included.
pb.cd56bright_nk_cell_inflammatory,pseudobulk,"means layer (Seurat-normalized, log1p)",Pseudobulk L3 cell type 'cd56bright_nk_cell'. Mean z-score over Hallmark Inflammatory Response genes. Canonical inflammaging. Ext. support: Franceschi 2000 (PMID 10911963); Ferrucci & Fabbri 2018 (PMID 30065258). Z-scored within cell type across 92 baseline samples. Included.
pb.cd56bright_nk_cell_tnfa_nfkb,pseudobulk,"means layer (Seurat-normalized, log1p)","Pseudobulk L3 cell type 'cd56bright_nk_cell'. Mean z-score over Hallmark TNF-alpha Signaling via NF-kB genes. TNF-alpha inflammaging / CMV effector-memory product. Ext. support: Franceschi 2000 (PMID 10911963); CMV reviews (PMID 28082969, 28647907). Z-scored within cell type across 92 baseline samples. Included."
pb.cd8_mait_ifn_alpha,pseudobulk,"means layer (Seurat-normalized, log1p)",Pseudobulk L3 cell type 'cd8_mait'. Mean z-score over Hallmark Interferon Alpha Response genes. Type I IFN; pDC-produced; senescence-linked. Ext. support: D'Souza 2021 (PMID 34547174). Z-scored within cell type across 92 baseline samples. Included.
pb.cd8_mait_ifn_gamma,pseudobulk,"means layer (Seurat-normalized, log1p)","Pseudobulk L3 cell type 'cd8_mait'. Mean z-score over Hallmark Interferon Gamma Response genes. Type II IFN / antiviral / CMV-driven state. Ext. support: Ashour 2023 (PMID 37141306); CMV reviews (PMID 28082969, 28647907). Z-scored within cell type across 92 baseline samples. Included."
pb.cd8_mait_il2_stat5,pseudobulk,"means layer (Seurat-normalized, log1p)",Pseudobulk L3 cell type 'cd8_mait'. Mean z-score over Hallmark IL-2/STAT5 Signaling genes. Gamma-chain/STAT5 T-cell homeostasis (proxy for IL-7/STAT5 naive-T decline). Ext. support: Becklund 2016 (PMID 27480406). CAVEAT: aging signal is more precisely IL-7/STAT5. Z-scored within cell type across 92 baseline samples. Included.
pb.cd8_mait_il6_jak_stat3,pseudobulk,"means layer (Seurat-normalized, log1p)",Pseudobulk L3 cell type 'cd8_mait'. Mean z-score over Hallmark IL-6/JAK/STAT3 Signaling genes. IL-6 inflammaging biomarker; JAK/STAT3 drives SASP. Ext. support: Xu 2015 (PMID 26578790); Ferrucci & Fabbri 2018 (PMID 30065258). Z-scored within cell type across 92 baseline samples. Included.
pb.cd8_mait_inflammatory,pseudobulk,"means layer (Seurat-normalized, log1p)",Pseudobulk L3 cell type 'cd8_mait'. Mean z-score over Hallmark Inflammatory Response genes. Canonical inflammaging. Ext. support: Franceschi 2000 (PMID 10911963); Ferrucci & Fabbri 2018 (PMID 30065258). Z-scored within cell type across 92 baseline samples. Included.
pb.cd8_mait_tnfa_nfkb,pseudobulk,"means layer (Seurat-normalized, log1p)","Pseudobulk L3 cell type 'cd8_mait'. Mean z-score over Hallmark TNF-alpha Signaling via NF-kB genes. TNF-alpha inflammaging / CMV effector-memory product. Ext. support: Franceschi 2000 (PMID 10911963); CMV reviews (PMID 28082969, 28647907). Z-scored within cell type across 92 baseline samples. Included."
pb.cd8aa_ifn_alpha,pseudobulk,"means layer (Seurat-normalized, log1p)",Pseudobulk L3 cell type 'cd8aa'. Mean z-score over Hallmark Interferon Alpha Response genes. Type I IFN; pDC-produced; senescence-linked. Ext. support: D'Souza 2021 (PMID 34547174). Z-scored within cell type across 92 baseline samples. Included.
pb.cd8aa_ifn_gamma,pseudobulk,"means layer (Seurat-normalized, log1p)","Pseudobulk L3 cell type 'cd8aa'. Mean z-score over Hallmark Interferon Gamma Response genes. Type II IFN / antiviral / CMV-driven state. Ext. support: Ashour 2023 (PMID 37141306); CMV reviews (PMID 28082969, 28647907). Z-scored within cell type across 92 baseline samples. Included."
pb.cd8aa_il2_stat5,pseudobulk,"means layer (Seurat-normalized, log1p)",Pseudobulk L3 cell type 'cd8aa'. Mean z-score over Hallmark IL-2/STAT5 Signaling genes. Gamma-chain/STAT5 T-cell homeostasis (proxy for IL-7/STAT5 naive-T decline). Ext. support: Becklund 2016 (PMID 27480406). CAVEAT: aging signal is more precisely IL-7/STAT5. Z-scored within cell type across 92 baseline samples. Included.
pb.cd8aa_il6_jak_stat3,pseudobulk,"means layer (Seurat-normalized, log1p)",Pseudobulk L3 cell type 'cd8aa'. Mean z-score over Hallmark IL-6/JAK/STAT3 Signaling genes. IL-6 inflammaging biomarker; JAK/STAT3 drives SASP. Ext. support: Xu 2015 (PMID 26578790); Ferrucci & Fabbri 2018 (PMID 30065258). Z-scored within cell type across 92 baseline samples. Included.
pb.cd8aa_inflammatory,pseudobulk,"means layer (Seurat-normalized, log1p)",Pseudobulk L3 cell type 'cd8aa'. Mean z-score over Hallmark Inflammatory Response genes. Canonical inflammaging. Ext. support: Franceschi 2000 (PMID 10911963); Ferrucci & Fabbri 2018 (PMID 30065258). Z-scored within cell type across 92 baseline samples. Included.
pb.cd8aa_tnfa_nfkb,pseudobulk,"means layer (Seurat-normalized, log1p)","Pseudobulk L3 cell type 'cd8aa'. Mean z-score over Hallmark TNF-alpha Signaling via NF-kB genes. TNF-alpha inflammaging / CMV effector-memory product. Ext. support: Franceschi 2000 (PMID 10911963); CMV reviews (PMID 28082969, 28647907). Z-scored within cell type across 92 baseline samples. Included."
pb.cd95_memory_b_cell_ifn_alpha,pseudobulk,"means layer (Seurat-normalized, log1p)",Pseudobulk L3 cell type 'cd95_memory_b_cell'. Mean z-score over Hallmark Interferon Alpha Response genes. Type I IFN; pDC-produced; senescence-linked. Ext. support: D'Souza 2021 (PMID 34547174). Z-scored within cell type across 92 baseline samples. Included.
pb.cd95_memory_b_cell_ifn_gamma,pseudobulk,"means layer (Seurat-normalized, log1p)","Pseudobulk L3 cell type 'cd95_memory_b_cell'. Mean z-score over Hallmark Interferon Gamma Response genes. Type II IFN / antiviral / CMV-driven state. Ext. support: Ashour 2023 (PMID 37141306); CMV reviews (PMID 28082969, 28647907). Z-scored within cell type across 92 baseline samples. Included."
pb.cd95_memory_b_cell_il2_stat5,pseudobulk,"means layer (Seurat-normalized, log1p)",Pseudobulk L3 cell type 'cd95_memory_b_cell'. Mean z-score over Hallmark IL-2/STAT5 Signaling genes. Gamma-chain/STAT5 T-cell homeostasis (proxy for IL-7/STAT5 naive-T decline). Ext. support: Becklund 2016 (PMID 27480406). CAVEAT: aging signal is more precisely IL-7/STAT5. Z-scored within cell type across 92 baseline samples. Included.
pb.cd95_memory_b_cell_il6_jak_stat3,pseudobulk,"means layer (Seurat-normalized, log1p)",Pseudobulk L3 cell type 'cd95_memory_b_cell'. Mean z-score over Hallmark IL-6/JAK/STAT3 Signaling genes. IL-6 inflammaging biomarker; JAK/STAT3 drives SASP. Ext. support: Xu 2015 (PMID 26578790); Ferrucci & Fabbri 2018 (PMID 30065258). Z-scored within cell type across 92 baseline samples. Included.
pb.cd95_memory_b_cell_inflammatory,pseudobulk,"means layer (Seurat-normalized, log1p)",Pseudobulk L3 cell type 'cd95_memory_b_cell'. Mean z-score over Hallmark Inflammatory Response genes. Canonical inflammaging. Ext. support: Franceschi 2000 (PMID 10911963); Ferrucci & Fabbri 2018 (PMID 30065258). Z-scored within cell type across 92 baseline samples. Included.
pb.cd95_memory_b_cell_tnfa_nfkb,pseudobulk,"means layer (Seurat-normalized, log1p)","Pseudobulk L3 cell type 'cd95_memory_b_cell'. Mean z-score over Hallmark TNF-alpha Signaling via NF-kB genes. TNF-alpha inflammaging / CMV effector-memory product. Ext. support: Franceschi 2000 (PMID 10911963); CMV reviews (PMID 28082969, 28647907). Z-scored within cell type across 92 baseline samples. Included."
pb.cdc1_ifn_alpha,pseudobulk,"means layer (Seurat-normalized, log1p)",Pseudobulk L3 cell type 'cdc1'. Mean z-score over Hallmark Interferon Alpha Response genes. Type I IFN; pDC-produced; senescence-linked. Ext. support: D'Souza 2021 (PMID 34547174). Z-scored within cell type across 92 baseline samples. Included.
pb.cdc1_ifn_gamma,pseudobulk,"means layer (Seurat-normalized, log1p)","Pseudobulk L3 cell type 'cdc1'. Mean z-score over Hallmark Interferon Gamma Response genes. Type II IFN / antiviral / CMV-driven state. Ext. support: Ashour 2023 (PMID 37141306); CMV reviews (PMID 28082969, 28647907). Z-scored within cell type across 92 baseline samples. Included."
pb.cdc1_il2_stat5,pseudobulk,"means layer (Seurat-normalized, log1p)",Pseudobulk L3 cell type 'cdc1'. Mean z-score over Hallmark IL-2/STAT5 Signaling genes. Gamma-chain/STAT5 T-cell homeostasis (proxy for IL-7/STAT5 naive-T decline). Ext. support: Becklund 2016 (PMID 27480406). CAVEAT: aging signal is more precisely IL-7/STAT5. Z-scored within cell type across 92 baseline samples. Included.
pb.cdc1_il6_jak_stat3,pseudobulk,"means layer (Seurat-normalized, log1p)",Pseudobulk L3 cell type 'cdc1'. Mean z-score over Hallmark IL-6/JAK/STAT3 Signaling genes. IL-6 inflammaging biomarker; JAK/STAT3 drives SASP. Ext. support: Xu 2015 (PMID 26578790); Ferrucci & Fabbri 2018 (PMID 30065258). Z-scored within cell type across 92 baseline samples. Included.
pb.cdc1_inflammatory,pseudobulk,"means layer (Seurat-normalized, log1p)",Pseudobulk L3 cell type 'cdc1'. Mean z-score over Hallmark Inflammatory Response genes. Canonical inflammaging. Ext. support: Franceschi 2000 (PMID 10911963); Ferrucci & Fabbri 2018 (PMID 30065258). Z-scored within cell type across 92 baseline samples. Included.
pb.cdc1_tnfa_nfkb,pseudobulk,"means layer (Seurat-normalized, log1p)","Pseudobulk L3 cell type 'cdc1'. Mean z-score over Hallmark TNF-alpha Signaling via NF-kB genes. TNF-alpha inflammaging / CMV effector-memory product. Ext. support: Franceschi 2000 (PMID 10911963); CMV reviews (PMID 28082969, 28647907). Z-scored within cell type across 92 baseline samples. Included."
pb.clp_cell_ifn_alpha,pseudobulk,"means layer (Seurat-normalized, log1p)","Pseudobulk L3 cell type 'clp_cell'. Mean z-score over Hallmark Interferon Alpha Response genes. Type I IFN; pDC-produced; senescence-linked. Ext. support: D'Souza 2021 (PMID 34547174). Z-scored within cell type across 92 baseline samples. FLAGGED FOR POTENTIAL EXCLUSION: progenitor, contaminant, or activation-artifact cell type; discuss before BN fitting."
pb.clp_cell_ifn_gamma,pseudobulk,"means layer (Seurat-normalized, log1p)","Pseudobulk L3 cell type 'clp_cell'. Mean z-score over Hallmark Interferon Gamma Response genes. Type II IFN / antiviral / CMV-driven state. Ext. support: Ashour 2023 (PMID 37141306); CMV reviews (PMID 28082969, 28647907). Z-scored within cell type across 92 baseline samples. FLAGGED FOR POTENTIAL EXCLUSION: progenitor, contaminant, or activation-artifact cell type; discuss before BN fitting."
pb.clp_cell_il2_stat5,pseudobulk,"means layer (Seurat-normalized, log1p)","Pseudobulk L3 cell type 'clp_cell'. Mean z-score over Hallmark IL-2/STAT5 Signaling genes. Gamma-chain/STAT5 T-cell homeostasis (proxy for IL-7/STAT5 naive-T decline). Ext. support: Becklund 2016 (PMID 27480406). CAVEAT: aging signal is more precisely IL-7/STAT5. Z-scored within cell type across 92 baseline samples. FLAGGED FOR POTENTIAL EXCLUSION: progenitor, contaminant, or activation-artifact cell type; discuss before BN fitting."
pb.clp_cell_il6_jak_stat3,pseudobulk,"means layer (Seurat-normalized, log1p)","Pseudobulk L3 cell type 'clp_cell'. Mean z-score over Hallmark IL-6/JAK/STAT3 Signaling genes. IL-6 inflammaging biomarker; JAK/STAT3 drives SASP. Ext. support: Xu 2015 (PMID 26578790); Ferrucci & Fabbri 2018 (PMID 30065258). Z-scored within cell type across 92 baseline samples. FLAGGED FOR POTENTIAL EXCLUSION: progenitor, contaminant, or activation-artifact cell type; discuss before BN fitting."
pb.clp_cell_inflammatory,pseudobulk,"means layer (Seurat-normalized, log1p)","Pseudobulk L3 cell type 'clp_cell'. Mean z-score over Hallmark Inflammatory Response genes. Canonical inflammaging. Ext. support: Franceschi 2000 (PMID 10911963); Ferrucci & Fabbri 2018 (PMID 30065258). Z-scored within cell type across 92 baseline samples. FLAGGED FOR POTENTIAL EXCLUSION: progenitor, contaminant, or activation-artifact cell type; discuss before BN fitting."
pb.clp_cell_tnfa_nfkb,pseudobulk,"means layer (Seurat-normalized, log1p)","Pseudobulk L3 cell type 'clp_cell'. Mean z-score over Hallmark TNF-alpha Signaling via NF-kB genes. TNF-alpha inflammaging / CMV effector-memory product. Ext. support: Franceschi 2000 (PMID 10911963); CMV reviews (PMID 28082969, 28647907). Z-scored within cell type across 92 baseline samples. FLAGGED FOR POTENTIAL EXCLUSION: progenitor, contaminant, or activation-artifact cell type; discuss before BN fitting."
pb.cm_cd4_t_cell_ifn_alpha,pseudobulk,"means layer (Seurat-normalized, log1p)",Pseudobulk L3 cell type 'cm_cd4_t_cell'. Mean z-score over Hallmark Interferon Alpha Response genes. Type I IFN; pDC-produced; senescence-linked. Ext. support: D'Souza 2021 (PMID 34547174). Z-scored within cell type across 92 baseline samples. Included.
pb.cm_cd4_t_cell_ifn_gamma,pseudobulk,"means layer (Seurat-normalized, log1p)","Pseudobulk L3 cell type 'cm_cd4_t_cell'. Mean z-score over Hallmark Interferon Gamma Response genes. Type II IFN / antiviral / CMV-driven state. Ext. support: Ashour 2023 (PMID 37141306); CMV reviews (PMID 28082969, 28647907). Z-scored within cell type across 92 baseline samples. Included."
pb.cm_cd4_t_cell_il2_stat5,pseudobulk,"means layer (Seurat-normalized, log1p)",Pseudobulk L3 cell type 'cm_cd4_t_cell'. Mean z-score over Hallmark IL-2/STAT5 Signaling genes. Gamma-chain/STAT5 T-cell homeostasis (proxy for IL-7/STAT5 naive-T decline). Ext. support: Becklund 2016 (PMID 27480406). CAVEAT: aging signal is more precisely IL-7/STAT5. Z-scored within cell type across 92 baseline samples. Included.
pb.cm_cd4_t_cell_il6_jak_stat3,pseudobulk,"means layer (Seurat-normalized, log1p)",Pseudobulk L3 cell type 'cm_cd4_t_cell'. Mean z-score over Hallmark IL-6/JAK/STAT3 Signaling genes. IL-6 inflammaging biomarker; JAK/STAT3 drives SASP. Ext. support: Xu 2015 (PMID 26578790); Ferrucci & Fabbri 2018 (PMID 30065258). Z-scored within cell type across 92 baseline samples. Included.
pb.cm_cd4_t_cell_inflammatory,pseudobulk,"means layer (Seurat-normalized, log1p)",Pseudobulk L3 cell type 'cm_cd4_t_cell'. Mean z-score over Hallmark Inflammatory Response genes. Canonical inflammaging. Ext. support: Franceschi 2000 (PMID 10911963); Ferrucci & Fabbri 2018 (PMID 30065258). Z-scored within cell type across 92 baseline samples. Included.
pb.cm_cd4_t_cell_tnfa_nfkb,pseudobulk,"means layer (Seurat-normalized, log1p)","Pseudobulk L3 cell type 'cm_cd4_t_cell'. Mean z-score over Hallmark TNF-alpha Signaling via NF-kB genes. TNF-alpha inflammaging / CMV effector-memory product. Ext. support: Franceschi 2000 (PMID 10911963); CMV reviews (PMID 28082969, 28647907). Z-scored within cell type across 92 baseline samples. Included."
pb.cm_cd8_t_cell_ifn_alpha,pseudobulk,"means layer (Seurat-normalized, log1p)",Pseudobulk L3 cell type 'cm_cd8_t_cell'. Mean z-score over Hallmark Interferon Alpha Response genes. Type I IFN; pDC-produced; senescence-linked. Ext. support: D'Souza 2021 (PMID 34547174). Z-scored within cell type across 92 baseline samples. Included.
pb.cm_cd8_t_cell_ifn_gamma,pseudobulk,"means layer (Seurat-normalized, log1p)","Pseudobulk L3 cell type 'cm_cd8_t_cell'. Mean z-score over Hallmark Interferon Gamma Response genes. Type II IFN / antiviral / CMV-driven state. Ext. support: Ashour 2023 (PMID 37141306); CMV reviews (PMID 28082969, 28647907). Z-scored within cell type across 92 baseline samples. Included."
pb.cm_cd8_t_cell_il2_stat5,pseudobulk,"means layer (Seurat-normalized, log1p)",Pseudobulk L3 cell type 'cm_cd8_t_cell'. Mean z-score over Hallmark IL-2/STAT5 Signaling genes. Gamma-chain/STAT5 T-cell homeostasis (proxy for IL-7/STAT5 naive-T decline). Ext. support: Becklund 2016 (PMID 27480406). CAVEAT: aging signal is more precisely IL-7/STAT5. Z-scored within cell type across 92 baseline samples. Included.
pb.cm_cd8_t_cell_il6_jak_stat3,pseudobulk,"means layer (Seurat-normalized, log1p)",Pseudobulk L3 cell type 'cm_cd8_t_cell'. Mean z-score over Hallmark IL-6/JAK/STAT3 Signaling genes. IL-6 inflammaging biomarker; JAK/STAT3 drives SASP. Ext. support: Xu 2015 (PMID 26578790); Ferrucci & Fabbri 2018 (PMID 30065258). Z-scored within cell type across 92 baseline samples. Included.
pb.cm_cd8_t_cell_inflammatory,pseudobulk,"means layer (Seurat-normalized, log1p)",Pseudobulk L3 cell type 'cm_cd8_t_cell'. Mean z-score over Hallmark Inflammatory Response genes. Canonical inflammaging. Ext. support: Franceschi 2000 (PMID 10911963); Ferrucci & Fabbri 2018 (PMID 30065258). Z-scored within cell type across 92 baseline samples. Included.
pb.cm_cd8_t_cell_tnfa_nfkb,pseudobulk,"means layer (Seurat-normalized, log1p)","Pseudobulk L3 cell type 'cm_cd8_t_cell'. Mean z-score over Hallmark TNF-alpha Signaling via NF-kB genes. TNF-alpha inflammaging / CMV effector-memory product. Ext. support: Franceschi 2000 (PMID 10911963); CMV reviews (PMID 28082969, 28647907). Z-scored within cell type across 92 baseline samples. Included."
pb.cmp_cell_ifn_alpha,pseudobulk,"means layer (Seurat-normalized, log1p)","Pseudobulk L3 cell type 'cmp_cell'. Mean z-score over Hallmark Interferon Alpha Response genes. Type I IFN; pDC-produced; senescence-linked. Ext. support: D'Souza 2021 (PMID 34547174). Z-scored within cell type across 92 baseline samples. FLAGGED FOR POTENTIAL EXCLUSION: progenitor, contaminant, or activation-artifact cell type; discuss before BN fitting."
pb.cmp_cell_ifn_gamma,pseudobulk,"means layer (Seurat-normalized, log1p)","Pseudobulk L3 cell type 'cmp_cell'. Mean z-score over Hallmark Interferon Gamma Response genes. Type II IFN / antiviral / CMV-driven state. Ext. support: Ashour 2023 (PMID 37141306); CMV reviews (PMID 28082969, 28647907). Z-scored within cell type across 92 baseline samples. FLAGGED FOR POTENTIAL EXCLUSION: progenitor, contaminant, or activation-artifact cell type; discuss before BN fitting."
pb.cmp_cell_il2_stat5,pseudobulk,"means layer (Seurat-normalized, log1p)","Pseudobulk L3 cell type 'cmp_cell'. Mean z-score over Hallmark IL-2/STAT5 Signaling genes. Gamma-chain/STAT5 T-cell homeostasis (proxy for IL-7/STAT5 naive-T decline). Ext. support: Becklund 2016 (PMID 27480406). CAVEAT: aging signal is more precisely IL-7/STAT5. Z-scored within cell type across 92 baseline samples. FLAGGED FOR POTENTIAL EXCLUSION: progenitor, contaminant, or activation-artifact cell type; discuss before BN fitting."
pb.cmp_cell_il6_jak_stat3,pseudobulk,"means layer (Seurat-normalized, log1p)","Pseudobulk L3 cell type 'cmp_cell'. Mean z-score over Hallmark IL-6/JAK/STAT3 Signaling genes. IL-6 inflammaging biomarker; JAK/STAT3 drives SASP. Ext. support: Xu 2015 (PMID 26578790); Ferrucci & Fabbri 2018 (PMID 30065258). Z-scored within cell type across 92 baseline samples. FLAGGED FOR POTENTIAL EXCLUSION: progenitor, contaminant, or activation-artifact cell type; discuss before BN fitting."
pb.cmp_cell_inflammatory,pseudobulk,"means layer (Seurat-normalized, log1p)","Pseudobulk L3 cell type 'cmp_cell'. Mean z-score over Hallmark Inflammatory Response genes. Canonical inflammaging. Ext. support: Franceschi 2000 (PMID 10911963); Ferrucci & Fabbri 2018 (PMID 30065258). Z-scored within cell type across 92 baseline samples. FLAGGED FOR POTENTIAL EXCLUSION: progenitor, contaminant, or activation-artifact cell type; discuss before BN fitting."
pb.cmp_cell_tnfa_nfkb,pseudobulk,"means layer (Seurat-normalized, log1p)","Pseudobulk L3 cell type 'cmp_cell'. Mean z-score over Hallmark TNF-alpha Signaling via NF-kB genes. TNF-alpha inflammaging / CMV effector-memory product. Ext. support: Franceschi 2000 (PMID 10911963); CMV reviews (PMID 28082969, 28647907). Z-scored within cell type across 92 baseline samples. FLAGGED FOR POTENTIAL EXCLUSION: progenitor, contaminant, or activation-artifact cell type; discuss before BN fitting."
pb.core_cd14_monocyte_ifn_alpha,pseudobulk,"means layer (Seurat-normalized, log1p)",Pseudobulk L3 cell type 'core_cd14_monocyte'. Mean z-score over Hallmark Interferon Alpha Response genes. Type I IFN; pDC-produced; senescence-linked. Ext. support: D'Souza 2021 (PMID 34547174). Z-scored within cell type across 92 baseline samples. Included.
pb.core_cd14_monocyte_ifn_gamma,pseudobulk,"means layer (Seurat-normalized, log1p)","Pseudobulk L3 cell type 'core_cd14_monocyte'. Mean z-score over Hallmark Interferon Gamma Response genes. Type II IFN / antiviral / CMV-driven state. Ext. support: Ashour 2023 (PMID 37141306); CMV reviews (PMID 28082969, 28647907). Z-scored within cell type across 92 baseline samples. Included."
pb.core_cd14_monocyte_il2_stat5,pseudobulk,"means layer (Seurat-normalized, log1p)",Pseudobulk L3 cell type 'core_cd14_monocyte'. Mean z-score over Hallmark IL-2/STAT5 Signaling genes. Gamma-chain/STAT5 T-cell homeostasis (proxy for IL-7/STAT5 naive-T decline). Ext. support: Becklund 2016 (PMID 27480406). CAVEAT: aging signal is more precisely IL-7/STAT5. Z-scored within cell type across 92 baseline samples. Included.
pb.core_cd14_monocyte_il6_jak_stat3,pseudobulk,"means layer (Seurat-normalized, log1p)",Pseudobulk L3 cell type 'core_cd14_monocyte'. Mean z-score over Hallmark IL-6/JAK/STAT3 Signaling genes. IL-6 inflammaging biomarker; JAK/STAT3 drives SASP. Ext. support: Xu 2015 (PMID 26578790); Ferrucci & Fabbri 2018 (PMID 30065258). Z-scored within cell type across 92 baseline samples. Included.
pb.core_cd14_monocyte_inflammatory,pseudobulk,"means layer (Seurat-normalized, log1p)",Pseudobulk L3 cell type 'core_cd14_monocyte'. Mean z-score over Hallmark Inflammatory Response genes. Canonical inflammaging. Ext. support: Franceschi 2000 (PMID 10911963); Ferrucci & Fabbri 2018 (PMID 30065258). Z-scored within cell type across 92 baseline samples. Included.
pb.core_cd14_monocyte_tnfa_nfkb,pseudobulk,"means layer (Seurat-normalized, log1p)","Pseudobulk L3 cell type 'core_cd14_monocyte'. Mean z-score over Hallmark TNF-alpha Signaling via NF-kB genes. TNF-alpha inflammaging / CMV effector-memory product. Ext. support: Franceschi 2000 (PMID 10911963); CMV reviews (PMID 28082969, 28647907). Z-scored within cell type across 92 baseline samples. Included."
pb.core_cd16_monocyte_ifn_alpha,pseudobulk,"means layer (Seurat-normalized, log1p)",Pseudobulk L3 cell type 'core_cd16_monocyte'. Mean z-score over Hallmark Interferon Alpha Response genes. Type I IFN; pDC-produced; senescence-linked. Ext. support: D'Souza 2021 (PMID 34547174). Z-scored within cell type across 92 baseline samples. Included.
pb.core_cd16_monocyte_ifn_gamma,pseudobulk,"means layer (Seurat-normalized, log1p)","Pseudobulk L3 cell type 'core_cd16_monocyte'. Mean z-score over Hallmark Interferon Gamma Response genes. Type II IFN / antiviral / CMV-driven state. Ext. support: Ashour 2023 (PMID 37141306); CMV reviews (PMID 28082969, 28647907). Z-scored within cell type across 92 baseline samples. Included."
pb.core_cd16_monocyte_il2_stat5,pseudobulk,"means layer (Seurat-normalized, log1p)",Pseudobulk L3 cell type 'core_cd16_monocyte'. Mean z-score over Hallmark IL-2/STAT5 Signaling genes. Gamma-chain/STAT5 T-cell homeostasis (proxy for IL-7/STAT5 naive-T decline). Ext. support: Becklund 2016 (PMID 27480406). CAVEAT: aging signal is more precisely IL-7/STAT5. Z-scored within cell type across 92 baseline samples. Included.
pb.core_cd16_monocyte_il6_jak_stat3,pseudobulk,"means layer (Seurat-normalized, log1p)",Pseudobulk L3 cell type 'core_cd16_monocyte'. Mean z-score over Hallmark IL-6/JAK/STAT3 Signaling genes. IL-6 inflammaging biomarker; JAK/STAT3 drives SASP. Ext. support: Xu 2015 (PMID 26578790); Ferrucci & Fabbri 2018 (PMID 30065258). Z-scored within cell type across 92 baseline samples. Included.
pb.core_cd16_monocyte_inflammatory,pseudobulk,"means layer (Seurat-normalized, log1p)",Pseudobulk L3 cell type 'core_cd16_monocyte'. Mean z-score over Hallmark Inflammatory Response genes. Canonical inflammaging. Ext. support: Franceschi 2000 (PMID 10911963); Ferrucci & Fabbri 2018 (PMID 30065258). Z-scored within cell type across 92 baseline samples. Included.
pb.core_cd16_monocyte_tnfa_nfkb,pseudobulk,"means layer (Seurat-normalized, log1p)","Pseudobulk L3 cell type 'core_cd16_monocyte'. Mean z-score over Hallmark TNF-alpha Signaling via NF-kB genes. TNF-alpha inflammaging / CMV effector-memory product. Ext. support: Franceschi 2000 (PMID 10911963); CMV reviews (PMID 28082969, 28647907). Z-scored within cell type across 92 baseline samples. Included."
pb.core_memory_b_cell_ifn_alpha,pseudobulk,"means layer (Seurat-normalized, log1p)",Pseudobulk L3 cell type 'core_memory_b_cell'. Mean z-score over Hallmark Interferon Alpha Response genes. Type I IFN; pDC-produced; senescence-linked. Ext. support: D'Souza 2021 (PMID 34547174). Z-scored within cell type across 92 baseline samples. Included.
pb.core_memory_b_cell_ifn_gamma,pseudobulk,"means layer (Seurat-normalized, log1p)","Pseudobulk L3 cell type 'core_memory_b_cell'. Mean z-score over Hallmark Interferon Gamma Response genes. Type II IFN / antiviral / CMV-driven state. Ext. support: Ashour 2023 (PMID 37141306); CMV reviews (PMID 28082969, 28647907). Z-scored within cell type across 92 baseline samples. Included."
pb.core_memory_b_cell_il2_stat5,pseudobulk,"means layer (Seurat-normalized, log1p)",Pseudobulk L3 cell type 'core_memory_b_cell'. Mean z-score over Hallmark IL-2/STAT5 Signaling genes. Gamma-chain/STAT5 T-cell homeostasis (proxy for IL-7/STAT5 naive-T decline). Ext. support: Becklund 2016 (PMID 27480406). CAVEAT: aging signal is more precisely IL-7/STAT5. Z-scored within cell type across 92 baseline samples. Included.
pb.core_memory_b_cell_il6_jak_stat3,pseudobulk,"means layer (Seurat-normalized, log1p)",Pseudobulk L3 cell type 'core_memory_b_cell'. Mean z-score over Hallmark IL-6/JAK/STAT3 Signaling genes. IL-6 inflammaging biomarker; JAK/STAT3 drives SASP. Ext. support: Xu 2015 (PMID 26578790); Ferrucci & Fabbri 2018 (PMID 30065258). Z-scored within cell type across 92 baseline samples. Included.
pb.core_memory_b_cell_inflammatory,pseudobulk,"means layer (Seurat-normalized, log1p)",Pseudobulk L3 cell type 'core_memory_b_cell'. Mean z-score over Hallmark Inflammatory Response genes. Canonical inflammaging. Ext. support: Franceschi 2000 (PMID 10911963); Ferrucci & Fabbri 2018 (PMID 30065258). Z-scored within cell type across 92 baseline samples. Included.
pb.core_memory_b_cell_tnfa_nfkb,pseudobulk,"means layer (Seurat-normalized, log1p)","Pseudobulk L3 cell type 'core_memory_b_cell'. Mean z-score over Hallmark TNF-alpha Signaling via NF-kB genes. TNF-alpha inflammaging / CMV effector-memory product. Ext. support: Franceschi 2000 (PMID 10911963); CMV reviews (PMID 28082969, 28647907). Z-scored within cell type across 92 baseline samples. Included."
pb.core_naive_b_cell_ifn_alpha,pseudobulk,"means layer (Seurat-normalized, log1p)",Pseudobulk L3 cell type 'core_naive_b_cell'. Mean z-score over Hallmark Interferon Alpha Response genes. Type I IFN; pDC-produced; senescence-linked. Ext. support: D'Souza 2021 (PMID 34547174). Z-scored within cell type across 92 baseline samples. Included.
pb.core_naive_b_cell_ifn_gamma,pseudobulk,"means layer (Seurat-normalized, log1p)","Pseudobulk L3 cell type 'core_naive_b_cell'. Mean z-score over Hallmark Interferon Gamma Response genes. Type II IFN / antiviral / CMV-driven state. Ext. support: Ashour 2023 (PMID 37141306); CMV reviews (PMID 28082969, 28647907). Z-scored within cell type across 92 baseline samples. Included."
pb.core_naive_b_cell_il2_stat5,pseudobulk,"means layer (Seurat-normalized, log1p)",Pseudobulk L3 cell type 'core_naive_b_cell'. Mean z-score over Hallmark IL-2/STAT5 Signaling genes. Gamma-chain/STAT5 T-cell homeostasis (proxy for IL-7/STAT5 naive-T decline). Ext. support: Becklund 2016 (PMID 27480406). CAVEAT: aging signal is more precisely IL-7/STAT5. Z-scored within cell type across 92 baseline samples. Included.
pb.core_naive_b_cell_il6_jak_stat3,pseudobulk,"means layer (Seurat-normalized, log1p)",Pseudobulk L3 cell type 'core_naive_b_cell'. Mean z-score over Hallmark IL-6/JAK/STAT3 Signaling genes. IL-6 inflammaging biomarker; JAK/STAT3 drives SASP. Ext. support: Xu 2015 (PMID 26578790); Ferrucci & Fabbri 2018 (PMID 30065258). Z-scored within cell type across 92 baseline samples. Included.
pb.core_naive_b_cell_inflammatory,pseudobulk,"means layer (Seurat-normalized, log1p)",Pseudobulk L3 cell type 'core_naive_b_cell'. Mean z-score over Hallmark Inflammatory Response genes. Canonical inflammaging. Ext. support: Franceschi 2000 (PMID 10911963); Ferrucci & Fabbri 2018 (PMID 30065258). Z-scored within cell type across 92 baseline samples. Included.
pb.core_naive_b_cell_tnfa_nfkb,pseudobulk,"means layer (Seurat-normalized, log1p)","Pseudobulk L3 cell type 'core_naive_b_cell'. Mean z-score over Hallmark TNF-alpha Signaling via NF-kB genes. TNF-alpha inflammaging / CMV effector-memory product. Ext. support: Franceschi 2000 (PMID 10911963); CMV reviews (PMID 28082969, 28647907). Z-scored within cell type across 92 baseline samples. Included."
pb.core_naive_cd4_t_cell_ifn_alpha,pseudobulk,"means layer (Seurat-normalized, log1p)",Pseudobulk L3 cell type 'core_naive_cd4_t_cell'. Mean z-score over Hallmark Interferon Alpha Response genes. Type I IFN; pDC-produced; senescence-linked. Ext. support: D'Souza 2021 (PMID 34547174). Z-scored within cell type across 92 baseline samples. Included.
pb.core_naive_cd4_t_cell_ifn_gamma,pseudobulk,"means layer (Seurat-normalized, log1p)","Pseudobulk L3 cell type 'core_naive_cd4_t_cell'. Mean z-score over Hallmark Interferon Gamma Response genes. Type II IFN / antiviral / CMV-driven state. Ext. support: Ashour 2023 (PMID 37141306); CMV reviews (PMID 28082969, 28647907). Z-scored within cell type across 92 baseline samples. Included."
pb.core_naive_cd4_t_cell_il2_stat5,pseudobulk,"means layer (Seurat-normalized, log1p)",Pseudobulk L3 cell type 'core_naive_cd4_t_cell'. Mean z-score over Hallmark IL-2/STAT5 Signaling genes. Gamma-chain/STAT5 T-cell homeostasis (proxy for IL-7/STAT5 naive-T decline). Ext. support: Becklund 2016 (PMID 27480406). CAVEAT: aging signal is more precisely IL-7/STAT5. Z-scored within cell type across 92 baseline samples. Included.
pb.core_naive_cd4_t_cell_il6_jak_stat3,pseudobulk,"means layer (Seurat-normalized, log1p)",Pseudobulk L3 cell type 'core_naive_cd4_t_cell'. Mean z-score over Hallmark IL-6/JAK/STAT3 Signaling genes. IL-6 inflammaging biomarker; JAK/STAT3 drives SASP. Ext. support: Xu 2015 (PMID 26578790); Ferrucci & Fabbri 2018 (PMID 30065258). Z-scored within cell type across 92 baseline samples. Included.
pb.core_naive_cd4_t_cell_inflammatory,pseudobulk,"means layer (Seurat-normalized, log1p)",Pseudobulk L3 cell type 'core_naive_cd4_t_cell'. Mean z-score over Hallmark Inflammatory Response genes. Canonical inflammaging. Ext. support: Franceschi 2000 (PMID 10911963); Ferrucci & Fabbri 2018 (PMID 30065258). Z-scored within cell type across 92 baseline samples. Included.
pb.core_naive_cd4_t_cell_tnfa_nfkb,pseudobulk,"means layer (Seurat-normalized, log1p)","Pseudobulk L3 cell type 'core_naive_cd4_t_cell'. Mean z-score over Hallmark TNF-alpha Signaling via NF-kB genes. TNF-alpha inflammaging / CMV effector-memory product. Ext. support: Franceschi 2000 (PMID 10911963); CMV reviews (PMID 28082969, 28647907). Z-scored within cell type across 92 baseline samples. Included."
pb.core_naive_cd8_t_cell_ifn_alpha,pseudobulk,"means layer (Seurat-normalized, log1p)",Pseudobulk L3 cell type 'core_naive_cd8_t_cell'. Mean z-score over Hallmark Interferon Alpha Response genes. Type I IFN; pDC-produced; senescence-linked. Ext. support: D'Souza 2021 (PMID 34547174). Z-scored within cell type across 92 baseline samples. Included.
pb.core_naive_cd8_t_cell_ifn_gamma,pseudobulk,"means layer (Seurat-normalized, log1p)","Pseudobulk L3 cell type 'core_naive_cd8_t_cell'. Mean z-score over Hallmark Interferon Gamma Response genes. Type II IFN / antiviral / CMV-driven state. Ext. support: Ashour 2023 (PMID 37141306); CMV reviews (PMID 28082969, 28647907). Z-scored within cell type across 92 baseline samples. Included."
pb.core_naive_cd8_t_cell_il2_stat5,pseudobulk,"means layer (Seurat-normalized, log1p)",Pseudobulk L3 cell type 'core_naive_cd8_t_cell'. Mean z-score over Hallmark IL-2/STAT5 Signaling genes. Gamma-chain/STAT5 T-cell homeostasis (proxy for IL-7/STAT5 naive-T decline). Ext. support: Becklund 2016 (PMID 27480406). CAVEAT: aging signal is more precisely IL-7/STAT5. Z-scored within cell type across 92 baseline samples. Included.
pb.core_naive_cd8_t_cell_il6_jak_stat3,pseudobulk,"means layer (Seurat-normalized, log1p)",Pseudobulk L3 cell type 'core_naive_cd8_t_cell'. Mean z-score over Hallmark IL-6/JAK/STAT3 Signaling genes. IL-6 inflammaging biomarker; JAK/STAT3 drives SASP. Ext. support: Xu 2015 (PMID 26578790); Ferrucci & Fabbri 2018 (PMID 30065258). Z-scored within cell type across 92 baseline samples. Included.
pb.core_naive_cd8_t_cell_inflammatory,pseudobulk,"means layer (Seurat-normalized, log1p)",Pseudobulk L3 cell type 'core_naive_cd8_t_cell'. Mean z-score over Hallmark Inflammatory Response genes. Canonical inflammaging. Ext. support: Franceschi 2000 (PMID 10911963); Ferrucci & Fabbri 2018 (PMID 30065258). Z-scored within cell type across 92 baseline samples. Included.
pb.core_naive_cd8_t_cell_tnfa_nfkb,pseudobulk,"means layer (Seurat-normalized, log1p)","Pseudobulk L3 cell type 'core_naive_cd8_t_cell'. Mean z-score over Hallmark TNF-alpha Signaling via NF-kB genes. TNF-alpha inflammaging / CMV effector-memory product. Ext. support: Franceschi 2000 (PMID 10911963); CMV reviews (PMID 28082969, 28647907). Z-scored within cell type across 92 baseline samples. Included."
pb.dn_t_cell_ifn_alpha,pseudobulk,"means layer (Seurat-normalized, log1p)",Pseudobulk L3 cell type 'dn_t_cell'. Mean z-score over Hallmark Interferon Alpha Response genes. Type I IFN; pDC-produced; senescence-linked. Ext. support: D'Souza 2021 (PMID 34547174). Z-scored within cell type across 92 baseline samples. Included.
pb.dn_t_cell_ifn_gamma,pseudobulk,"means layer (Seurat-normalized, log1p)","Pseudobulk L3 cell type 'dn_t_cell'. Mean z-score over Hallmark Interferon Gamma Response genes. Type II IFN / antiviral / CMV-driven state. Ext. support: Ashour 2023 (PMID 37141306); CMV reviews (PMID 28082969, 28647907). Z-scored within cell type across 92 baseline samples. Included."
pb.dn_t_cell_il2_stat5,pseudobulk,"means layer (Seurat-normalized, log1p)",Pseudobulk L3 cell type 'dn_t_cell'. Mean z-score over Hallmark IL-2/STAT5 Signaling genes. Gamma-chain/STAT5 T-cell homeostasis (proxy for IL-7/STAT5 naive-T decline). Ext. support: Becklund 2016 (PMID 27480406). CAVEAT: aging signal is more precisely IL-7/STAT5. Z-scored within cell type across 92 baseline samples. Included.
pb.dn_t_cell_il6_jak_stat3,pseudobulk,"means layer (Seurat-normalized, log1p)",Pseudobulk L3 cell type 'dn_t_cell'. Mean z-score over Hallmark IL-6/JAK/STAT3 Signaling genes. IL-6 inflammaging biomarker; JAK/STAT3 drives SASP. Ext. support: Xu 2015 (PMID 26578790); Ferrucci & Fabbri 2018 (PMID 30065258). Z-scored within cell type across 92 baseline samples. Included.
pb.dn_t_cell_inflammatory,pseudobulk,"means layer (Seurat-normalized, log1p)",Pseudobulk L3 cell type 'dn_t_cell'. Mean z-score over Hallmark Inflammatory Response genes. Canonical inflammaging. Ext. support: Franceschi 2000 (PMID 10911963); Ferrucci & Fabbri 2018 (PMID 30065258). Z-scored within cell type across 92 baseline samples. Included.
pb.dn_t_cell_tnfa_nfkb,pseudobulk,"means layer (Seurat-normalized, log1p)","Pseudobulk L3 cell type 'dn_t_cell'. Mean z-score over Hallmark TNF-alpha Signaling via NF-kB genes. TNF-alpha inflammaging / CMV effector-memory product. Ext. support: Franceschi 2000 (PMID 10911963); CMV reviews (PMID 28082969, 28647907). Z-scored within cell type across 92 baseline samples. Included."
pb.early_memory_b_cell_ifn_alpha,pseudobulk,"means layer (Seurat-normalized, log1p)",Pseudobulk L3 cell type 'early_memory_b_cell'. Mean z-score over Hallmark Interferon Alpha Response genes. Type I IFN; pDC-produced; senescence-linked. Ext. support: D'Souza 2021 (PMID 34547174). Z-scored within cell type across 92 baseline samples. Included.
pb.early_memory_b_cell_ifn_gamma,pseudobulk,"means layer (Seurat-normalized, log1p)","Pseudobulk L3 cell type 'early_memory_b_cell'. Mean z-score over Hallmark Interferon Gamma Response genes. Type II IFN / antiviral / CMV-driven state. Ext. support: Ashour 2023 (PMID 37141306); CMV reviews (PMID 28082969, 28647907). Z-scored within cell type across 92 baseline samples. Included."
pb.early_memory_b_cell_il2_stat5,pseudobulk,"means layer (Seurat-normalized, log1p)",Pseudobulk L3 cell type 'early_memory_b_cell'. Mean z-score over Hallmark IL-2/STAT5 Signaling genes. Gamma-chain/STAT5 T-cell homeostasis (proxy for IL-7/STAT5 naive-T decline). Ext. support: Becklund 2016 (PMID 27480406). CAVEAT: aging signal is more precisely IL-7/STAT5. Z-scored within cell type across 92 baseline samples. Included.
pb.early_memory_b_cell_il6_jak_stat3,pseudobulk,"means layer (Seurat-normalized, log1p)",Pseudobulk L3 cell type 'early_memory_b_cell'. Mean z-score over Hallmark IL-6/JAK/STAT3 Signaling genes. IL-6 inflammaging biomarker; JAK/STAT3 drives SASP. Ext. support: Xu 2015 (PMID 26578790); Ferrucci & Fabbri 2018 (PMID 30065258). Z-scored within cell type across 92 baseline samples. Included.
pb.early_memory_b_cell_inflammatory,pseudobulk,"means layer (Seurat-normalized, log1p)",Pseudobulk L3 cell type 'early_memory_b_cell'. Mean z-score over Hallmark Inflammatory Response genes. Canonical inflammaging. Ext. support: Franceschi 2000 (PMID 10911963); Ferrucci & Fabbri 2018 (PMID 30065258). Z-scored within cell type across 92 baseline samples. Included.
pb.early_memory_b_cell_tnfa_nfkb,pseudobulk,"means layer (Seurat-normalized, log1p)","Pseudobulk L3 cell type 'early_memory_b_cell'. Mean z-score over Hallmark TNF-alpha Signaling via NF-kB genes. TNF-alpha inflammaging / CMV effector-memory product. Ext. support: Franceschi 2000 (PMID 10911963); CMV reviews (PMID 28082969, 28647907). Z-scored within cell type across 92 baseline samples. Included."
pb.erythrocyte_ifn_alpha,pseudobulk,"means layer (Seurat-normalized, log1p)","Pseudobulk L3 cell type 'erythrocyte'. Mean z-score over Hallmark Interferon Alpha Response genes. Type I IFN; pDC-produced; senescence-linked. Ext. support: D'Souza 2021 (PMID 34547174). Z-scored within cell type across 92 baseline samples. FLAGGED FOR POTENTIAL EXCLUSION: progenitor, contaminant, or activation-artifact cell type; discuss before BN fitting."
pb.erythrocyte_ifn_gamma,pseudobulk,"means layer (Seurat-normalized, log1p)","Pseudobulk L3 cell type 'erythrocyte'. Mean z-score over Hallmark Interferon Gamma Response genes. Type II IFN / antiviral / CMV-driven state. Ext. support: Ashour 2023 (PMID 37141306); CMV reviews (PMID 28082969, 28647907). Z-scored within cell type across 92 baseline samples. FLAGGED FOR POTENTIAL EXCLUSION: progenitor, contaminant, or activation-artifact cell type; discuss before BN fitting."
pb.erythrocyte_il2_stat5,pseudobulk,"means layer (Seurat-normalized, log1p)","Pseudobulk L3 cell type 'erythrocyte'. Mean z-score over Hallmark IL-2/STAT5 Signaling genes. Gamma-chain/STAT5 T-cell homeostasis (proxy for IL-7/STAT5 naive-T decline). Ext. support: Becklund 2016 (PMID 27480406). CAVEAT: aging signal is more precisely IL-7/STAT5. Z-scored within cell type across 92 baseline samples. FLAGGED FOR POTENTIAL EXCLUSION: progenitor, contaminant, or activation-artifact cell type; discuss before BN fitting."
pb.erythrocyte_il6_jak_stat3,pseudobulk,"means layer (Seurat-normalized, log1p)","Pseudobulk L3 cell type 'erythrocyte'. Mean z-score over Hallmark IL-6/JAK/STAT3 Signaling genes. IL-6 inflammaging biomarker; JAK/STAT3 drives SASP. Ext. support: Xu 2015 (PMID 26578790); Ferrucci & Fabbri 2018 (PMID 30065258). Z-scored within cell type across 92 baseline samples. FLAGGED FOR POTENTIAL EXCLUSION: progenitor, contaminant, or activation-artifact cell type; discuss before BN fitting."
pb.erythrocyte_inflammatory,pseudobulk,"means layer (Seurat-normalized, log1p)","Pseudobulk L3 cell type 'erythrocyte'. Mean z-score over Hallmark Inflammatory Response genes. Canonical inflammaging. Ext. support: Franceschi 2000 (PMID 10911963); Ferrucci & Fabbri 2018 (PMID 30065258). Z-scored within cell type across 92 baseline samples. FLAGGED FOR POTENTIAL EXCLUSION: progenitor, contaminant, or activation-artifact cell type; discuss before BN fitting."
pb.erythrocyte_tnfa_nfkb,pseudobulk,"means layer (Seurat-normalized, log1p)","Pseudobulk L3 cell type 'erythrocyte'. Mean z-score over Hallmark TNF-alpha Signaling via NF-kB genes. TNF-alpha inflammaging / CMV effector-memory product. Ext. support: Franceschi 2000 (PMID 10911963); CMV reviews (PMID 28082969, 28647907). Z-scored within cell type across 92 baseline samples. FLAGGED FOR POTENTIAL EXCLUSION: progenitor, contaminant, or activation-artifact cell type; discuss before BN fitting."
pb.gzmb_cd27_em_cd4_t_cell_ifn_alpha,pseudobulk,"means layer (Seurat-normalized, log1p)",Pseudobulk L3 cell type 'gzmb_cd27_em_cd4_t_cell'. Mean z-score over Hallmark Interferon Alpha Response genes. Type I IFN; pDC-produced; senescence-linked. Ext. support: D'Souza 2021 (PMID 34547174). Z-scored within cell type across 92 baseline samples. Included.
pb.gzmb_cd27_em_cd4_t_cell_ifn_gamma,pseudobulk,"means layer (Seurat-normalized, log1p)","Pseudobulk L3 cell type 'gzmb_cd27_em_cd4_t_cell'. Mean z-score over Hallmark Interferon Gamma Response genes. Type II IFN / antiviral / CMV-driven state. Ext. support: Ashour 2023 (PMID 37141306); CMV reviews (PMID 28082969, 28647907). Z-scored within cell type across 92 baseline samples. Included."
pb.gzmb_cd27_em_cd4_t_cell_il2_stat5,pseudobulk,"means layer (Seurat-normalized, log1p)",Pseudobulk L3 cell type 'gzmb_cd27_em_cd4_t_cell'. Mean z-score over Hallmark IL-2/STAT5 Signaling genes. Gamma-chain/STAT5 T-cell homeostasis (proxy for IL-7/STAT5 naive-T decline). Ext. support: Becklund 2016 (PMID 27480406). CAVEAT: aging signal is more precisely IL-7/STAT5. Z-scored within cell type across 92 baseline samples. Included.
pb.gzmb_cd27_em_cd4_t_cell_il6_jak_stat3,pseudobulk,"means layer (Seurat-normalized, log1p)",Pseudobulk L3 cell type 'gzmb_cd27_em_cd4_t_cell'. Mean z-score over Hallmark IL-6/JAK/STAT3 Signaling genes. IL-6 inflammaging biomarker; JAK/STAT3 drives SASP. Ext. support: Xu 2015 (PMID 26578790); Ferrucci & Fabbri 2018 (PMID 30065258). Z-scored within cell type across 92 baseline samples. Included.
pb.gzmb_cd27_em_cd4_t_cell_inflammatory,pseudobulk,"means layer (Seurat-normalized, log1p)",Pseudobulk L3 cell type 'gzmb_cd27_em_cd4_t_cell'. Mean z-score over Hallmark Inflammatory Response genes. Canonical inflammaging. Ext. support: Franceschi 2000 (PMID 10911963); Ferrucci & Fabbri 2018 (PMID 30065258). Z-scored within cell type across 92 baseline samples. Included.
pb.gzmb_cd27_em_cd4_t_cell_tnfa_nfkb,pseudobulk,"means layer (Seurat-normalized, log1p)","Pseudobulk L3 cell type 'gzmb_cd27_em_cd4_t_cell'. Mean z-score over Hallmark TNF-alpha Signaling via NF-kB genes. TNF-alpha inflammaging / CMV effector-memory product. Ext. support: Franceschi 2000 (PMID 10911963); CMV reviews (PMID 28082969, 28647907). Z-scored within cell type across 92 baseline samples. Included."
pb.gzmb_vd2_gdt_ifn_alpha,pseudobulk,"means layer (Seurat-normalized, log1p)",Pseudobulk L3 cell type 'gzmb_vd2_gdt'. Mean z-score over Hallmark Interferon Alpha Response genes. Type I IFN; pDC-produced; senescence-linked. Ext. support: D'Souza 2021 (PMID 34547174). Z-scored within cell type across 92 baseline samples. Included.
pb.gzmb_vd2_gdt_ifn_gamma,pseudobulk,"means layer (Seurat-normalized, log1p)","Pseudobulk L3 cell type 'gzmb_vd2_gdt'. Mean z-score over Hallmark Interferon Gamma Response genes. Type II IFN / antiviral / CMV-driven state. Ext. support: Ashour 2023 (PMID 37141306); CMV reviews (PMID 28082969, 28647907). Z-scored within cell type across 92 baseline samples. Included."
pb.gzmb_vd2_gdt_il2_stat5,pseudobulk,"means layer (Seurat-normalized, log1p)",Pseudobulk L3 cell type 'gzmb_vd2_gdt'. Mean z-score over Hallmark IL-2/STAT5 Signaling genes. Gamma-chain/STAT5 T-cell homeostasis (proxy for IL-7/STAT5 naive-T decline). Ext. support: Becklund 2016 (PMID 27480406). CAVEAT: aging signal is more precisely IL-7/STAT5. Z-scored within cell type across 92 baseline samples. Included.
pb.gzmb_vd2_gdt_il6_jak_stat3,pseudobulk,"means layer (Seurat-normalized, log1p)",Pseudobulk L3 cell type 'gzmb_vd2_gdt'. Mean z-score over Hallmark IL-6/JAK/STAT3 Signaling genes. IL-6 inflammaging biomarker; JAK/STAT3 drives SASP. Ext. support: Xu 2015 (PMID 26578790); Ferrucci & Fabbri 2018 (PMID 30065258). Z-scored within cell type across 92 baseline samples. Included.
pb.gzmb_vd2_gdt_inflammatory,pseudobulk,"means layer (Seurat-normalized, log1p)",Pseudobulk L3 cell type 'gzmb_vd2_gdt'. Mean z-score over Hallmark Inflammatory Response genes. Canonical inflammaging. Ext. support: Franceschi 2000 (PMID 10911963); Ferrucci & Fabbri 2018 (PMID 30065258). Z-scored within cell type across 92 baseline samples. Included.
pb.gzmb_vd2_gdt_tnfa_nfkb,pseudobulk,"means layer (Seurat-normalized, log1p)","Pseudobulk L3 cell type 'gzmb_vd2_gdt'. Mean z-score over Hallmark TNF-alpha Signaling via NF-kB genes. TNF-alpha inflammaging / CMV effector-memory product. Ext. support: Franceschi 2000 (PMID 10911963); CMV reviews (PMID 28082969, 28647907). Z-scored within cell type across 92 baseline samples. Included."
pb.gzmk_cd27_em_cd8_t_cell_ifn_alpha,pseudobulk,"means layer (Seurat-normalized, log1p)",Pseudobulk L3 cell type 'gzmk_cd27_em_cd8_t_cell'. Mean z-score over Hallmark Interferon Alpha Response genes. Type I IFN; pDC-produced; senescence-linked. Ext. support: D'Souza 2021 (PMID 34547174). Z-scored within cell type across 92 baseline samples. Included.
pb.gzmk_cd27_em_cd8_t_cell_ifn_gamma,pseudobulk,"means layer (Seurat-normalized, log1p)","Pseudobulk L3 cell type 'gzmk_cd27_em_cd8_t_cell'. Mean z-score over Hallmark Interferon Gamma Response genes. Type II IFN / antiviral / CMV-driven state. Ext. support: Ashour 2023 (PMID 37141306); CMV reviews (PMID 28082969, 28647907). Z-scored within cell type across 92 baseline samples. Included."
pb.gzmk_cd27_em_cd8_t_cell_il2_stat5,pseudobulk,"means layer (Seurat-normalized, log1p)",Pseudobulk L3 cell type 'gzmk_cd27_em_cd8_t_cell'. Mean z-score over Hallmark IL-2/STAT5 Signaling genes. Gamma-chain/STAT5 T-cell homeostasis (proxy for IL-7/STAT5 naive-T decline). Ext. support: Becklund 2016 (PMID 27480406). CAVEAT: aging signal is more precisely IL-7/STAT5. Z-scored within cell type across 92 baseline samples. Included.
pb.gzmk_cd27_em_cd8_t_cell_il6_jak_stat3,pseudobulk,"means layer (Seurat-normalized, log1p)",Pseudobulk L3 cell type 'gzmk_cd27_em_cd8_t_cell'. Mean z-score over Hallmark IL-6/JAK/STAT3 Signaling genes. IL-6 inflammaging biomarker; JAK/STAT3 drives SASP. Ext. support: Xu 2015 (PMID 26578790); Ferrucci & Fabbri 2018 (PMID 30065258). Z-scored within cell type across 92 baseline samples. Included.
pb.gzmk_cd27_em_cd8_t_cell_inflammatory,pseudobulk,"means layer (Seurat-normalized, log1p)",Pseudobulk L3 cell type 'gzmk_cd27_em_cd8_t_cell'. Mean z-score over Hallmark Inflammatory Response genes. Canonical inflammaging. Ext. support: Franceschi 2000 (PMID 10911963); Ferrucci & Fabbri 2018 (PMID 30065258). Z-scored within cell type across 92 baseline samples. Included.
pb.gzmk_cd27_em_cd8_t_cell_tnfa_nfkb,pseudobulk,"means layer (Seurat-normalized, log1p)","Pseudobulk L3 cell type 'gzmk_cd27_em_cd8_t_cell'. Mean z-score over Hallmark TNF-alpha Signaling via NF-kB genes. TNF-alpha inflammaging / CMV effector-memory product. Ext. support: Franceschi 2000 (PMID 10911963); CMV reviews (PMID 28082969, 28647907). Z-scored within cell type across 92 baseline samples. Included."
pb.gzmk_cd56dim_nk_cell_ifn_alpha,pseudobulk,"means layer (Seurat-normalized, log1p)",Pseudobulk L3 cell type 'gzmk_cd56dim_nk_cell'. Mean z-score over Hallmark Interferon Alpha Response genes. Type I IFN; pDC-produced; senescence-linked. Ext. support: D'Souza 2021 (PMID 34547174). Z-scored within cell type across 92 baseline samples. Included.
pb.gzmk_cd56dim_nk_cell_ifn_gamma,pseudobulk,"means layer (Seurat-normalized, log1p)","Pseudobulk L3 cell type 'gzmk_cd56dim_nk_cell'. Mean z-score over Hallmark Interferon Gamma Response genes. Type II IFN / antiviral / CMV-driven state. Ext. support: Ashour 2023 (PMID 37141306); CMV reviews (PMID 28082969, 28647907). Z-scored within cell type across 92 baseline samples. Included."
pb.gzmk_cd56dim_nk_cell_il2_stat5,pseudobulk,"means layer (Seurat-normalized, log1p)",Pseudobulk L3 cell type 'gzmk_cd56dim_nk_cell'. Mean z-score over Hallmark IL-2/STAT5 Signaling genes. Gamma-chain/STAT5 T-cell homeostasis (proxy for IL-7/STAT5 naive-T decline). Ext. support: Becklund 2016 (PMID 27480406). CAVEAT: aging signal is more precisely IL-7/STAT5. Z-scored within cell type across 92 baseline samples. Included.
pb.gzmk_cd56dim_nk_cell_il6_jak_stat3,pseudobulk,"means layer (Seurat-normalized, log1p)",Pseudobulk L3 cell type 'gzmk_cd56dim_nk_cell'. Mean z-score over Hallmark IL-6/JAK/STAT3 Signaling genes. IL-6 inflammaging biomarker; JAK/STAT3 drives SASP. Ext. support: Xu 2015 (PMID 26578790); Ferrucci & Fabbri 2018 (PMID 30065258). Z-scored within cell type across 92 baseline samples. Included.
pb.gzmk_cd56dim_nk_cell_inflammatory,pseudobulk,"means layer (Seurat-normalized, log1p)",Pseudobulk L3 cell type 'gzmk_cd56dim_nk_cell'. Mean z-score over Hallmark Inflammatory Response genes. Canonical inflammaging. Ext. support: Franceschi 2000 (PMID 10911963); Ferrucci & Fabbri 2018 (PMID 30065258). Z-scored within cell type across 92 baseline samples. Included.
pb.gzmk_cd56dim_nk_cell_tnfa_nfkb,pseudobulk,"means layer (Seurat-normalized, log1p)","Pseudobulk L3 cell type 'gzmk_cd56dim_nk_cell'. Mean z-score over Hallmark TNF-alpha Signaling via NF-kB genes. TNF-alpha inflammaging / CMV effector-memory product. Ext. support: Franceschi 2000 (PMID 10911963); CMV reviews (PMID 28082969, 28647907). Z-scored within cell type across 92 baseline samples. Included."
pb.gzmk_memory_cd4_treg_ifn_alpha,pseudobulk,"means layer (Seurat-normalized, log1p)",Pseudobulk L3 cell type 'gzmk_memory_cd4_treg'. Mean z-score over Hallmark Interferon Alpha Response genes. Type I IFN; pDC-produced; senescence-linked. Ext. support: D'Souza 2021 (PMID 34547174). Z-scored within cell type across 92 baseline samples. Included.
pb.gzmk_memory_cd4_treg_ifn_gamma,pseudobulk,"means layer (Seurat-normalized, log1p)","Pseudobulk L3 cell type 'gzmk_memory_cd4_treg'. Mean z-score over Hallmark Interferon Gamma Response genes. Type II IFN / antiviral / CMV-driven state. Ext. support: Ashour 2023 (PMID 37141306); CMV reviews (PMID 28082969, 28647907). Z-scored within cell type across 92 baseline samples. Included."
pb.gzmk_memory_cd4_treg_il2_stat5,pseudobulk,"means layer (Seurat-normalized, log1p)",Pseudobulk L3 cell type 'gzmk_memory_cd4_treg'. Mean z-score over Hallmark IL-2/STAT5 Signaling genes. Gamma-chain/STAT5 T-cell homeostasis (proxy for IL-7/STAT5 naive-T decline). Ext. support: Becklund 2016 (PMID 27480406). CAVEAT: aging signal is more precisely IL-7/STAT5. Z-scored within cell type across 92 baseline samples. Included.
pb.gzmk_memory_cd4_treg_il6_jak_stat3,pseudobulk,"means layer (Seurat-normalized, log1p)",Pseudobulk L3 cell type 'gzmk_memory_cd4_treg'. Mean z-score over Hallmark IL-6/JAK/STAT3 Signaling genes. IL-6 inflammaging biomarker; JAK/STAT3 drives SASP. Ext. support: Xu 2015 (PMID 26578790); Ferrucci & Fabbri 2018 (PMID 30065258). Z-scored within cell type across 92 baseline samples. Included.
pb.gzmk_memory_cd4_treg_inflammatory,pseudobulk,"means layer (Seurat-normalized, log1p)",Pseudobulk L3 cell type 'gzmk_memory_cd4_treg'. Mean z-score over Hallmark Inflammatory Response genes. Canonical inflammaging. Ext. support: Franceschi 2000 (PMID 10911963); Ferrucci & Fabbri 2018 (PMID 30065258). Z-scored within cell type across 92 baseline samples. Included.
pb.gzmk_memory_cd4_treg_tnfa_nfkb,pseudobulk,"means layer (Seurat-normalized, log1p)","Pseudobulk L3 cell type 'gzmk_memory_cd4_treg'. Mean z-score over Hallmark TNF-alpha Signaling via NF-kB genes. TNF-alpha inflammaging / CMV effector-memory product. Ext. support: Franceschi 2000 (PMID 10911963); CMV reviews (PMID 28082969, 28647907). Z-scored within cell type across 92 baseline samples. Included."
pb.gzmk_vd2_gdt_ifn_alpha,pseudobulk,"means layer (Seurat-normalized, log1p)",Pseudobulk L3 cell type 'gzmk_vd2_gdt'. Mean z-score over Hallmark Interferon Alpha Response genes. Type I IFN; pDC-produced; senescence-linked. Ext. support: D'Souza 2021 (PMID 34547174). Z-scored within cell type across 92 baseline samples. Included.
pb.gzmk_vd2_gdt_ifn_gamma,pseudobulk,"means layer (Seurat-normalized, log1p)","Pseudobulk L3 cell type 'gzmk_vd2_gdt'. Mean z-score over Hallmark Interferon Gamma Response genes. Type II IFN / antiviral / CMV-driven state. Ext. support: Ashour 2023 (PMID 37141306); CMV reviews (PMID 28082969, 28647907). Z-scored within cell type across 92 baseline samples. Included."
pb.gzmk_vd2_gdt_il2_stat5,pseudobulk,"means layer (Seurat-normalized, log1p)",Pseudobulk L3 cell type 'gzmk_vd2_gdt'. Mean z-score over Hallmark IL-2/STAT5 Signaling genes. Gamma-chain/STAT5 T-cell homeostasis (proxy for IL-7/STAT5 naive-T decline). Ext. support: Becklund 2016 (PMID 27480406). CAVEAT: aging signal is more precisely IL-7/STAT5. Z-scored within cell type across 92 baseline samples. Included.
pb.gzmk_vd2_gdt_il6_jak_stat3,pseudobulk,"means layer (Seurat-normalized, log1p)",Pseudobulk L3 cell type 'gzmk_vd2_gdt'. Mean z-score over Hallmark IL-6/JAK/STAT3 Signaling genes. IL-6 inflammaging biomarker; JAK/STAT3 drives SASP. Ext. support: Xu 2015 (PMID 26578790); Ferrucci & Fabbri 2018 (PMID 30065258). Z-scored within cell type across 92 baseline samples. Included.
pb.gzmk_vd2_gdt_inflammatory,pseudobulk,"means layer (Seurat-normalized, log1p)",Pseudobulk L3 cell type 'gzmk_vd2_gdt'. Mean z-score over Hallmark Inflammatory Response genes. Canonical inflammaging. Ext. support: Franceschi 2000 (PMID 10911963); Ferrucci & Fabbri 2018 (PMID 30065258). Z-scored within cell type across 92 baseline samples. Included.
pb.gzmk_vd2_gdt_tnfa_nfkb,pseudobulk,"means layer (Seurat-normalized, log1p)","Pseudobulk L3 cell type 'gzmk_vd2_gdt'. Mean z-score over Hallmark TNF-alpha Signaling via NF-kB genes. TNF-alpha inflammaging / CMV effector-memory product. Ext. support: Franceschi 2000 (PMID 10911963); CMV reviews (PMID 28082969, 28647907). Z-scored within cell type across 92 baseline samples. Included."
pb.hla_drhi_cdc2_ifn_alpha,pseudobulk,"means layer (Seurat-normalized, log1p)",Pseudobulk L3 cell type 'hla_drhi_cdc2'. Mean z-score over Hallmark Interferon Alpha Response genes. Type I IFN; pDC-produced; senescence-linked. Ext. support: D'Souza 2021 (PMID 34547174). Z-scored within cell type across 92 baseline samples. Included.
pb.hla_drhi_cdc2_ifn_gamma,pseudobulk,"means layer (Seurat-normalized, log1p)","Pseudobulk L3 cell type 'hla_drhi_cdc2'. Mean z-score over Hallmark Interferon Gamma Response genes. Type II IFN / antiviral / CMV-driven state. Ext. support: Ashour 2023 (PMID 37141306); CMV reviews (PMID 28082969, 28647907). Z-scored within cell type across 92 baseline samples. Included."
pb.hla_drhi_cdc2_il2_stat5,pseudobulk,"means layer (Seurat-normalized, log1p)",Pseudobulk L3 cell type 'hla_drhi_cdc2'. Mean z-score over Hallmark IL-2/STAT5 Signaling genes. Gamma-chain/STAT5 T-cell homeostasis (proxy for IL-7/STAT5 naive-T decline). Ext. support: Becklund 2016 (PMID 27480406). CAVEAT: aging signal is more precisely IL-7/STAT5. Z-scored within cell type across 92 baseline samples. Included.
pb.hla_drhi_cdc2_il6_jak_stat3,pseudobulk,"means layer (Seurat-normalized, log1p)",Pseudobulk L3 cell type 'hla_drhi_cdc2'. Mean z-score over Hallmark IL-6/JAK/STAT3 Signaling genes. IL-6 inflammaging biomarker; JAK/STAT3 drives SASP. Ext. support: Xu 2015 (PMID 26578790); Ferrucci & Fabbri 2018 (PMID 30065258). Z-scored within cell type across 92 baseline samples. Included.
pb.hla_drhi_cdc2_inflammatory,pseudobulk,"means layer (Seurat-normalized, log1p)",Pseudobulk L3 cell type 'hla_drhi_cdc2'. Mean z-score over Hallmark Inflammatory Response genes. Canonical inflammaging. Ext. support: Franceschi 2000 (PMID 10911963); Ferrucci & Fabbri 2018 (PMID 30065258). Z-scored within cell type across 92 baseline samples. Included.
pb.hla_drhi_cdc2_tnfa_nfkb,pseudobulk,"means layer (Seurat-normalized, log1p)","Pseudobulk L3 cell type 'hla_drhi_cdc2'. Mean z-score over Hallmark TNF-alpha Signaling via NF-kB genes. TNF-alpha inflammaging / CMV effector-memory product. Ext. support: Franceschi 2000 (PMID 10911963); CMV reviews (PMID 28082969, 28647907). Z-scored within cell type across 92 baseline samples. Included."
pb.il1b_cd14_monocyte_ifn_alpha,pseudobulk,"means layer (Seurat-normalized, log1p)",Pseudobulk L3 cell type 'il1b_cd14_monocyte'. Mean z-score over Hallmark Interferon Alpha Response genes. Type I IFN; pDC-produced; senescence-linked. Ext. support: D'Souza 2021 (PMID 34547174). Z-scored within cell type across 92 baseline samples. Included.
pb.il1b_cd14_monocyte_ifn_gamma,pseudobulk,"means layer (Seurat-normalized, log1p)","Pseudobulk L3 cell type 'il1b_cd14_monocyte'. Mean z-score over Hallmark Interferon Gamma Response genes. Type II IFN / antiviral / CMV-driven state. Ext. support: Ashour 2023 (PMID 37141306); CMV reviews (PMID 28082969, 28647907). Z-scored within cell type across 92 baseline samples. Included."
pb.il1b_cd14_monocyte_il2_stat5,pseudobulk,"means layer (Seurat-normalized, log1p)",Pseudobulk L3 cell type 'il1b_cd14_monocyte'. Mean z-score over Hallmark IL-2/STAT5 Signaling genes. Gamma-chain/STAT5 T-cell homeostasis (proxy for IL-7/STAT5 naive-T decline). Ext. support: Becklund 2016 (PMID 27480406). CAVEAT: aging signal is more precisely IL-7/STAT5. Z-scored within cell type across 92 baseline samples. Included.
pb.il1b_cd14_monocyte_il6_jak_stat3,pseudobulk,"means layer (Seurat-normalized, log1p)",Pseudobulk L3 cell type 'il1b_cd14_monocyte'. Mean z-score over Hallmark IL-6/JAK/STAT3 Signaling genes. IL-6 inflammaging biomarker; JAK/STAT3 drives SASP. Ext. support: Xu 2015 (PMID 26578790); Ferrucci & Fabbri 2018 (PMID 30065258). Z-scored within cell type across 92 baseline samples. Included.
pb.il1b_cd14_monocyte_inflammatory,pseudobulk,"means layer (Seurat-normalized, log1p)",Pseudobulk L3 cell type 'il1b_cd14_monocyte'. Mean z-score over Hallmark Inflammatory Response genes. Canonical inflammaging. Ext. support: Franceschi 2000 (PMID 10911963); Ferrucci & Fabbri 2018 (PMID 30065258). Z-scored within cell type across 92 baseline samples. Included.
pb.il1b_cd14_monocyte_tnfa_nfkb,pseudobulk,"means layer (Seurat-normalized, log1p)","Pseudobulk L3 cell type 'il1b_cd14_monocyte'. Mean z-score over Hallmark TNF-alpha Signaling via NF-kB genes. TNF-alpha inflammaging / CMV effector-memory product. Ext. support: Franceschi 2000 (PMID 10911963); CMV reviews (PMID 28082969, 28647907). Z-scored within cell type across 92 baseline samples. Included."
pb.ilc_ifn_alpha,pseudobulk,"means layer (Seurat-normalized, log1p)",Pseudobulk L3 cell type 'ilc'. Mean z-score over Hallmark Interferon Alpha Response genes. Type I IFN; pDC-produced; senescence-linked. Ext. support: D'Souza 2021 (PMID 34547174). Z-scored within cell type across 92 baseline samples. Included.
pb.ilc_ifn_gamma,pseudobulk,"means layer (Seurat-normalized, log1p)","Pseudobulk L3 cell type 'ilc'. Mean z-score over Hallmark Interferon Gamma Response genes. Type II IFN / antiviral / CMV-driven state. Ext. support: Ashour 2023 (PMID 37141306); CMV reviews (PMID 28082969, 28647907). Z-scored within cell type across 92 baseline samples. Included."
pb.ilc_il2_stat5,pseudobulk,"means layer (Seurat-normalized, log1p)",Pseudobulk L3 cell type 'ilc'. Mean z-score over Hallmark IL-2/STAT5 Signaling genes. Gamma-chain/STAT5 T-cell homeostasis (proxy for IL-7/STAT5 naive-T decline). Ext. support: Becklund 2016 (PMID 27480406). CAVEAT: aging signal is more precisely IL-7/STAT5. Z-scored within cell type across 92 baseline samples. Included.
pb.ilc_il6_jak_stat3,pseudobulk,"means layer (Seurat-normalized, log1p)",Pseudobulk L3 cell type 'ilc'. Mean z-score over Hallmark IL-6/JAK/STAT3 Signaling genes. IL-6 inflammaging biomarker; JAK/STAT3 drives SASP. Ext. support: Xu 2015 (PMID 26578790); Ferrucci & Fabbri 2018 (PMID 30065258). Z-scored within cell type across 92 baseline samples. Included.
pb.ilc_inflammatory,pseudobulk,"means layer (Seurat-normalized, log1p)",Pseudobulk L3 cell type 'ilc'. Mean z-score over Hallmark Inflammatory Response genes. Canonical inflammaging. Ext. support: Franceschi 2000 (PMID 10911963); Ferrucci & Fabbri 2018 (PMID 30065258). Z-scored within cell type across 92 baseline samples. Included.
pb.ilc_tnfa_nfkb,pseudobulk,"means layer (Seurat-normalized, log1p)","Pseudobulk L3 cell type 'ilc'. Mean z-score over Hallmark TNF-alpha Signaling via NF-kB genes. TNF-alpha inflammaging / CMV effector-memory product. Ext. support: Franceschi 2000 (PMID 10911963); CMV reviews (PMID 28082969, 28647907). Z-scored within cell type across 92 baseline samples. Included."
pb.intermediate_monocyte_ifn_alpha,pseudobulk,"means layer (Seurat-normalized, log1p)",Pseudobulk L3 cell type 'intermediate_monocyte'. Mean z-score over Hallmark Interferon Alpha Response genes. Type I IFN; pDC-produced; senescence-linked. Ext. support: D'Souza 2021 (PMID 34547174). Z-scored within cell type across 92 baseline samples. Included.
pb.intermediate_monocyte_ifn_gamma,pseudobulk,"means layer (Seurat-normalized, log1p)","Pseudobulk L3 cell type 'intermediate_monocyte'. Mean z-score over Hallmark Interferon Gamma Response genes. Type II IFN / antiviral / CMV-driven state. Ext. support: Ashour 2023 (PMID 37141306); CMV reviews (PMID 28082969, 28647907). Z-scored within cell type across 92 baseline samples. Included."
pb.intermediate_monocyte_il2_stat5,pseudobulk,"means layer (Seurat-normalized, log1p)",Pseudobulk L3 cell type 'intermediate_monocyte'. Mean z-score over Hallmark IL-2/STAT5 Signaling genes. Gamma-chain/STAT5 T-cell homeostasis (proxy for IL-7/STAT5 naive-T decline). Ext. support: Becklund 2016 (PMID 27480406). CAVEAT: aging signal is more precisely IL-7/STAT5. Z-scored within cell type across 92 baseline samples. Included.
pb.intermediate_monocyte_il6_jak_stat3,pseudobulk,"means layer (Seurat-normalized, log1p)",Pseudobulk L3 cell type 'intermediate_monocyte'. Mean z-score over Hallmark IL-6/JAK/STAT3 Signaling genes. IL-6 inflammaging biomarker; JAK/STAT3 drives SASP. Ext. support: Xu 2015 (PMID 26578790); Ferrucci & Fabbri 2018 (PMID 30065258). Z-scored within cell type across 92 baseline samples. Included.
pb.intermediate_monocyte_inflammatory,pseudobulk,"means layer (Seurat-normalized, log1p)",Pseudobulk L3 cell type 'intermediate_monocyte'. Mean z-score over Hallmark Inflammatory Response genes. Canonical inflammaging. Ext. support: Franceschi 2000 (PMID 10911963); Ferrucci & Fabbri 2018 (PMID 30065258). Z-scored within cell type across 92 baseline samples. Included.
pb.intermediate_monocyte_tnfa_nfkb,pseudobulk,"means layer (Seurat-normalized, log1p)","Pseudobulk L3 cell type 'intermediate_monocyte'. Mean z-score over Hallmark TNF-alpha Signaling via NF-kB genes. TNF-alpha inflammaging / CMV effector-memory product. Ext. support: Franceschi 2000 (PMID 10911963); CMV reviews (PMID 28082969, 28647907). Z-scored within cell type across 92 baseline samples. Included."
pb.isg_cd14_monocyte_ifn_alpha,pseudobulk,"means layer (Seurat-normalized, log1p)",Pseudobulk L3 cell type 'isg_cd14_monocyte'. Mean z-score over Hallmark Interferon Alpha Response genes. Type I IFN; pDC-produced; senescence-linked. Ext. support: D'Souza 2021 (PMID 34547174). Z-scored within cell type across 92 baseline samples. Included.
pb.isg_cd14_monocyte_ifn_gamma,pseudobulk,"means layer (Seurat-normalized, log1p)","Pseudobulk L3 cell type 'isg_cd14_monocyte'. Mean z-score over Hallmark Interferon Gamma Response genes. Type II IFN / antiviral / CMV-driven state. Ext. support: Ashour 2023 (PMID 37141306); CMV reviews (PMID 28082969, 28647907). Z-scored within cell type across 92 baseline samples. Included."
pb.isg_cd14_monocyte_il2_stat5,pseudobulk,"means layer (Seurat-normalized, log1p)",Pseudobulk L3 cell type 'isg_cd14_monocyte'. Mean z-score over Hallmark IL-2/STAT5 Signaling genes. Gamma-chain/STAT5 T-cell homeostasis (proxy for IL-7/STAT5 naive-T decline). Ext. support: Becklund 2016 (PMID 27480406). CAVEAT: aging signal is more precisely IL-7/STAT5. Z-scored within cell type across 92 baseline samples. Included.
pb.isg_cd14_monocyte_il6_jak_stat3,pseudobulk,"means layer (Seurat-normalized, log1p)",Pseudobulk L3 cell type 'isg_cd14_monocyte'. Mean z-score over Hallmark IL-6/JAK/STAT3 Signaling genes. IL-6 inflammaging biomarker; JAK/STAT3 drives SASP. Ext. support: Xu 2015 (PMID 26578790); Ferrucci & Fabbri 2018 (PMID 30065258). Z-scored within cell type across 92 baseline samples. Included.
pb.isg_cd14_monocyte_inflammatory,pseudobulk,"means layer (Seurat-normalized, log1p)",Pseudobulk L3 cell type 'isg_cd14_monocyte'. Mean z-score over Hallmark Inflammatory Response genes. Canonical inflammaging. Ext. support: Franceschi 2000 (PMID 10911963); Ferrucci & Fabbri 2018 (PMID 30065258). Z-scored within cell type across 92 baseline samples. Included.
pb.isg_cd14_monocyte_tnfa_nfkb,pseudobulk,"means layer (Seurat-normalized, log1p)","Pseudobulk L3 cell type 'isg_cd14_monocyte'. Mean z-score over Hallmark TNF-alpha Signaling via NF-kB genes. TNF-alpha inflammaging / CMV effector-memory product. Ext. support: Franceschi 2000 (PMID 10911963); CMV reviews (PMID 28082969, 28647907). Z-scored within cell type across 92 baseline samples. Included."
pb.isg_cd16_monocyte_ifn_alpha,pseudobulk,"means layer (Seurat-normalized, log1p)",Pseudobulk L3 cell type 'isg_cd16_monocyte'. Mean z-score over Hallmark Interferon Alpha Response genes. Type I IFN; pDC-produced; senescence-linked. Ext. support: D'Souza 2021 (PMID 34547174). Z-scored within cell type across 92 baseline samples. Included.
pb.isg_cd16_monocyte_ifn_gamma,pseudobulk,"means layer (Seurat-normalized, log1p)","Pseudobulk L3 cell type 'isg_cd16_monocyte'. Mean z-score over Hallmark Interferon Gamma Response genes. Type II IFN / antiviral / CMV-driven state. Ext. support: Ashour 2023 (PMID 37141306); CMV reviews (PMID 28082969, 28647907). Z-scored within cell type across 92 baseline samples. Included."
pb.isg_cd16_monocyte_il2_stat5,pseudobulk,"means layer (Seurat-normalized, log1p)",Pseudobulk L3 cell type 'isg_cd16_monocyte'. Mean z-score over Hallmark IL-2/STAT5 Signaling genes. Gamma-chain/STAT5 T-cell homeostasis (proxy for IL-7/STAT5 naive-T decline). Ext. support: Becklund 2016 (PMID 27480406). CAVEAT: aging signal is more precisely IL-7/STAT5. Z-scored within cell type across 92 baseline samples. Included.
pb.isg_cd16_monocyte_il6_jak_stat3,pseudobulk,"means layer (Seurat-normalized, log1p)",Pseudobulk L3 cell type 'isg_cd16_monocyte'. Mean z-score over Hallmark IL-6/JAK/STAT3 Signaling genes. IL-6 inflammaging biomarker; JAK/STAT3 drives SASP. Ext. support: Xu 2015 (PMID 26578790); Ferrucci & Fabbri 2018 (PMID 30065258). Z-scored within cell type across 92 baseline samples. Included.
pb.isg_cd16_monocyte_inflammatory,pseudobulk,"means layer (Seurat-normalized, log1p)",Pseudobulk L3 cell type 'isg_cd16_monocyte'. Mean z-score over Hallmark Inflammatory Response genes. Canonical inflammaging. Ext. support: Franceschi 2000 (PMID 10911963); Ferrucci & Fabbri 2018 (PMID 30065258). Z-scored within cell type across 92 baseline samples. Included.
pb.isg_cd16_monocyte_tnfa_nfkb,pseudobulk,"means layer (Seurat-normalized, log1p)","Pseudobulk L3 cell type 'isg_cd16_monocyte'. Mean z-score over Hallmark TNF-alpha Signaling via NF-kB genes. TNF-alpha inflammaging / CMV effector-memory product. Ext. support: Franceschi 2000 (PMID 10911963); CMV reviews (PMID 28082969, 28647907). Z-scored within cell type across 92 baseline samples. Included."
pb.isg_cd56dim_nk_cell_ifn_alpha,pseudobulk,"means layer (Seurat-normalized, log1p)",Pseudobulk L3 cell type 'isg_cd56dim_nk_cell'. Mean z-score over Hallmark Interferon Alpha Response genes. Type I IFN; pDC-produced; senescence-linked. Ext. support: D'Souza 2021 (PMID 34547174). Z-scored within cell type across 92 baseline samples. Included.
pb.isg_cd56dim_nk_cell_ifn_gamma,pseudobulk,"means layer (Seurat-normalized, log1p)","Pseudobulk L3 cell type 'isg_cd56dim_nk_cell'. Mean z-score over Hallmark Interferon Gamma Response genes. Type II IFN / antiviral / CMV-driven state. Ext. support: Ashour 2023 (PMID 37141306); CMV reviews (PMID 28082969, 28647907). Z-scored within cell type across 92 baseline samples. Included."
pb.isg_cd56dim_nk_cell_il2_stat5,pseudobulk,"means layer (Seurat-normalized, log1p)",Pseudobulk L3 cell type 'isg_cd56dim_nk_cell'. Mean z-score over Hallmark IL-2/STAT5 Signaling genes. Gamma-chain/STAT5 T-cell homeostasis (proxy for IL-7/STAT5 naive-T decline). Ext. support: Becklund 2016 (PMID 27480406). CAVEAT: aging signal is more precisely IL-7/STAT5. Z-scored within cell type across 92 baseline samples. Included.
pb.isg_cd56dim_nk_cell_il6_jak_stat3,pseudobulk,"means layer (Seurat-normalized, log1p)",Pseudobulk L3 cell type 'isg_cd56dim_nk_cell'. Mean z-score over Hallmark IL-6/JAK/STAT3 Signaling genes. IL-6 inflammaging biomarker; JAK/STAT3 drives SASP. Ext. support: Xu 2015 (PMID 26578790); Ferrucci & Fabbri 2018 (PMID 30065258). Z-scored within cell type across 92 baseline samples. Included.
pb.isg_cd56dim_nk_cell_inflammatory,pseudobulk,"means layer (Seurat-normalized, log1p)",Pseudobulk L3 cell type 'isg_cd56dim_nk_cell'. Mean z-score over Hallmark Inflammatory Response genes. Canonical inflammaging. Ext. support: Franceschi 2000 (PMID 10911963); Ferrucci & Fabbri 2018 (PMID 30065258). Z-scored within cell type across 92 baseline samples. Included.
pb.isg_cd56dim_nk_cell_tnfa_nfkb,pseudobulk,"means layer (Seurat-normalized, log1p)","Pseudobulk L3 cell type 'isg_cd56dim_nk_cell'. Mean z-score over Hallmark TNF-alpha Signaling via NF-kB genes. TNF-alpha inflammaging / CMV effector-memory product. Ext. support: Franceschi 2000 (PMID 10911963); CMV reviews (PMID 28082969, 28647907). Z-scored within cell type across 92 baseline samples. Included."
pb.isg_cdc2_ifn_alpha,pseudobulk,"means layer (Seurat-normalized, log1p)",Pseudobulk L3 cell type 'isg_cdc2'. Mean z-score over Hallmark Interferon Alpha Response genes. Type I IFN; pDC-produced; senescence-linked. Ext. support: D'Souza 2021 (PMID 34547174). Z-scored within cell type across 92 baseline samples. Included.
pb.isg_cdc2_ifn_gamma,pseudobulk,"means layer (Seurat-normalized, log1p)","Pseudobulk L3 cell type 'isg_cdc2'. Mean z-score over Hallmark Interferon Gamma Response genes. Type II IFN / antiviral / CMV-driven state. Ext. support: Ashour 2023 (PMID 37141306); CMV reviews (PMID 28082969, 28647907). Z-scored within cell type across 92 baseline samples. Included."
pb.isg_cdc2_il2_stat5,pseudobulk,"means layer (Seurat-normalized, log1p)",Pseudobulk L3 cell type 'isg_cdc2'. Mean z-score over Hallmark IL-2/STAT5 Signaling genes. Gamma-chain/STAT5 T-cell homeostasis (proxy for IL-7/STAT5 naive-T decline). Ext. support: Becklund 2016 (PMID 27480406). CAVEAT: aging signal is more precisely IL-7/STAT5. Z-scored within cell type across 92 baseline samples. Included.
pb.isg_cdc2_il6_jak_stat3,pseudobulk,"means layer (Seurat-normalized, log1p)",Pseudobulk L3 cell type 'isg_cdc2'. Mean z-score over Hallmark IL-6/JAK/STAT3 Signaling genes. IL-6 inflammaging biomarker; JAK/STAT3 drives SASP. Ext. support: Xu 2015 (PMID 26578790); Ferrucci & Fabbri 2018 (PMID 30065258). Z-scored within cell type across 92 baseline samples. Included.
pb.isg_cdc2_inflammatory,pseudobulk,"means layer (Seurat-normalized, log1p)",Pseudobulk L3 cell type 'isg_cdc2'. Mean z-score over Hallmark Inflammatory Response genes. Canonical inflammaging. Ext. support: Franceschi 2000 (PMID 10911963); Ferrucci & Fabbri 2018 (PMID 30065258). Z-scored within cell type across 92 baseline samples. Included.
pb.isg_cdc2_tnfa_nfkb,pseudobulk,"means layer (Seurat-normalized, log1p)","Pseudobulk L3 cell type 'isg_cdc2'. Mean z-score over Hallmark TNF-alpha Signaling via NF-kB genes. TNF-alpha inflammaging / CMV effector-memory product. Ext. support: Franceschi 2000 (PMID 10911963); CMV reviews (PMID 28082969, 28647907). Z-scored within cell type across 92 baseline samples. Included."
pb.isg_mait_ifn_alpha,pseudobulk,"means layer (Seurat-normalized, log1p)",Pseudobulk L3 cell type 'isg_mait'. Mean z-score over Hallmark Interferon Alpha Response genes. Type I IFN; pDC-produced; senescence-linked. Ext. support: D'Souza 2021 (PMID 34547174). Z-scored within cell type across 92 baseline samples. Included.
pb.isg_mait_ifn_gamma,pseudobulk,"means layer (Seurat-normalized, log1p)","Pseudobulk L3 cell type 'isg_mait'. Mean z-score over Hallmark Interferon Gamma Response genes. Type II IFN / antiviral / CMV-driven state. Ext. support: Ashour 2023 (PMID 37141306); CMV reviews (PMID 28082969, 28647907). Z-scored within cell type across 92 baseline samples. Included."
pb.isg_mait_il2_stat5,pseudobulk,"means layer (Seurat-normalized, log1p)",Pseudobulk L3 cell type 'isg_mait'. Mean z-score over Hallmark IL-2/STAT5 Signaling genes. Gamma-chain/STAT5 T-cell homeostasis (proxy for IL-7/STAT5 naive-T decline). Ext. support: Becklund 2016 (PMID 27480406). CAVEAT: aging signal is more precisely IL-7/STAT5. Z-scored within cell type across 92 baseline samples. Included.
pb.isg_mait_il6_jak_stat3,pseudobulk,"means layer (Seurat-normalized, log1p)",Pseudobulk L3 cell type 'isg_mait'. Mean z-score over Hallmark IL-6/JAK/STAT3 Signaling genes. IL-6 inflammaging biomarker; JAK/STAT3 drives SASP. Ext. support: Xu 2015 (PMID 26578790); Ferrucci & Fabbri 2018 (PMID 30065258). Z-scored within cell type across 92 baseline samples. Included.
pb.isg_mait_inflammatory,pseudobulk,"means layer (Seurat-normalized, log1p)",Pseudobulk L3 cell type 'isg_mait'. Mean z-score over Hallmark Inflammatory Response genes. Canonical inflammaging. Ext. support: Franceschi 2000 (PMID 10911963); Ferrucci & Fabbri 2018 (PMID 30065258). Z-scored within cell type across 92 baseline samples. Included.
pb.isg_mait_tnfa_nfkb,pseudobulk,"means layer (Seurat-normalized, log1p)","Pseudobulk L3 cell type 'isg_mait'. Mean z-score over Hallmark TNF-alpha Signaling via NF-kB genes. TNF-alpha inflammaging / CMV effector-memory product. Ext. support: Franceschi 2000 (PMID 10911963); CMV reviews (PMID 28082969, 28647907). Z-scored within cell type across 92 baseline samples. Included."
pb.isg_memory_cd4_t_cell_ifn_alpha,pseudobulk,"means layer (Seurat-normalized, log1p)",Pseudobulk L3 cell type 'isg_memory_cd4_t_cell'. Mean z-score over Hallmark Interferon Alpha Response genes. Type I IFN; pDC-produced; senescence-linked. Ext. support: D'Souza 2021 (PMID 34547174). Z-scored within cell type across 92 baseline samples. Included.
pb.isg_memory_cd4_t_cell_ifn_gamma,pseudobulk,"means layer (Seurat-normalized, log1p)","Pseudobulk L3 cell type 'isg_memory_cd4_t_cell'. Mean z-score over Hallmark Interferon Gamma Response genes. Type II IFN / antiviral / CMV-driven state. Ext. support: Ashour 2023 (PMID 37141306); CMV reviews (PMID 28082969, 28647907). Z-scored within cell type across 92 baseline samples. Included."
pb.isg_memory_cd4_t_cell_il2_stat5,pseudobulk,"means layer (Seurat-normalized, log1p)",Pseudobulk L3 cell type 'isg_memory_cd4_t_cell'. Mean z-score over Hallmark IL-2/STAT5 Signaling genes. Gamma-chain/STAT5 T-cell homeostasis (proxy for IL-7/STAT5 naive-T decline). Ext. support: Becklund 2016 (PMID 27480406). CAVEAT: aging signal is more precisely IL-7/STAT5. Z-scored within cell type across 92 baseline samples. Included.
pb.isg_memory_cd4_t_cell_il6_jak_stat3,pseudobulk,"means layer (Seurat-normalized, log1p)",Pseudobulk L3 cell type 'isg_memory_cd4_t_cell'. Mean z-score over Hallmark IL-6/JAK/STAT3 Signaling genes. IL-6 inflammaging biomarker; JAK/STAT3 drives SASP. Ext. support: Xu 2015 (PMID 26578790); Ferrucci & Fabbri 2018 (PMID 30065258). Z-scored within cell type across 92 baseline samples. Included.
pb.isg_memory_cd4_t_cell_inflammatory,pseudobulk,"means layer (Seurat-normalized, log1p)",Pseudobulk L3 cell type 'isg_memory_cd4_t_cell'. Mean z-score over Hallmark Inflammatory Response genes. Canonical inflammaging. Ext. support: Franceschi 2000 (PMID 10911963); Ferrucci & Fabbri 2018 (PMID 30065258). Z-scored within cell type across 92 baseline samples. Included.
pb.isg_memory_cd4_t_cell_tnfa_nfkb,pseudobulk,"means layer (Seurat-normalized, log1p)","Pseudobulk L3 cell type 'isg_memory_cd4_t_cell'. Mean z-score over Hallmark TNF-alpha Signaling via NF-kB genes. TNF-alpha inflammaging / CMV effector-memory product. Ext. support: Franceschi 2000 (PMID 10911963); CMV reviews (PMID 28082969, 28647907). Z-scored within cell type across 92 baseline samples. Included."
pb.isg_memory_cd8_t_cell_ifn_alpha,pseudobulk,"means layer (Seurat-normalized, log1p)",Pseudobulk L3 cell type 'isg_memory_cd8_t_cell'. Mean z-score over Hallmark Interferon Alpha Response genes. Type I IFN; pDC-produced; senescence-linked. Ext. support: D'Souza 2021 (PMID 34547174). Z-scored within cell type across 92 baseline samples. Included.
pb.isg_memory_cd8_t_cell_ifn_gamma,pseudobulk,"means layer (Seurat-normalized, log1p)","Pseudobulk L3 cell type 'isg_memory_cd8_t_cell'. Mean z-score over Hallmark Interferon Gamma Response genes. Type II IFN / antiviral / CMV-driven state. Ext. support: Ashour 2023 (PMID 37141306); CMV reviews (PMID 28082969, 28647907). Z-scored within cell type across 92 baseline samples. Included."
pb.isg_memory_cd8_t_cell_il2_stat5,pseudobulk,"means layer (Seurat-normalized, log1p)",Pseudobulk L3 cell type 'isg_memory_cd8_t_cell'. Mean z-score over Hallmark IL-2/STAT5 Signaling genes. Gamma-chain/STAT5 T-cell homeostasis (proxy for IL-7/STAT5 naive-T decline). Ext. support: Becklund 2016 (PMID 27480406). CAVEAT: aging signal is more precisely IL-7/STAT5. Z-scored within cell type across 92 baseline samples. Included.
pb.isg_memory_cd8_t_cell_il6_jak_stat3,pseudobulk,"means layer (Seurat-normalized, log1p)",Pseudobulk L3 cell type 'isg_memory_cd8_t_cell'. Mean z-score over Hallmark IL-6/JAK/STAT3 Signaling genes. IL-6 inflammaging biomarker; JAK/STAT3 drives SASP. Ext. support: Xu 2015 (PMID 26578790); Ferrucci & Fabbri 2018 (PMID 30065258). Z-scored within cell type across 92 baseline samples. Included.
pb.isg_memory_cd8_t_cell_inflammatory,pseudobulk,"means layer (Seurat-normalized, log1p)",Pseudobulk L3 cell type 'isg_memory_cd8_t_cell'. Mean z-score over Hallmark Inflammatory Response genes. Canonical inflammaging. Ext. support: Franceschi 2000 (PMID 10911963); Ferrucci & Fabbri 2018 (PMID 30065258). Z-scored within cell type across 92 baseline samples. Included.
pb.isg_memory_cd8_t_cell_tnfa_nfkb,pseudobulk,"means layer (Seurat-normalized, log1p)","Pseudobulk L3 cell type 'isg_memory_cd8_t_cell'. Mean z-score over Hallmark TNF-alpha Signaling via NF-kB genes. TNF-alpha inflammaging / CMV effector-memory product. Ext. support: Franceschi 2000 (PMID 10911963); CMV reviews (PMID 28082969, 28647907). Z-scored within cell type across 92 baseline samples. Included."
pb.isg_naive_b_cell_ifn_alpha,pseudobulk,"means layer (Seurat-normalized, log1p)",Pseudobulk L3 cell type 'isg_naive_b_cell'. Mean z-score over Hallmark Interferon Alpha Response genes. Type I IFN; pDC-produced; senescence-linked. Ext. support: D'Souza 2021 (PMID 34547174). Z-scored within cell type across 92 baseline samples. Included.
pb.isg_naive_b_cell_ifn_gamma,pseudobulk,"means layer (Seurat-normalized, log1p)","Pseudobulk L3 cell type 'isg_naive_b_cell'. Mean z-score over Hallmark Interferon Gamma Response genes. Type II IFN / antiviral / CMV-driven state. Ext. support: Ashour 2023 (PMID 37141306); CMV reviews (PMID 28082969, 28647907). Z-scored within cell type across 92 baseline samples. Included."
pb.isg_naive_b_cell_il2_stat5,pseudobulk,"means layer (Seurat-normalized, log1p)",Pseudobulk L3 cell type 'isg_naive_b_cell'. Mean z-score over Hallmark IL-2/STAT5 Signaling genes. Gamma-chain/STAT5 T-cell homeostasis (proxy for IL-7/STAT5 naive-T decline). Ext. support: Becklund 2016 (PMID 27480406). CAVEAT: aging signal is more precisely IL-7/STAT5. Z-scored within cell type across 92 baseline samples. Included.
pb.isg_naive_b_cell_il6_jak_stat3,pseudobulk,"means layer (Seurat-normalized, log1p)",Pseudobulk L3 cell type 'isg_naive_b_cell'. Mean z-score over Hallmark IL-6/JAK/STAT3 Signaling genes. IL-6 inflammaging biomarker; JAK/STAT3 drives SASP. Ext. support: Xu 2015 (PMID 26578790); Ferrucci & Fabbri 2018 (PMID 30065258). Z-scored within cell type across 92 baseline samples. Included.
pb.isg_naive_b_cell_inflammatory,pseudobulk,"means layer (Seurat-normalized, log1p)",Pseudobulk L3 cell type 'isg_naive_b_cell'. Mean z-score over Hallmark Inflammatory Response genes. Canonical inflammaging. Ext. support: Franceschi 2000 (PMID 10911963); Ferrucci & Fabbri 2018 (PMID 30065258). Z-scored within cell type across 92 baseline samples. Included.
pb.isg_naive_b_cell_tnfa_nfkb,pseudobulk,"means layer (Seurat-normalized, log1p)","Pseudobulk L3 cell type 'isg_naive_b_cell'. Mean z-score over Hallmark TNF-alpha Signaling via NF-kB genes. TNF-alpha inflammaging / CMV effector-memory product. Ext. support: Franceschi 2000 (PMID 10911963); CMV reviews (PMID 28082969, 28647907). Z-scored within cell type across 92 baseline samples. Included."
pb.isg_naive_cd4_t_cell_ifn_alpha,pseudobulk,"means layer (Seurat-normalized, log1p)",Pseudobulk L3 cell type 'isg_naive_cd4_t_cell'. Mean z-score over Hallmark Interferon Alpha Response genes. Type I IFN; pDC-produced; senescence-linked. Ext. support: D'Souza 2021 (PMID 34547174). Z-scored within cell type across 92 baseline samples. Included.
pb.isg_naive_cd4_t_cell_ifn_gamma,pseudobulk,"means layer (Seurat-normalized, log1p)","Pseudobulk L3 cell type 'isg_naive_cd4_t_cell'. Mean z-score over Hallmark Interferon Gamma Response genes. Type II IFN / antiviral / CMV-driven state. Ext. support: Ashour 2023 (PMID 37141306); CMV reviews (PMID 28082969, 28647907). Z-scored within cell type across 92 baseline samples. Included."
pb.isg_naive_cd4_t_cell_il2_stat5,pseudobulk,"means layer (Seurat-normalized, log1p)",Pseudobulk L3 cell type 'isg_naive_cd4_t_cell'. Mean z-score over Hallmark IL-2/STAT5 Signaling genes. Gamma-chain/STAT5 T-cell homeostasis (proxy for IL-7/STAT5 naive-T decline). Ext. support: Becklund 2016 (PMID 27480406). CAVEAT: aging signal is more precisely IL-7/STAT5. Z-scored within cell type across 92 baseline samples. Included.
pb.isg_naive_cd4_t_cell_il6_jak_stat3,pseudobulk,"means layer (Seurat-normalized, log1p)",Pseudobulk L3 cell type 'isg_naive_cd4_t_cell'. Mean z-score over Hallmark IL-6/JAK/STAT3 Signaling genes. IL-6 inflammaging biomarker; JAK/STAT3 drives SASP. Ext. support: Xu 2015 (PMID 26578790); Ferrucci & Fabbri 2018 (PMID 30065258). Z-scored within cell type across 92 baseline samples. Included.
pb.isg_naive_cd4_t_cell_inflammatory,pseudobulk,"means layer (Seurat-normalized, log1p)",Pseudobulk L3 cell type 'isg_naive_cd4_t_cell'. Mean z-score over Hallmark Inflammatory Response genes. Canonical inflammaging. Ext. support: Franceschi 2000 (PMID 10911963); Ferrucci & Fabbri 2018 (PMID 30065258). Z-scored within cell type across 92 baseline samples. Included.
pb.isg_naive_cd4_t_cell_tnfa_nfkb,pseudobulk,"means layer (Seurat-normalized, log1p)","Pseudobulk L3 cell type 'isg_naive_cd4_t_cell'. Mean z-score over Hallmark TNF-alpha Signaling via NF-kB genes. TNF-alpha inflammaging / CMV effector-memory product. Ext. support: Franceschi 2000 (PMID 10911963); CMV reviews (PMID 28082969, 28647907). Z-scored within cell type across 92 baseline samples. Included."
pb.isg_naive_cd8_t_cell_ifn_alpha,pseudobulk,"means layer (Seurat-normalized, log1p)",Pseudobulk L3 cell type 'isg_naive_cd8_t_cell'. Mean z-score over Hallmark Interferon Alpha Response genes. Type I IFN; pDC-produced; senescence-linked. Ext. support: D'Souza 2021 (PMID 34547174). Z-scored within cell type across 92 baseline samples. Included.
pb.isg_naive_cd8_t_cell_ifn_gamma,pseudobulk,"means layer (Seurat-normalized, log1p)","Pseudobulk L3 cell type 'isg_naive_cd8_t_cell'. Mean z-score over Hallmark Interferon Gamma Response genes. Type II IFN / antiviral / CMV-driven state. Ext. support: Ashour 2023 (PMID 37141306); CMV reviews (PMID 28082969, 28647907). Z-scored within cell type across 92 baseline samples. Included."
pb.isg_naive_cd8_t_cell_il2_stat5,pseudobulk,"means layer (Seurat-normalized, log1p)",Pseudobulk L3 cell type 'isg_naive_cd8_t_cell'. Mean z-score over Hallmark IL-2/STAT5 Signaling genes. Gamma-chain/STAT5 T-cell homeostasis (proxy for IL-7/STAT5 naive-T decline). Ext. support: Becklund 2016 (PMID 27480406). CAVEAT: aging signal is more precisely IL-7/STAT5. Z-scored within cell type across 92 baseline samples. Included.
pb.isg_naive_cd8_t_cell_il6_jak_stat3,pseudobulk,"means layer (Seurat-normalized, log1p)",Pseudobulk L3 cell type 'isg_naive_cd8_t_cell'. Mean z-score over Hallmark IL-6/JAK/STAT3 Signaling genes. IL-6 inflammaging biomarker; JAK/STAT3 drives SASP. Ext. support: Xu 2015 (PMID 26578790); Ferrucci & Fabbri 2018 (PMID 30065258). Z-scored within cell type across 92 baseline samples. Included.
pb.isg_naive_cd8_t_cell_inflammatory,pseudobulk,"means layer (Seurat-normalized, log1p)",Pseudobulk L3 cell type 'isg_naive_cd8_t_cell'. Mean z-score over Hallmark Inflammatory Response genes. Canonical inflammaging. Ext. support: Franceschi 2000 (PMID 10911963); Ferrucci & Fabbri 2018 (PMID 30065258). Z-scored within cell type across 92 baseline samples. Included.
pb.isg_naive_cd8_t_cell_tnfa_nfkb,pseudobulk,"means layer (Seurat-normalized, log1p)","Pseudobulk L3 cell type 'isg_naive_cd8_t_cell'. Mean z-score over Hallmark TNF-alpha Signaling via NF-kB genes. TNF-alpha inflammaging / CMV effector-memory product. Ext. support: Franceschi 2000 (PMID 10911963); CMV reviews (PMID 28082969, 28647907). Z-scored within cell type across 92 baseline samples. Included."
pb.klrb1_memory_cd4_treg_ifn_alpha,pseudobulk,"means layer (Seurat-normalized, log1p)",Pseudobulk L3 cell type 'klrb1_memory_cd4_treg'. Mean z-score over Hallmark Interferon Alpha Response genes. Type I IFN; pDC-produced; senescence-linked. Ext. support: D'Souza 2021 (PMID 34547174). Z-scored within cell type across 92 baseline samples. Included.
pb.klrb1_memory_cd4_treg_ifn_gamma,pseudobulk,"means layer (Seurat-normalized, log1p)","Pseudobulk L3 cell type 'klrb1_memory_cd4_treg'. Mean z-score over Hallmark Interferon Gamma Response genes. Type II IFN / antiviral / CMV-driven state. Ext. support: Ashour 2023 (PMID 37141306); CMV reviews (PMID 28082969, 28647907). Z-scored within cell type across 92 baseline samples. Included."
pb.klrb1_memory_cd4_treg_il2_stat5,pseudobulk,"means layer (Seurat-normalized, log1p)",Pseudobulk L3 cell type 'klrb1_memory_cd4_treg'. Mean z-score over Hallmark IL-2/STAT5 Signaling genes. Gamma-chain/STAT5 T-cell homeostasis (proxy for IL-7/STAT5 naive-T decline). Ext. support: Becklund 2016 (PMID 27480406). CAVEAT: aging signal is more precisely IL-7/STAT5. Z-scored within cell type across 92 baseline samples. Included.
pb.klrb1_memory_cd4_treg_il6_jak_stat3,pseudobulk,"means layer (Seurat-normalized, log1p)",Pseudobulk L3 cell type 'klrb1_memory_cd4_treg'. Mean z-score over Hallmark IL-6/JAK/STAT3 Signaling genes. IL-6 inflammaging biomarker; JAK/STAT3 drives SASP. Ext. support: Xu 2015 (PMID 26578790); Ferrucci & Fabbri 2018 (PMID 30065258). Z-scored within cell type across 92 baseline samples. Included.
pb.klrb1_memory_cd4_treg_inflammatory,pseudobulk,"means layer (Seurat-normalized, log1p)",Pseudobulk L3 cell type 'klrb1_memory_cd4_treg'. Mean z-score over Hallmark Inflammatory Response genes. Canonical inflammaging. Ext. support: Franceschi 2000 (PMID 10911963); Ferrucci & Fabbri 2018 (PMID 30065258). Z-scored within cell type across 92 baseline samples. Included.
pb.klrb1_memory_cd4_treg_tnfa_nfkb,pseudobulk,"means layer (Seurat-normalized, log1p)","Pseudobulk L3 cell type 'klrb1_memory_cd4_treg'. Mean z-score over Hallmark TNF-alpha Signaling via NF-kB genes. TNF-alpha inflammaging / CMV effector-memory product. Ext. support: Franceschi 2000 (PMID 10911963); CMV reviews (PMID 28082969, 28647907). Z-scored within cell type across 92 baseline samples. Included."
pb.klrb1_memory_cd8_treg_ifn_alpha,pseudobulk,"means layer (Seurat-normalized, log1p)",Pseudobulk L3 cell type 'klrb1_memory_cd8_treg'. Mean z-score over Hallmark Interferon Alpha Response genes. Type I IFN; pDC-produced; senescence-linked. Ext. support: D'Souza 2021 (PMID 34547174). Z-scored within cell type across 92 baseline samples. Included.
pb.klrb1_memory_cd8_treg_ifn_gamma,pseudobulk,"means layer (Seurat-normalized, log1p)","Pseudobulk L3 cell type 'klrb1_memory_cd8_treg'. Mean z-score over Hallmark Interferon Gamma Response genes. Type II IFN / antiviral / CMV-driven state. Ext. support: Ashour 2023 (PMID 37141306); CMV reviews (PMID 28082969, 28647907). Z-scored within cell type across 92 baseline samples. Included."
pb.klrb1_memory_cd8_treg_il2_stat5,pseudobulk,"means layer (Seurat-normalized, log1p)",Pseudobulk L3 cell type 'klrb1_memory_cd8_treg'. Mean z-score over Hallmark IL-2/STAT5 Signaling genes. Gamma-chain/STAT5 T-cell homeostasis (proxy for IL-7/STAT5 naive-T decline). Ext. support: Becklund 2016 (PMID 27480406). CAVEAT: aging signal is more precisely IL-7/STAT5. Z-scored within cell type across 92 baseline samples. Included.
pb.klrb1_memory_cd8_treg_il6_jak_stat3,pseudobulk,"means layer (Seurat-normalized, log1p)",Pseudobulk L3 cell type 'klrb1_memory_cd8_treg'. Mean z-score over Hallmark IL-6/JAK/STAT3 Signaling genes. IL-6 inflammaging biomarker; JAK/STAT3 drives SASP. Ext. support: Xu 2015 (PMID 26578790); Ferrucci & Fabbri 2018 (PMID 30065258). Z-scored within cell type across 92 baseline samples. Included.
pb.klrb1_memory_cd8_treg_inflammatory,pseudobulk,"means layer (Seurat-normalized, log1p)",Pseudobulk L3 cell type 'klrb1_memory_cd8_treg'. Mean z-score over Hallmark Inflammatory Response genes. Canonical inflammaging. Ext. support: Franceschi 2000 (PMID 10911963); Ferrucci & Fabbri 2018 (PMID 30065258). Z-scored within cell type across 92 baseline samples. Included.
pb.klrb1_memory_cd8_treg_tnfa_nfkb,pseudobulk,"means layer (Seurat-normalized, log1p)","Pseudobulk L3 cell type 'klrb1_memory_cd8_treg'. Mean z-score over Hallmark TNF-alpha Signaling via NF-kB genes. TNF-alpha inflammaging / CMV effector-memory product. Ext. support: Franceschi 2000 (PMID 10911963); CMV reviews (PMID 28082969, 28647907). Z-scored within cell type across 92 baseline samples. Included."
pb.klrf1_effector_vd1_gdt_ifn_alpha,pseudobulk,"means layer (Seurat-normalized, log1p)",Pseudobulk L3 cell type 'klrf1_effector_vd1_gdt'. Mean z-score over Hallmark Interferon Alpha Response genes. Type I IFN; pDC-produced; senescence-linked. Ext. support: D'Souza 2021 (PMID 34547174). Z-scored within cell type across 92 baseline samples. Included.
pb.klrf1_effector_vd1_gdt_ifn_gamma,pseudobulk,"means layer (Seurat-normalized, log1p)","Pseudobulk L3 cell type 'klrf1_effector_vd1_gdt'. Mean z-score over Hallmark Interferon Gamma Response genes. Type II IFN / antiviral / CMV-driven state. Ext. support: Ashour 2023 (PMID 37141306); CMV reviews (PMID 28082969, 28647907). Z-scored within cell type across 92 baseline samples. Included."
pb.klrf1_effector_vd1_gdt_il2_stat5,pseudobulk,"means layer (Seurat-normalized, log1p)",Pseudobulk L3 cell type 'klrf1_effector_vd1_gdt'. Mean z-score over Hallmark IL-2/STAT5 Signaling genes. Gamma-chain/STAT5 T-cell homeostasis (proxy for IL-7/STAT5 naive-T decline). Ext. support: Becklund 2016 (PMID 27480406). CAVEAT: aging signal is more precisely IL-7/STAT5. Z-scored within cell type across 92 baseline samples. Included.
pb.klrf1_effector_vd1_gdt_il6_jak_stat3,pseudobulk,"means layer (Seurat-normalized, log1p)",Pseudobulk L3 cell type 'klrf1_effector_vd1_gdt'. Mean z-score over Hallmark IL-6/JAK/STAT3 Signaling genes. IL-6 inflammaging biomarker; JAK/STAT3 drives SASP. Ext. support: Xu 2015 (PMID 26578790); Ferrucci & Fabbri 2018 (PMID 30065258). Z-scored within cell type across 92 baseline samples. Included.
pb.klrf1_effector_vd1_gdt_inflammatory,pseudobulk,"means layer (Seurat-normalized, log1p)",Pseudobulk L3 cell type 'klrf1_effector_vd1_gdt'. Mean z-score over Hallmark Inflammatory Response genes. Canonical inflammaging. Ext. support: Franceschi 2000 (PMID 10911963); Ferrucci & Fabbri 2018 (PMID 30065258). Z-scored within cell type across 92 baseline samples. Included.
pb.klrf1_effector_vd1_gdt_tnfa_nfkb,pseudobulk,"means layer (Seurat-normalized, log1p)","Pseudobulk L3 cell type 'klrf1_effector_vd1_gdt'. Mean z-score over Hallmark TNF-alpha Signaling via NF-kB genes. TNF-alpha inflammaging / CMV effector-memory product. Ext. support: Franceschi 2000 (PMID 10911963); CMV reviews (PMID 28082969, 28647907). Z-scored within cell type across 92 baseline samples. Included."
pb.klrf1_gzmb_cd27_em_cd8_t_cell_ifn_alpha,pseudobulk,"means layer (Seurat-normalized, log1p)",Pseudobulk L3 cell type 'klrf1_gzmb_cd27_em_cd8_t_cell'. Mean z-score over Hallmark Interferon Alpha Response genes. Type I IFN; pDC-produced; senescence-linked. Ext. support: D'Souza 2021 (PMID 34547174). Z-scored within cell type across 92 baseline samples. Included.
pb.klrf1_gzmb_cd27_em_cd8_t_cell_ifn_gamma,pseudobulk,"means layer (Seurat-normalized, log1p)","Pseudobulk L3 cell type 'klrf1_gzmb_cd27_em_cd8_t_cell'. Mean z-score over Hallmark Interferon Gamma Response genes. Type II IFN / antiviral / CMV-driven state. Ext. support: Ashour 2023 (PMID 37141306); CMV reviews (PMID 28082969, 28647907). Z-scored within cell type across 92 baseline samples. Included."
pb.klrf1_gzmb_cd27_em_cd8_t_cell_il2_stat5,pseudobulk,"means layer (Seurat-normalized, log1p)",Pseudobulk L3 cell type 'klrf1_gzmb_cd27_em_cd8_t_cell'. Mean z-score over Hallmark IL-2/STAT5 Signaling genes. Gamma-chain/STAT5 T-cell homeostasis (proxy for IL-7/STAT5 naive-T decline). Ext. support: Becklund 2016 (PMID 27480406). CAVEAT: aging signal is more precisely IL-7/STAT5. Z-scored within cell type across 92 baseline samples. Included.
pb.klrf1_gzmb_cd27_em_cd8_t_cell_il6_jak_stat3,pseudobulk,"means layer (Seurat-normalized, log1p)",Pseudobulk L3 cell type 'klrf1_gzmb_cd27_em_cd8_t_cell'. Mean z-score over Hallmark IL-6/JAK/STAT3 Signaling genes. IL-6 inflammaging biomarker; JAK/STAT3 drives SASP. Ext. support: Xu 2015 (PMID 26578790); Ferrucci & Fabbri 2018 (PMID 30065258). Z-scored within cell type across 92 baseline samples. Included.
pb.klrf1_gzmb_cd27_em_cd8_t_cell_inflammatory,pseudobulk,"means layer (Seurat-normalized, log1p)",Pseudobulk L3 cell type 'klrf1_gzmb_cd27_em_cd8_t_cell'. Mean z-score over Hallmark Inflammatory Response genes. Canonical inflammaging. Ext. support: Franceschi 2000 (PMID 10911963); Ferrucci & Fabbri 2018 (PMID 30065258). Z-scored within cell type across 92 baseline samples. Included.
pb.klrf1_gzmb_cd27_em_cd8_t_cell_tnfa_nfkb,pseudobulk,"means layer (Seurat-normalized, log1p)","Pseudobulk L3 cell type 'klrf1_gzmb_cd27_em_cd8_t_cell'. Mean z-score over Hallmark TNF-alpha Signaling via NF-kB genes. TNF-alpha inflammaging / CMV effector-memory product. Ext. support: Franceschi 2000 (PMID 10911963); CMV reviews (PMID 28082969, 28647907). Z-scored within cell type across 92 baseline samples. Included."
pb.klrf1_gzmb_cd27_memory_cd4_t_cell_ifn_alpha,pseudobulk,"means layer (Seurat-normalized, log1p)",Pseudobulk L3 cell type 'klrf1_gzmb_cd27_memory_cd4_t_cell'. Mean z-score over Hallmark Interferon Alpha Response genes. Type I IFN; pDC-produced; senescence-linked. Ext. support: D'Souza 2021 (PMID 34547174). Z-scored within cell type across 92 baseline samples. Included.
pb.klrf1_gzmb_cd27_memory_cd4_t_cell_ifn_gamma,pseudobulk,"means layer (Seurat-normalized, log1p)","Pseudobulk L3 cell type 'klrf1_gzmb_cd27_memory_cd4_t_cell'. Mean z-score over Hallmark Interferon Gamma Response genes. Type II IFN / antiviral / CMV-driven state. Ext. support: Ashour 2023 (PMID 37141306); CMV reviews (PMID 28082969, 28647907). Z-scored within cell type across 92 baseline samples. Included."
pb.klrf1_gzmb_cd27_memory_cd4_t_cell_il2_stat5,pseudobulk,"means layer (Seurat-normalized, log1p)",Pseudobulk L3 cell type 'klrf1_gzmb_cd27_memory_cd4_t_cell'. Mean z-score over Hallmark IL-2/STAT5 Signaling genes. Gamma-chain/STAT5 T-cell homeostasis (proxy for IL-7/STAT5 naive-T decline). Ext. support: Becklund 2016 (PMID 27480406). CAVEAT: aging signal is more precisely IL-7/STAT5. Z-scored within cell type across 92 baseline samples. Included.
pb.klrf1_gzmb_cd27_memory_cd4_t_cell_il6_jak_stat3,pseudobulk,"means layer (Seurat-normalized, log1p)",Pseudobulk L3 cell type 'klrf1_gzmb_cd27_memory_cd4_t_cell'. Mean z-score over Hallmark IL-6/JAK/STAT3 Signaling genes. IL-6 inflammaging biomarker; JAK/STAT3 drives SASP. Ext. support: Xu 2015 (PMID 26578790); Ferrucci & Fabbri 2018 (PMID 30065258). Z-scored within cell type across 92 baseline samples. Included.
pb.klrf1_gzmb_cd27_memory_cd4_t_cell_inflammatory,pseudobulk,"means layer (Seurat-normalized, log1p)",Pseudobulk L3 cell type 'klrf1_gzmb_cd27_memory_cd4_t_cell'. Mean z-score over Hallmark Inflammatory Response genes. Canonical inflammaging. Ext. support: Franceschi 2000 (PMID 10911963); Ferrucci & Fabbri 2018 (PMID 30065258). Z-scored within cell type across 92 baseline samples. Included.
pb.klrf1_gzmb_cd27_memory_cd4_t_cell_tnfa_nfkb,pseudobulk,"means layer (Seurat-normalized, log1p)","Pseudobulk L3 cell type 'klrf1_gzmb_cd27_memory_cd4_t_cell'. Mean z-score over Hallmark TNF-alpha Signaling via NF-kB genes. TNF-alpha inflammaging / CMV effector-memory product. Ext. support: Franceschi 2000 (PMID 10911963); CMV reviews (PMID 28082969, 28647907). Z-scored within cell type across 92 baseline samples. Included."
pb.memory_cd4_treg_ifn_alpha,pseudobulk,"means layer (Seurat-normalized, log1p)",Pseudobulk L3 cell type 'memory_cd4_treg'. Mean z-score over Hallmark Interferon Alpha Response genes. Type I IFN; pDC-produced; senescence-linked. Ext. support: D'Souza 2021 (PMID 34547174). Z-scored within cell type across 92 baseline samples. Included.
pb.memory_cd4_treg_ifn_gamma,pseudobulk,"means layer (Seurat-normalized, log1p)","Pseudobulk L3 cell type 'memory_cd4_treg'. Mean z-score over Hallmark Interferon Gamma Response genes. Type II IFN / antiviral / CMV-driven state. Ext. support: Ashour 2023 (PMID 37141306); CMV reviews (PMID 28082969, 28647907). Z-scored within cell type across 92 baseline samples. Included."
pb.memory_cd4_treg_il2_stat5,pseudobulk,"means layer (Seurat-normalized, log1p)",Pseudobulk L3 cell type 'memory_cd4_treg'. Mean z-score over Hallmark IL-2/STAT5 Signaling genes. Gamma-chain/STAT5 T-cell homeostasis (proxy for IL-7/STAT5 naive-T decline). Ext. support: Becklund 2016 (PMID 27480406). CAVEAT: aging signal is more precisely IL-7/STAT5. Z-scored within cell type across 92 baseline samples. Included.
pb.memory_cd4_treg_il6_jak_stat3,pseudobulk,"means layer (Seurat-normalized, log1p)",Pseudobulk L3 cell type 'memory_cd4_treg'. Mean z-score over Hallmark IL-6/JAK/STAT3 Signaling genes. IL-6 inflammaging biomarker; JAK/STAT3 drives SASP. Ext. support: Xu 2015 (PMID 26578790); Ferrucci & Fabbri 2018 (PMID 30065258). Z-scored within cell type across 92 baseline samples. Included.
pb.memory_cd4_treg_inflammatory,pseudobulk,"means layer (Seurat-normalized, log1p)",Pseudobulk L3 cell type 'memory_cd4_treg'. Mean z-score over Hallmark Inflammatory Response genes. Canonical inflammaging. Ext. support: Franceschi 2000 (PMID 10911963); Ferrucci & Fabbri 2018 (PMID 30065258). Z-scored within cell type across 92 baseline samples. Included.
pb.memory_cd4_treg_tnfa_nfkb,pseudobulk,"means layer (Seurat-normalized, log1p)","Pseudobulk L3 cell type 'memory_cd4_treg'. Mean z-score over Hallmark TNF-alpha Signaling via NF-kB genes. TNF-alpha inflammaging / CMV effector-memory product. Ext. support: Franceschi 2000 (PMID 10911963); CMV reviews (PMID 28082969, 28647907). Z-scored within cell type across 92 baseline samples. Included."
pb.memory_cd8_treg_ifn_alpha,pseudobulk,"means layer (Seurat-normalized, log1p)",Pseudobulk L3 cell type 'memory_cd8_treg'. Mean z-score over Hallmark Interferon Alpha Response genes. Type I IFN; pDC-produced; senescence-linked. Ext. support: D'Souza 2021 (PMID 34547174). Z-scored within cell type across 92 baseline samples. Included.
pb.memory_cd8_treg_ifn_gamma,pseudobulk,"means layer (Seurat-normalized, log1p)","Pseudobulk L3 cell type 'memory_cd8_treg'. Mean z-score over Hallmark Interferon Gamma Response genes. Type II IFN / antiviral / CMV-driven state. Ext. support: Ashour 2023 (PMID 37141306); CMV reviews (PMID 28082969, 28647907). Z-scored within cell type across 92 baseline samples. Included."
pb.memory_cd8_treg_il2_stat5,pseudobulk,"means layer (Seurat-normalized, log1p)",Pseudobulk L3 cell type 'memory_cd8_treg'. Mean z-score over Hallmark IL-2/STAT5 Signaling genes. Gamma-chain/STAT5 T-cell homeostasis (proxy for IL-7/STAT5 naive-T decline). Ext. support: Becklund 2016 (PMID 27480406). CAVEAT: aging signal is more precisely IL-7/STAT5. Z-scored within cell type across 92 baseline samples. Included.
pb.memory_cd8_treg_il6_jak_stat3,pseudobulk,"means layer (Seurat-normalized, log1p)",Pseudobulk L3 cell type 'memory_cd8_treg'. Mean z-score over Hallmark IL-6/JAK/STAT3 Signaling genes. IL-6 inflammaging biomarker; JAK/STAT3 drives SASP. Ext. support: Xu 2015 (PMID 26578790); Ferrucci & Fabbri 2018 (PMID 30065258). Z-scored within cell type across 92 baseline samples. Included.
pb.memory_cd8_treg_inflammatory,pseudobulk,"means layer (Seurat-normalized, log1p)",Pseudobulk L3 cell type 'memory_cd8_treg'. Mean z-score over Hallmark Inflammatory Response genes. Canonical inflammaging. Ext. support: Franceschi 2000 (PMID 10911963); Ferrucci & Fabbri 2018 (PMID 30065258). Z-scored within cell type across 92 baseline samples. Included.
pb.memory_cd8_treg_tnfa_nfkb,pseudobulk,"means layer (Seurat-normalized, log1p)","Pseudobulk L3 cell type 'memory_cd8_treg'. Mean z-score over Hallmark TNF-alpha Signaling via NF-kB genes. TNF-alpha inflammaging / CMV effector-memory product. Ext. support: Franceschi 2000 (PMID 10911963); CMV reviews (PMID 28082969, 28647907). Z-scored within cell type across 92 baseline samples. Included."
pb.naive_cd4_treg_ifn_alpha,pseudobulk,"means layer (Seurat-normalized, log1p)",Pseudobulk L3 cell type 'naive_cd4_treg'. Mean z-score over Hallmark Interferon Alpha Response genes. Type I IFN; pDC-produced; senescence-linked. Ext. support: D'Souza 2021 (PMID 34547174). Z-scored within cell type across 92 baseline samples. Included.
pb.naive_cd4_treg_ifn_gamma,pseudobulk,"means layer (Seurat-normalized, log1p)","Pseudobulk L3 cell type 'naive_cd4_treg'. Mean z-score over Hallmark Interferon Gamma Response genes. Type II IFN / antiviral / CMV-driven state. Ext. support: Ashour 2023 (PMID 37141306); CMV reviews (PMID 28082969, 28647907). Z-scored within cell type across 92 baseline samples. Included."
pb.naive_cd4_treg_il2_stat5,pseudobulk,"means layer (Seurat-normalized, log1p)",Pseudobulk L3 cell type 'naive_cd4_treg'. Mean z-score over Hallmark IL-2/STAT5 Signaling genes. Gamma-chain/STAT5 T-cell homeostasis (proxy for IL-7/STAT5 naive-T decline). Ext. support: Becklund 2016 (PMID 27480406). CAVEAT: aging signal is more precisely IL-7/STAT5. Z-scored within cell type across 92 baseline samples. Included.
pb.naive_cd4_treg_il6_jak_stat3,pseudobulk,"means layer (Seurat-normalized, log1p)",Pseudobulk L3 cell type 'naive_cd4_treg'. Mean z-score over Hallmark IL-6/JAK/STAT3 Signaling genes. IL-6 inflammaging biomarker; JAK/STAT3 drives SASP. Ext. support: Xu 2015 (PMID 26578790); Ferrucci & Fabbri 2018 (PMID 30065258). Z-scored within cell type across 92 baseline samples. Included.
pb.naive_cd4_treg_inflammatory,pseudobulk,"means layer (Seurat-normalized, log1p)",Pseudobulk L3 cell type 'naive_cd4_treg'. Mean z-score over Hallmark Inflammatory Response genes. Canonical inflammaging. Ext. support: Franceschi 2000 (PMID 10911963); Ferrucci & Fabbri 2018 (PMID 30065258). Z-scored within cell type across 92 baseline samples. Included.
pb.naive_cd4_treg_tnfa_nfkb,pseudobulk,"means layer (Seurat-normalized, log1p)","Pseudobulk L3 cell type 'naive_cd4_treg'. Mean z-score over Hallmark TNF-alpha Signaling via NF-kB genes. TNF-alpha inflammaging / CMV effector-memory product. Ext. support: Franceschi 2000 (PMID 10911963); CMV reviews (PMID 28082969, 28647907). Z-scored within cell type across 92 baseline samples. Included."
pb.naive_vd1_gdt_ifn_alpha,pseudobulk,"means layer (Seurat-normalized, log1p)",Pseudobulk L3 cell type 'naive_vd1_gdt'. Mean z-score over Hallmark Interferon Alpha Response genes. Type I IFN; pDC-produced; senescence-linked. Ext. support: D'Souza 2021 (PMID 34547174). Z-scored within cell type across 92 baseline samples. Included.
pb.naive_vd1_gdt_ifn_gamma,pseudobulk,"means layer (Seurat-normalized, log1p)","Pseudobulk L3 cell type 'naive_vd1_gdt'. Mean z-score over Hallmark Interferon Gamma Response genes. Type II IFN / antiviral / CMV-driven state. Ext. support: Ashour 2023 (PMID 37141306); CMV reviews (PMID 28082969, 28647907). Z-scored within cell type across 92 baseline samples. Included."
pb.naive_vd1_gdt_il2_stat5,pseudobulk,"means layer (Seurat-normalized, log1p)",Pseudobulk L3 cell type 'naive_vd1_gdt'. Mean z-score over Hallmark IL-2/STAT5 Signaling genes. Gamma-chain/STAT5 T-cell homeostasis (proxy for IL-7/STAT5 naive-T decline). Ext. support: Becklund 2016 (PMID 27480406). CAVEAT: aging signal is more precisely IL-7/STAT5. Z-scored within cell type across 92 baseline samples. Included.
pb.naive_vd1_gdt_il6_jak_stat3,pseudobulk,"means layer (Seurat-normalized, log1p)",Pseudobulk L3 cell type 'naive_vd1_gdt'. Mean z-score over Hallmark IL-6/JAK/STAT3 Signaling genes. IL-6 inflammaging biomarker; JAK/STAT3 drives SASP. Ext. support: Xu 2015 (PMID 26578790); Ferrucci & Fabbri 2018 (PMID 30065258). Z-scored within cell type across 92 baseline samples. Included.
pb.naive_vd1_gdt_inflammatory,pseudobulk,"means layer (Seurat-normalized, log1p)",Pseudobulk L3 cell type 'naive_vd1_gdt'. Mean z-score over Hallmark Inflammatory Response genes. Canonical inflammaging. Ext. support: Franceschi 2000 (PMID 10911963); Ferrucci & Fabbri 2018 (PMID 30065258). Z-scored within cell type across 92 baseline samples. Included.
pb.naive_vd1_gdt_tnfa_nfkb,pseudobulk,"means layer (Seurat-normalized, log1p)","Pseudobulk L3 cell type 'naive_vd1_gdt'. Mean z-score over Hallmark TNF-alpha Signaling via NF-kB genes. TNF-alpha inflammaging / CMV effector-memory product. Ext. support: Franceschi 2000 (PMID 10911963); CMV reviews (PMID 28082969, 28647907). Z-scored within cell type across 92 baseline samples. Included."
pb.pdc_ifn_alpha,pseudobulk,"means layer (Seurat-normalized, log1p)",Pseudobulk L3 cell type 'pdc'. Mean z-score over Hallmark Interferon Alpha Response genes. Type I IFN; pDC-produced; senescence-linked. Ext. support: D'Souza 2021 (PMID 34547174). Z-scored within cell type across 92 baseline samples. Included.
pb.pdc_ifn_gamma,pseudobulk,"means layer (Seurat-normalized, log1p)","Pseudobulk L3 cell type 'pdc'. Mean z-score over Hallmark Interferon Gamma Response genes. Type II IFN / antiviral / CMV-driven state. Ext. support: Ashour 2023 (PMID 37141306); CMV reviews (PMID 28082969, 28647907). Z-scored within cell type across 92 baseline samples. Included."
pb.pdc_il2_stat5,pseudobulk,"means layer (Seurat-normalized, log1p)",Pseudobulk L3 cell type 'pdc'. Mean z-score over Hallmark IL-2/STAT5 Signaling genes. Gamma-chain/STAT5 T-cell homeostasis (proxy for IL-7/STAT5 naive-T decline). Ext. support: Becklund 2016 (PMID 27480406). CAVEAT: aging signal is more precisely IL-7/STAT5. Z-scored within cell type across 92 baseline samples. Included.
pb.pdc_il6_jak_stat3,pseudobulk,"means layer (Seurat-normalized, log1p)",Pseudobulk L3 cell type 'pdc'. Mean z-score over Hallmark IL-6/JAK/STAT3 Signaling genes. IL-6 inflammaging biomarker; JAK/STAT3 drives SASP. Ext. support: Xu 2015 (PMID 26578790); Ferrucci & Fabbri 2018 (PMID 30065258). Z-scored within cell type across 92 baseline samples. Included.
pb.pdc_inflammatory,pseudobulk,"means layer (Seurat-normalized, log1p)",Pseudobulk L3 cell type 'pdc'. Mean z-score over Hallmark Inflammatory Response genes. Canonical inflammaging. Ext. support: Franceschi 2000 (PMID 10911963); Ferrucci & Fabbri 2018 (PMID 30065258). Z-scored within cell type across 92 baseline samples. Included.
pb.pdc_tnfa_nfkb,pseudobulk,"means layer (Seurat-normalized, log1p)","Pseudobulk L3 cell type 'pdc'. Mean z-score over Hallmark TNF-alpha Signaling via NF-kB genes. TNF-alpha inflammaging / CMV effector-memory product. Ext. support: Franceschi 2000 (PMID 10911963); CMV reviews (PMID 28082969, 28647907). Z-scored within cell type across 92 baseline samples. Included."
pb.plasma_cell_ifn_alpha,pseudobulk,"means layer (Seurat-normalized, log1p)",Pseudobulk L3 cell type 'plasma_cell'. Mean z-score over Hallmark Interferon Alpha Response genes. Type I IFN; pDC-produced; senescence-linked. Ext. support: D'Souza 2021 (PMID 34547174). Z-scored within cell type across 92 baseline samples. Included.
pb.plasma_cell_ifn_gamma,pseudobulk,"means layer (Seurat-normalized, log1p)","Pseudobulk L3 cell type 'plasma_cell'. Mean z-score over Hallmark Interferon Gamma Response genes. Type II IFN / antiviral / CMV-driven state. Ext. support: Ashour 2023 (PMID 37141306); CMV reviews (PMID 28082969, 28647907). Z-scored within cell type across 92 baseline samples. Included."
pb.plasma_cell_il2_stat5,pseudobulk,"means layer (Seurat-normalized, log1p)",Pseudobulk L3 cell type 'plasma_cell'. Mean z-score over Hallmark IL-2/STAT5 Signaling genes. Gamma-chain/STAT5 T-cell homeostasis (proxy for IL-7/STAT5 naive-T decline). Ext. support: Becklund 2016 (PMID 27480406). CAVEAT: aging signal is more precisely IL-7/STAT5. Z-scored within cell type across 92 baseline samples. Included.
pb.plasma_cell_il6_jak_stat3,pseudobulk,"means layer (Seurat-normalized, log1p)",Pseudobulk L3 cell type 'plasma_cell'. Mean z-score over Hallmark IL-6/JAK/STAT3 Signaling genes. IL-6 inflammaging biomarker; JAK/STAT3 drives SASP. Ext. support: Xu 2015 (PMID 26578790); Ferrucci & Fabbri 2018 (PMID 30065258). Z-scored within cell type across 92 baseline samples. Included.
pb.plasma_cell_inflammatory,pseudobulk,"means layer (Seurat-normalized, log1p)",Pseudobulk L3 cell type 'plasma_cell'. Mean z-score over Hallmark Inflammatory Response genes. Canonical inflammaging. Ext. support: Franceschi 2000 (PMID 10911963); Ferrucci & Fabbri 2018 (PMID 30065258). Z-scored within cell type across 92 baseline samples. Included.
pb.plasma_cell_tnfa_nfkb,pseudobulk,"means layer (Seurat-normalized, log1p)","Pseudobulk L3 cell type 'plasma_cell'. Mean z-score over Hallmark TNF-alpha Signaling via NF-kB genes. TNF-alpha inflammaging / CMV effector-memory product. Ext. support: Franceschi 2000 (PMID 10911963); CMV reviews (PMID 28082969, 28647907). Z-scored within cell type across 92 baseline samples. Included."
pb.platelet_ifn_alpha,pseudobulk,"means layer (Seurat-normalized, log1p)","Pseudobulk L3 cell type 'platelet'. Mean z-score over Hallmark Interferon Alpha Response genes. Type I IFN; pDC-produced; senescence-linked. Ext. support: D'Souza 2021 (PMID 34547174). Z-scored within cell type across 92 baseline samples. FLAGGED FOR POTENTIAL EXCLUSION: progenitor, contaminant, or activation-artifact cell type; discuss before BN fitting."
pb.platelet_ifn_gamma,pseudobulk,"means layer (Seurat-normalized, log1p)","Pseudobulk L3 cell type 'platelet'. Mean z-score over Hallmark Interferon Gamma Response genes. Type II IFN / antiviral / CMV-driven state. Ext. support: Ashour 2023 (PMID 37141306); CMV reviews (PMID 28082969, 28647907). Z-scored within cell type across 92 baseline samples. FLAGGED FOR POTENTIAL EXCLUSION: progenitor, contaminant, or activation-artifact cell type; discuss before BN fitting."
pb.platelet_il2_stat5,pseudobulk,"means layer (Seurat-normalized, log1p)","Pseudobulk L3 cell type 'platelet'. Mean z-score over Hallmark IL-2/STAT5 Signaling genes. Gamma-chain/STAT5 T-cell homeostasis (proxy for IL-7/STAT5 naive-T decline). Ext. support: Becklund 2016 (PMID 27480406). CAVEAT: aging signal is more precisely IL-7/STAT5. Z-scored within cell type across 92 baseline samples. FLAGGED FOR POTENTIAL EXCLUSION: progenitor, contaminant, or activation-artifact cell type; discuss before BN fitting."
pb.platelet_il6_jak_stat3,pseudobulk,"means layer (Seurat-normalized, log1p)","Pseudobulk L3 cell type 'platelet'. Mean z-score over Hallmark IL-6/JAK/STAT3 Signaling genes. IL-6 inflammaging biomarker; JAK/STAT3 drives SASP. Ext. support: Xu 2015 (PMID 26578790); Ferrucci & Fabbri 2018 (PMID 30065258). Z-scored within cell type across 92 baseline samples. FLAGGED FOR POTENTIAL EXCLUSION: progenitor, contaminant, or activation-artifact cell type; discuss before BN fitting."
pb.platelet_inflammatory,pseudobulk,"means layer (Seurat-normalized, log1p)","Pseudobulk L3 cell type 'platelet'. Mean z-score over Hallmark Inflammatory Response genes. Canonical inflammaging. Ext. support: Franceschi 2000 (PMID 10911963); Ferrucci & Fabbri 2018 (PMID 30065258). Z-scored within cell type across 92 baseline samples. FLAGGED FOR POTENTIAL EXCLUSION: progenitor, contaminant, or activation-artifact cell type; discuss before BN fitting."
pb.platelet_tnfa_nfkb,pseudobulk,"means layer (Seurat-normalized, log1p)","Pseudobulk L3 cell type 'platelet'. Mean z-score over Hallmark TNF-alpha Signaling via NF-kB genes. TNF-alpha inflammaging / CMV effector-memory product. Ext. support: Franceschi 2000 (PMID 10911963); CMV reviews (PMID 28082969, 28647907). Z-scored within cell type across 92 baseline samples. FLAGGED FOR POTENTIAL EXCLUSION: progenitor, contaminant, or activation-artifact cell type; discuss before BN fitting."
pb.proliferating_nk_cell_ifn_alpha,pseudobulk,"means layer (Seurat-normalized, log1p)","Pseudobulk L3 cell type 'proliferating_nk_cell'. Mean z-score over Hallmark Interferon Alpha Response genes. Type I IFN; pDC-produced; senescence-linked. Ext. support: D'Souza 2021 (PMID 34547174). Z-scored within cell type across 92 baseline samples. FLAGGED FOR POTENTIAL EXCLUSION: progenitor, contaminant, or activation-artifact cell type; discuss before BN fitting."
pb.proliferating_nk_cell_ifn_gamma,pseudobulk,"means layer (Seurat-normalized, log1p)","Pseudobulk L3 cell type 'proliferating_nk_cell'. Mean z-score over Hallmark Interferon Gamma Response genes. Type II IFN / antiviral / CMV-driven state. Ext. support: Ashour 2023 (PMID 37141306); CMV reviews (PMID 28082969, 28647907). Z-scored within cell type across 92 baseline samples. FLAGGED FOR POTENTIAL EXCLUSION: progenitor, contaminant, or activation-artifact cell type; discuss before BN fitting."
pb.proliferating_nk_cell_il2_stat5,pseudobulk,"means layer (Seurat-normalized, log1p)","Pseudobulk L3 cell type 'proliferating_nk_cell'. Mean z-score over Hallmark IL-2/STAT5 Signaling genes. Gamma-chain/STAT5 T-cell homeostasis (proxy for IL-7/STAT5 naive-T decline). Ext. support: Becklund 2016 (PMID 27480406). CAVEAT: aging signal is more precisely IL-7/STAT5. Z-scored within cell type across 92 baseline samples. FLAGGED FOR POTENTIAL EXCLUSION: progenitor, contaminant, or activation-artifact cell type; discuss before BN fitting."
pb.proliferating_nk_cell_il6_jak_stat3,pseudobulk,"means layer (Seurat-normalized, log1p)","Pseudobulk L3 cell type 'proliferating_nk_cell'. Mean z-score over Hallmark IL-6/JAK/STAT3 Signaling genes. IL-6 inflammaging biomarker; JAK/STAT3 drives SASP. Ext. support: Xu 2015 (PMID 26578790); Ferrucci & Fabbri 2018 (PMID 30065258). Z-scored within cell type across 92 baseline samples. FLAGGED FOR POTENTIAL EXCLUSION: progenitor, contaminant, or activation-artifact cell type; discuss before BN fitting."
pb.proliferating_nk_cell_inflammatory,pseudobulk,"means layer (Seurat-normalized, log1p)","Pseudobulk L3 cell type 'proliferating_nk_cell'. Mean z-score over Hallmark Inflammatory Response genes. Canonical inflammaging. Ext. support: Franceschi 2000 (PMID 10911963); Ferrucci & Fabbri 2018 (PMID 30065258). Z-scored within cell type across 92 baseline samples. FLAGGED FOR POTENTIAL EXCLUSION: progenitor, contaminant, or activation-artifact cell type; discuss before BN fitting."
pb.proliferating_nk_cell_tnfa_nfkb,pseudobulk,"means layer (Seurat-normalized, log1p)","Pseudobulk L3 cell type 'proliferating_nk_cell'. Mean z-score over Hallmark TNF-alpha Signaling via NF-kB genes. TNF-alpha inflammaging / CMV effector-memory product. Ext. support: Franceschi 2000 (PMID 10911963); CMV reviews (PMID 28082969, 28647907). Z-scored within cell type across 92 baseline samples. FLAGGED FOR POTENTIAL EXCLUSION: progenitor, contaminant, or activation-artifact cell type; discuss before BN fitting."
pb.proliferating_t_cell_ifn_alpha,pseudobulk,"means layer (Seurat-normalized, log1p)","Pseudobulk L3 cell type 'proliferating_t_cell'. Mean z-score over Hallmark Interferon Alpha Response genes. Type I IFN; pDC-produced; senescence-linked. Ext. support: D'Souza 2021 (PMID 34547174). Z-scored within cell type across 92 baseline samples. FLAGGED FOR POTENTIAL EXCLUSION: progenitor, contaminant, or activation-artifact cell type; discuss before BN fitting."
pb.proliferating_t_cell_ifn_gamma,pseudobulk,"means layer (Seurat-normalized, log1p)","Pseudobulk L3 cell type 'proliferating_t_cell'. Mean z-score over Hallmark Interferon Gamma Response genes. Type II IFN / antiviral / CMV-driven state. Ext. support: Ashour 2023 (PMID 37141306); CMV reviews (PMID 28082969, 28647907). Z-scored within cell type across 92 baseline samples. FLAGGED FOR POTENTIAL EXCLUSION: progenitor, contaminant, or activation-artifact cell type; discuss before BN fitting."
pb.proliferating_t_cell_il2_stat5,pseudobulk,"means layer (Seurat-normalized, log1p)","Pseudobulk L3 cell type 'proliferating_t_cell'. Mean z-score over Hallmark IL-2/STAT5 Signaling genes. Gamma-chain/STAT5 T-cell homeostasis (proxy for IL-7/STAT5 naive-T decline). Ext. support: Becklund 2016 (PMID 27480406). CAVEAT: aging signal is more precisely IL-7/STAT5. Z-scored within cell type across 92 baseline samples. FLAGGED FOR POTENTIAL EXCLUSION: progenitor, contaminant, or activation-artifact cell type; discuss before BN fitting."
pb.proliferating_t_cell_il6_jak_stat3,pseudobulk,"means layer (Seurat-normalized, log1p)","Pseudobulk L3 cell type 'proliferating_t_cell'. Mean z-score over Hallmark IL-6/JAK/STAT3 Signaling genes. IL-6 inflammaging biomarker; JAK/STAT3 drives SASP. Ext. support: Xu 2015 (PMID 26578790); Ferrucci & Fabbri 2018 (PMID 30065258). Z-scored within cell type across 92 baseline samples. FLAGGED FOR POTENTIAL EXCLUSION: progenitor, contaminant, or activation-artifact cell type; discuss before BN fitting."
pb.proliferating_t_cell_inflammatory,pseudobulk,"means layer (Seurat-normalized, log1p)","Pseudobulk L3 cell type 'proliferating_t_cell'. Mean z-score over Hallmark Inflammatory Response genes. Canonical inflammaging. Ext. support: Franceschi 2000 (PMID 10911963); Ferrucci & Fabbri 2018 (PMID 30065258). Z-scored within cell type across 92 baseline samples. FLAGGED FOR POTENTIAL EXCLUSION: progenitor, contaminant, or activation-artifact cell type; discuss before BN fitting."
pb.proliferating_t_cell_tnfa_nfkb,pseudobulk,"means layer (Seurat-normalized, log1p)","Pseudobulk L3 cell type 'proliferating_t_cell'. Mean z-score over Hallmark TNF-alpha Signaling via NF-kB genes. TNF-alpha inflammaging / CMV effector-memory product. Ext. support: Franceschi 2000 (PMID 10911963); CMV reviews (PMID 28082969, 28647907). Z-scored within cell type across 92 baseline samples. FLAGGED FOR POTENTIAL EXCLUSION: progenitor, contaminant, or activation-artifact cell type; discuss before BN fitting."
pb.sox4_naive_cd4_t_cell_ifn_alpha,pseudobulk,"means layer (Seurat-normalized, log1p)",Pseudobulk L3 cell type 'sox4_naive_cd4_t_cell'. Mean z-score over Hallmark Interferon Alpha Response genes. Type I IFN; pDC-produced; senescence-linked. Ext. support: D'Souza 2021 (PMID 34547174). Z-scored within cell type across 92 baseline samples. Included.
pb.sox4_naive_cd4_t_cell_ifn_gamma,pseudobulk,"means layer (Seurat-normalized, log1p)","Pseudobulk L3 cell type 'sox4_naive_cd4_t_cell'. Mean z-score over Hallmark Interferon Gamma Response genes. Type II IFN / antiviral / CMV-driven state. Ext. support: Ashour 2023 (PMID 37141306); CMV reviews (PMID 28082969, 28647907). Z-scored within cell type across 92 baseline samples. Included."
pb.sox4_naive_cd4_t_cell_il2_stat5,pseudobulk,"means layer (Seurat-normalized, log1p)",Pseudobulk L3 cell type 'sox4_naive_cd4_t_cell'. Mean z-score over Hallmark IL-2/STAT5 Signaling genes. Gamma-chain/STAT5 T-cell homeostasis (proxy for IL-7/STAT5 naive-T decline). Ext. support: Becklund 2016 (PMID 27480406). CAVEAT: aging signal is more precisely IL-7/STAT5. Z-scored within cell type across 92 baseline samples. Included.
pb.sox4_naive_cd4_t_cell_il6_jak_stat3,pseudobulk,"means layer (Seurat-normalized, log1p)",Pseudobulk L3 cell type 'sox4_naive_cd4_t_cell'. Mean z-score over Hallmark IL-6/JAK/STAT3 Signaling genes. IL-6 inflammaging biomarker; JAK/STAT3 drives SASP. Ext. support: Xu 2015 (PMID 26578790); Ferrucci & Fabbri 2018 (PMID 30065258). Z-scored within cell type across 92 baseline samples. Included.
pb.sox4_naive_cd4_t_cell_inflammatory,pseudobulk,"means layer (Seurat-normalized, log1p)",Pseudobulk L3 cell type 'sox4_naive_cd4_t_cell'. Mean z-score over Hallmark Inflammatory Response genes. Canonical inflammaging. Ext. support: Franceschi 2000 (PMID 10911963); Ferrucci & Fabbri 2018 (PMID 30065258). Z-scored within cell type across 92 baseline samples. Included.
pb.sox4_naive_cd4_t_cell_tnfa_nfkb,pseudobulk,"means layer (Seurat-normalized, log1p)","Pseudobulk L3 cell type 'sox4_naive_cd4_t_cell'. Mean z-score over Hallmark TNF-alpha Signaling via NF-kB genes. TNF-alpha inflammaging / CMV effector-memory product. Ext. support: Franceschi 2000 (PMID 10911963); CMV reviews (PMID 28082969, 28647907). Z-scored within cell type across 92 baseline samples. Included."
pb.sox4_naive_cd8_t_cell_ifn_alpha,pseudobulk,"means layer (Seurat-normalized, log1p)",Pseudobulk L3 cell type 'sox4_naive_cd8_t_cell'. Mean z-score over Hallmark Interferon Alpha Response genes. Type I IFN; pDC-produced; senescence-linked. Ext. support: D'Souza 2021 (PMID 34547174). Z-scored within cell type across 92 baseline samples. Included.
pb.sox4_naive_cd8_t_cell_ifn_gamma,pseudobulk,"means layer (Seurat-normalized, log1p)","Pseudobulk L3 cell type 'sox4_naive_cd8_t_cell'. Mean z-score over Hallmark Interferon Gamma Response genes. Type II IFN / antiviral / CMV-driven state. Ext. support: Ashour 2023 (PMID 37141306); CMV reviews (PMID 28082969, 28647907). Z-scored within cell type across 92 baseline samples. Included."
pb.sox4_naive_cd8_t_cell_il2_stat5,pseudobulk,"means layer (Seurat-normalized, log1p)",Pseudobulk L3 cell type 'sox4_naive_cd8_t_cell'. Mean z-score over Hallmark IL-2/STAT5 Signaling genes. Gamma-chain/STAT5 T-cell homeostasis (proxy for IL-7/STAT5 naive-T decline). Ext. support: Becklund 2016 (PMID 27480406). CAVEAT: aging signal is more precisely IL-7/STAT5. Z-scored within cell type across 92 baseline samples. Included.
pb.sox4_naive_cd8_t_cell_il6_jak_stat3,pseudobulk,"means layer (Seurat-normalized, log1p)",Pseudobulk L3 cell type 'sox4_naive_cd8_t_cell'. Mean z-score over Hallmark IL-6/JAK/STAT3 Signaling genes. IL-6 inflammaging biomarker; JAK/STAT3 drives SASP. Ext. support: Xu 2015 (PMID 26578790); Ferrucci & Fabbri 2018 (PMID 30065258). Z-scored within cell type across 92 baseline samples. Included.
pb.sox4_naive_cd8_t_cell_inflammatory,pseudobulk,"means layer (Seurat-normalized, log1p)",Pseudobulk L3 cell type 'sox4_naive_cd8_t_cell'. Mean z-score over Hallmark Inflammatory Response genes. Canonical inflammaging. Ext. support: Franceschi 2000 (PMID 10911963); Ferrucci & Fabbri 2018 (PMID 30065258). Z-scored within cell type across 92 baseline samples. Included.
pb.sox4_naive_cd8_t_cell_tnfa_nfkb,pseudobulk,"means layer (Seurat-normalized, log1p)","Pseudobulk L3 cell type 'sox4_naive_cd8_t_cell'. Mean z-score over Hallmark TNF-alpha Signaling via NF-kB genes. TNF-alpha inflammaging / CMV effector-memory product. Ext. support: Franceschi 2000 (PMID 10911963); CMV reviews (PMID 28082969, 28647907). Z-scored within cell type across 92 baseline samples. Included."
pb.sox4_vd1_gdt_ifn_alpha,pseudobulk,"means layer (Seurat-normalized, log1p)",Pseudobulk L3 cell type 'sox4_vd1_gdt'. Mean z-score over Hallmark Interferon Alpha Response genes. Type I IFN; pDC-produced; senescence-linked. Ext. support: D'Souza 2021 (PMID 34547174). Z-scored within cell type across 92 baseline samples. Included.
pb.sox4_vd1_gdt_ifn_gamma,pseudobulk,"means layer (Seurat-normalized, log1p)","Pseudobulk L3 cell type 'sox4_vd1_gdt'. Mean z-score over Hallmark Interferon Gamma Response genes. Type II IFN / antiviral / CMV-driven state. Ext. support: Ashour 2023 (PMID 37141306); CMV reviews (PMID 28082969, 28647907). Z-scored within cell type across 92 baseline samples. Included."
pb.sox4_vd1_gdt_il2_stat5,pseudobulk,"means layer (Seurat-normalized, log1p)",Pseudobulk L3 cell type 'sox4_vd1_gdt'. Mean z-score over Hallmark IL-2/STAT5 Signaling genes. Gamma-chain/STAT5 T-cell homeostasis (proxy for IL-7/STAT5 naive-T decline). Ext. support: Becklund 2016 (PMID 27480406). CAVEAT: aging signal is more precisely IL-7/STAT5. Z-scored within cell type across 92 baseline samples. Included.
pb.sox4_vd1_gdt_il6_jak_stat3,pseudobulk,"means layer (Seurat-normalized, log1p)",Pseudobulk L3 cell type 'sox4_vd1_gdt'. Mean z-score over Hallmark IL-6/JAK/STAT3 Signaling genes. IL-6 inflammaging biomarker; JAK/STAT3 drives SASP. Ext. support: Xu 2015 (PMID 26578790); Ferrucci & Fabbri 2018 (PMID 30065258). Z-scored within cell type across 92 baseline samples. Included.
pb.sox4_vd1_gdt_inflammatory,pseudobulk,"means layer (Seurat-normalized, log1p)",Pseudobulk L3 cell type 'sox4_vd1_gdt'. Mean z-score over Hallmark Inflammatory Response genes. Canonical inflammaging. Ext. support: Franceschi 2000 (PMID 10911963); Ferrucci & Fabbri 2018 (PMID 30065258). Z-scored within cell type across 92 baseline samples. Included.
pb.sox4_vd1_gdt_tnfa_nfkb,pseudobulk,"means layer (Seurat-normalized, log1p)","Pseudobulk L3 cell type 'sox4_vd1_gdt'. Mean z-score over Hallmark TNF-alpha Signaling via NF-kB genes. TNF-alpha inflammaging / CMV effector-memory product. Ext. support: Franceschi 2000 (PMID 10911963); CMV reviews (PMID 28082969, 28647907). Z-scored within cell type across 92 baseline samples. Included."
pb.transitional_b_cell_ifn_alpha,pseudobulk,"means layer (Seurat-normalized, log1p)",Pseudobulk L3 cell type 'transitional_b_cell'. Mean z-score over Hallmark Interferon Alpha Response genes. Type I IFN; pDC-produced; senescence-linked. Ext. support: D'Souza 2021 (PMID 34547174). Z-scored within cell type across 92 baseline samples. Included.
pb.transitional_b_cell_ifn_gamma,pseudobulk,"means layer (Seurat-normalized, log1p)","Pseudobulk L3 cell type 'transitional_b_cell'. Mean z-score over Hallmark Interferon Gamma Response genes. Type II IFN / antiviral / CMV-driven state. Ext. support: Ashour 2023 (PMID 37141306); CMV reviews (PMID 28082969, 28647907). Z-scored within cell type across 92 baseline samples. Included."
pb.transitional_b_cell_il2_stat5,pseudobulk,"means layer (Seurat-normalized, log1p)",Pseudobulk L3 cell type 'transitional_b_cell'. Mean z-score over Hallmark IL-2/STAT5 Signaling genes. Gamma-chain/STAT5 T-cell homeostasis (proxy for IL-7/STAT5 naive-T decline). Ext. support: Becklund 2016 (PMID 27480406). CAVEAT: aging signal is more precisely IL-7/STAT5. Z-scored within cell type across 92 baseline samples. Included.
pb.transitional_b_cell_il6_jak_stat3,pseudobulk,"means layer (Seurat-normalized, log1p)",Pseudobulk L3 cell type 'transitional_b_cell'. Mean z-score over Hallmark IL-6/JAK/STAT3 Signaling genes. IL-6 inflammaging biomarker; JAK/STAT3 drives SASP. Ext. support: Xu 2015 (PMID 26578790); Ferrucci & Fabbri 2018 (PMID 30065258). Z-scored within cell type across 92 baseline samples. Included.
pb.transitional_b_cell_inflammatory,pseudobulk,"means layer (Seurat-normalized, log1p)",Pseudobulk L3 cell type 'transitional_b_cell'. Mean z-score over Hallmark Inflammatory Response genes. Canonical inflammaging. Ext. support: Franceschi 2000 (PMID 10911963); Ferrucci & Fabbri 2018 (PMID 30065258). Z-scored within cell type across 92 baseline samples. Included.
pb.transitional_b_cell_tnfa_nfkb,pseudobulk,"means layer (Seurat-normalized, log1p)","Pseudobulk L3 cell type 'transitional_b_cell'. Mean z-score over Hallmark TNF-alpha Signaling via NF-kB genes. TNF-alpha inflammaging / CMV effector-memory product. Ext. support: Franceschi 2000 (PMID 10911963); CMV reviews (PMID 28082969, 28647907). Z-scored within cell type across 92 baseline samples. Included."
pb.type_2_polarized_memory_b_cell_ifn_alpha,pseudobulk,"means layer (Seurat-normalized, log1p)",Pseudobulk L3 cell type 'type_2_polarized_memory_b_cell'. Mean z-score over Hallmark Interferon Alpha Response genes. Type I IFN; pDC-produced; senescence-linked. Ext. support: D'Souza 2021 (PMID 34547174). Z-scored within cell type across 92 baseline samples. Included.
pb.type_2_polarized_memory_b_cell_ifn_gamma,pseudobulk,"means layer (Seurat-normalized, log1p)","Pseudobulk L3 cell type 'type_2_polarized_memory_b_cell'. Mean z-score over Hallmark Interferon Gamma Response genes. Type II IFN / antiviral / CMV-driven state. Ext. support: Ashour 2023 (PMID 37141306); CMV reviews (PMID 28082969, 28647907). Z-scored within cell type across 92 baseline samples. Included."
pb.type_2_polarized_memory_b_cell_il2_stat5,pseudobulk,"means layer (Seurat-normalized, log1p)",Pseudobulk L3 cell type 'type_2_polarized_memory_b_cell'. Mean z-score over Hallmark IL-2/STAT5 Signaling genes. Gamma-chain/STAT5 T-cell homeostasis (proxy for IL-7/STAT5 naive-T decline). Ext. support: Becklund 2016 (PMID 27480406). CAVEAT: aging signal is more precisely IL-7/STAT5. Z-scored within cell type across 92 baseline samples. Included.
pb.type_2_polarized_memory_b_cell_il6_jak_stat3,pseudobulk,"means layer (Seurat-normalized, log1p)",Pseudobulk L3 cell type 'type_2_polarized_memory_b_cell'. Mean z-score over Hallmark IL-6/JAK/STAT3 Signaling genes. IL-6 inflammaging biomarker; JAK/STAT3 drives SASP. Ext. support: Xu 2015 (PMID 26578790); Ferrucci & Fabbri 2018 (PMID 30065258). Z-scored within cell type across 92 baseline samples. Included.
pb.type_2_polarized_memory_b_cell_inflammatory,pseudobulk,"means layer (Seurat-normalized, log1p)",Pseudobulk L3 cell type 'type_2_polarized_memory_b_cell'. Mean z-score over Hallmark Inflammatory Response genes. Canonical inflammaging. Ext. support: Franceschi 2000 (PMID 10911963); Ferrucci & Fabbri 2018 (PMID 30065258). Z-scored within cell type across 92 baseline samples. Included.
pb.type_2_polarized_memory_b_cell_tnfa_nfkb,pseudobulk,"means layer (Seurat-normalized, log1p)","Pseudobulk L3 cell type 'type_2_polarized_memory_b_cell'. Mean z-score over Hallmark TNF-alpha Signaling via NF-kB genes. TNF-alpha inflammaging / CMV effector-memory product. Ext. support: Franceschi 2000 (PMID 10911963); CMV reviews (PMID 28082969, 28647907). Z-scored within cell type across 92 baseline samples. Included."
pb.activated_memory_b_cell_low_ncells_flag,pseudobulk,n_cells (obs metadata),QC flag for cell type 'activated_memory_b_cell': True when n_cells < 10 or cell type absent for that sample. Included.
pb.adaptive_nk_cell_low_ncells_flag,pseudobulk,n_cells (obs metadata),QC flag for cell type 'adaptive_nk_cell': True when n_cells < 10 or cell type absent for that sample. Included.
pb.asdc_low_ncells_flag,pseudobulk,n_cells (obs metadata),QC flag for cell type 'asdc': True when n_cells < 10 or cell type absent for that sample. Included.
pb.baeomap_cell_low_ncells_flag,pseudobulk,n_cells (obs metadata),QC flag for cell type 'baeomap_cell': True when n_cells < 10 or cell type absent for that sample. FLAGGED FOR POTENTIAL EXCLUSION.
pb.c1q_cd16_monocyte_low_ncells_flag,pseudobulk,n_cells (obs metadata),QC flag for cell type 'c1q_cd16_monocyte': True when n_cells < 10 or cell type absent for that sample. Included.
pb.cd14_cdc2_low_ncells_flag,pseudobulk,n_cells (obs metadata),QC flag for cell type 'cd14_cdc2': True when n_cells < 10 or cell type absent for that sample. Included.
pb.cd27_effector_b_cell_low_ncells_flag,pseudobulk,n_cells (obs metadata),QC flag for cell type 'cd27_effector_b_cell': True when n_cells < 10 or cell type absent for that sample. Included.
pb.cd4_mait_low_ncells_flag,pseudobulk,n_cells (obs metadata),QC flag for cell type 'cd4_mait': True when n_cells < 10 or cell type absent for that sample. Included.
pb.cd56bright_nk_cell_low_ncells_flag,pseudobulk,n_cells (obs metadata),QC flag for cell type 'cd56bright_nk_cell': True when n_cells < 10 or cell type absent for that sample. Included.
pb.cd8_mait_low_ncells_flag,pseudobulk,n_cells (obs metadata),QC flag for cell type 'cd8_mait': True when n_cells < 10 or cell type absent for that sample. Included.
pb.cd8aa_low_ncells_flag,pseudobulk,n_cells (obs metadata),QC flag for cell type 'cd8aa': True when n_cells < 10 or cell type absent for that sample. Included.
pb.cd95_memory_b_cell_low_ncells_flag,pseudobulk,n_cells (obs metadata),QC flag for cell type 'cd95_memory_b_cell': True when n_cells < 10 or cell type absent for that sample. Included.
pb.cdc1_low_ncells_flag,pseudobulk,n_cells (obs metadata),QC flag for cell type 'cdc1': True when n_cells < 10 or cell type absent for that sample. Included.
pb.clp_cell_low_ncells_flag,pseudobulk,n_cells (obs metadata),QC flag for cell type 'clp_cell': True when n_cells < 10 or cell type absent for that sample. FLAGGED FOR POTENTIAL EXCLUSION.
pb.cm_cd4_t_cell_low_ncells_flag,pseudobulk,n_cells (obs metadata),QC flag for cell type 'cm_cd4_t_cell': True when n_cells < 10 or cell type absent for that sample. Included.
pb.cm_cd8_t_cell_low_ncells_flag,pseudobulk,n_cells (obs metadata),QC flag for cell type 'cm_cd8_t_cell': True when n_cells < 10 or cell type absent for that sample. Included.
pb.cmp_cell_low_ncells_flag,pseudobulk,n_cells (obs metadata),QC flag for cell type 'cmp_cell': True when n_cells < 10 or cell type absent for that sample. FLAGGED FOR POTENTIAL EXCLUSION.
pb.core_cd14_monocyte_low_ncells_flag,pseudobulk,n_cells (obs metadata),QC flag for cell type 'core_cd14_monocyte': True when n_cells < 10 or cell type absent for that sample. Included.
pb.core_cd16_monocyte_low_ncells_flag,pseudobulk,n_cells (obs metadata),QC flag for cell type 'core_cd16_monocyte': True when n_cells < 10 or cell type absent for that sample. Included.
pb.core_memory_b_cell_low_ncells_flag,pseudobulk,n_cells (obs metadata),QC flag for cell type 'core_memory_b_cell': True when n_cells < 10 or cell type absent for that sample. Included.
pb.core_naive_b_cell_low_ncells_flag,pseudobulk,n_cells (obs metadata),QC flag for cell type 'core_naive_b_cell': True when n_cells < 10 or cell type absent for that sample. Included.
pb.core_naive_cd4_t_cell_low_ncells_flag,pseudobulk,n_cells (obs metadata),QC flag for cell type 'core_naive_cd4_t_cell': True when n_cells < 10 or cell type absent for that sample. Included.
pb.core_naive_cd8_t_cell_low_ncells_flag,pseudobulk,n_cells (obs metadata),QC flag for cell type 'core_naive_cd8_t_cell': True when n_cells < 10 or cell type absent for that sample. Included.
pb.dn_t_cell_low_ncells_flag,pseudobulk,n_cells (obs metadata),QC flag for cell type 'dn_t_cell': True when n_cells < 10 or cell type absent for that sample. Included.
pb.early_memory_b_cell_low_ncells_flag,pseudobulk,n_cells (obs metadata),QC flag for cell type 'early_memory_b_cell': True when n_cells < 10 or cell type absent for that sample. Included.
pb.erythrocyte_low_ncells_flag,pseudobulk,n_cells (obs metadata),QC flag for cell type 'erythrocyte': True when n_cells < 10 or cell type absent for that sample. FLAGGED FOR POTENTIAL EXCLUSION.
pb.gzmb_cd27_em_cd4_t_cell_low_ncells_flag,pseudobulk,n_cells (obs metadata),QC flag for cell type 'gzmb_cd27_em_cd4_t_cell': True when n_cells < 10 or cell type absent for that sample. Included.
pb.gzmb_vd2_gdt_low_ncells_flag,pseudobulk,n_cells (obs metadata),QC flag for cell type 'gzmb_vd2_gdt': True when n_cells < 10 or cell type absent for that sample. Included.
pb.gzmk_cd27_em_cd8_t_cell_low_ncells_flag,pseudobulk,n_cells (obs metadata),QC flag for cell type 'gzmk_cd27_em_cd8_t_cell': True when n_cells < 10 or cell type absent for that sample. Included.
pb.gzmk_cd56dim_nk_cell_low_ncells_flag,pseudobulk,n_cells (obs metadata),QC flag for cell type 'gzmk_cd56dim_nk_cell': True when n_cells < 10 or cell type absent for that sample. Included.
pb.gzmk_memory_cd4_treg_low_ncells_flag,pseudobulk,n_cells (obs metadata),QC flag for cell type 'gzmk_memory_cd4_treg': True when n_cells < 10 or cell type absent for that sample. Included.
pb.gzmk_vd2_gdt_low_ncells_flag,pseudobulk,n_cells (obs metadata),QC flag for cell type 'gzmk_vd2_gdt': True when n_cells < 10 or cell type absent for that sample. Included.
pb.hla_drhi_cdc2_low_ncells_flag,pseudobulk,n_cells (obs metadata),QC flag for cell type 'hla_drhi_cdc2': True when n_cells < 10 or cell type absent for that sample. Included.
pb.il1b_cd14_monocyte_low_ncells_flag,pseudobulk,n_cells (obs metadata),QC flag for cell type 'il1b_cd14_monocyte': True when n_cells < 10 or cell type absent for that sample. Included.
pb.ilc_low_ncells_flag,pseudobulk,n_cells (obs metadata),QC flag for cell type 'ilc': True when n_cells < 10 or cell type absent for that sample. Included.
pb.intermediate_monocyte_low_ncells_flag,pseudobulk,n_cells (obs metadata),QC flag for cell type 'intermediate_monocyte': True when n_cells < 10 or cell type absent for that sample. Included.
pb.isg_cd14_monocyte_low_ncells_flag,pseudobulk,n_cells (obs metadata),QC flag for cell type 'isg_cd14_monocyte': True when n_cells < 10 or cell type absent for that sample. Included.
pb.isg_cd16_monocyte_low_ncells_flag,pseudobulk,n_cells (obs metadata),QC flag for cell type 'isg_cd16_monocyte': True when n_cells < 10 or cell type absent for that sample. Included.
pb.isg_cd56dim_nk_cell_low_ncells_flag,pseudobulk,n_cells (obs metadata),QC flag for cell type 'isg_cd56dim_nk_cell': True when n_cells < 10 or cell type absent for that sample. Included.
pb.isg_cdc2_low_ncells_flag,pseudobulk,n_cells (obs metadata),QC flag for cell type 'isg_cdc2': True when n_cells < 10 or cell type absent for that sample. Included.
pb.isg_mait_low_ncells_flag,pseudobulk,n_cells (obs metadata),QC flag for cell type 'isg_mait': True when n_cells < 10 or cell type absent for that sample. Included.
pb.isg_memory_cd4_t_cell_low_ncells_flag,pseudobulk,n_cells (obs metadata),QC flag for cell type 'isg_memory_cd4_t_cell': True when n_cells < 10 or cell type absent for that sample. Included.
pb.isg_memory_cd8_t_cell_low_ncells_flag,pseudobulk,n_cells (obs metadata),QC flag for cell type 'isg_memory_cd8_t_cell': True when n_cells < 10 or cell type absent for that sample. Included.
pb.isg_naive_b_cell_low_ncells_flag,pseudobulk,n_cells (obs metadata),QC flag for cell type 'isg_naive_b_cell': True when n_cells < 10 or cell type absent for that sample. Included.
pb.isg_naive_cd4_t_cell_low_ncells_flag,pseudobulk,n_cells (obs metadata),QC flag for cell type 'isg_naive_cd4_t_cell': True when n_cells < 10 or cell type absent for that sample. Included.
pb.isg_naive_cd8_t_cell_low_ncells_flag,pseudobulk,n_cells (obs metadata),QC flag for cell type 'isg_naive_cd8_t_cell': True when n_cells < 10 or cell type absent for that sample. Included.
pb.klrb1_memory_cd4_treg_low_ncells_flag,pseudobulk,n_cells (obs metadata),QC flag for cell type 'klrb1_memory_cd4_treg': True when n_cells < 10 or cell type absent for that sample. Included.
pb.klrb1_memory_cd8_treg_low_ncells_flag,pseudobulk,n_cells (obs metadata),QC flag for cell type 'klrb1_memory_cd8_treg': True when n_cells < 10 or cell type absent for that sample. Included.
pb.klrf1_effector_vd1_gdt_low_ncells_flag,pseudobulk,n_cells (obs metadata),QC flag for cell type 'klrf1_effector_vd1_gdt': True when n_cells < 10 or cell type absent for that sample. Included.
pb.klrf1_gzmb_cd27_em_cd8_t_cell_low_ncells_flag,pseudobulk,n_cells (obs metadata),QC flag for cell type 'klrf1_gzmb_cd27_em_cd8_t_cell': True when n_cells < 10 or cell type absent for that sample. Included.
pb.klrf1_gzmb_cd27_memory_cd4_t_cell_low_ncells_flag,pseudobulk,n_cells (obs metadata),QC flag for cell type 'klrf1_gzmb_cd27_memory_cd4_t_cell': True when n_cells < 10 or cell type absent for that sample. Included.
pb.memory_cd4_treg_low_ncells_flag,pseudobulk,n_cells (obs metadata),QC flag for cell type 'memory_cd4_treg': True when n_cells < 10 or cell type absent for that sample. Included.
pb.memory_cd8_treg_low_ncells_flag,pseudobulk,n_cells (obs metadata),QC flag for cell type 'memory_cd8_treg': True when n_cells < 10 or cell type absent for that sample. Included.
pb.naive_cd4_treg_low_ncells_flag,pseudobulk,n_cells (obs metadata),QC flag for cell type 'naive_cd4_treg': True when n_cells < 10 or cell type absent for that sample. Included.
pb.naive_vd1_gdt_low_ncells_flag,pseudobulk,n_cells (obs metadata),QC flag for cell type 'naive_vd1_gdt': True when n_cells < 10 or cell type absent for that sample. Included.
pb.pdc_low_ncells_flag,pseudobulk,n_cells (obs metadata),QC flag for cell type 'pdc': True when n_cells < 10 or cell type absent for that sample. Included.
pb.plasma_cell_low_ncells_flag,pseudobulk,n_cells (obs metadata),QC flag for cell type 'plasma_cell': True when n_cells < 10 or cell type absent for that sample. Included.
pb.platelet_low_ncells_flag,pseudobulk,n_cells (obs metadata),QC flag for cell type 'platelet': True when n_cells < 10 or cell type absent for that sample. FLAGGED FOR POTENTIAL EXCLUSION.
pb.proliferating_nk_cell_low_ncells_flag,pseudobulk,n_cells (obs metadata),QC flag for cell type 'proliferating_nk_cell': True when n_cells < 10 or cell type absent for that sample. FLAGGED FOR POTENTIAL EXCLUSION.
pb.proliferating_t_cell_low_ncells_flag,pseudobulk,n_cells (obs metadata),QC flag for cell type 'proliferating_t_cell': True when n_cells < 10 or cell type absent for that sample. FLAGGED FOR POTENTIAL EXCLUSION.
pb.sox4_naive_cd4_t_cell_low_ncells_flag,pseudobulk,n_cells (obs metadata),QC flag for cell type 'sox4_naive_cd4_t_cell': True when n_cells < 10 or cell type absent for that sample. Included.
pb.sox4_naive_cd8_t_cell_low_ncells_flag,pseudobulk,n_cells (obs metadata),QC flag for cell type 'sox4_naive_cd8_t_cell': True when n_cells < 10 or cell type absent for that sample. Included.
pb.sox4_vd1_gdt_low_ncells_flag,pseudobulk,n_cells (obs metadata),QC flag for cell type 'sox4_vd1_gdt': True when n_cells < 10 or cell type absent for that sample. Included.
pb.transitional_b_cell_low_ncells_flag,pseudobulk,n_cells (obs metadata),QC flag for cell type 'transitional_b_cell': True when n_cells < 10 or cell type absent for that sample. Included.
pb.type_2_polarized_memory_b_cell_low_ncells_flag,pseudobulk,n_cells (obs metadata),QC flag for cell type 'type_2_polarized_memory_b_cell': True when n_cells < 10 or cell type absent for that sample. Included.
olink.IL6,olink,olink.NPX_norm (panel=Inflammation),[CORE] Master inflammaging cytokine; mortality predictor. Independent citation(s): Ferrucci18; Bruunsgaard03; Coppe10. Selected by external immune-aging biology (flat prior); passes >30% LOD gate. See context/olink_panel_selection.md.
olink.TNF,olink,olink.NPX_norm (panel=Inflammation),[CORE] Inflammaging cytokine; mortality predictor. Independent citation(s): Ferrucci18; Bruunsgaard03; Komosinska11. Selected by external immune-aging biology (flat prior); passes >30% LOD gate. See context/olink_panel_selection.md.
olink.CXCL8,olink,olink.NPX_norm (panel=Inflammation),[CORE] SASP chemokine (IL-8). Independent citation(s): Coppe10. Selected by external immune-aging biology (flat prior); passes >30% LOD gate. See context/olink_panel_selection.md.
olink.CXCL9,olink,olink.NPX_norm (panel=Inflammation),[CORE] #1 contributor to iAge inflammatory clock. Independent citation(s): Sayed21. Selected by external immune-aging biology (flat prior); passes >30% LOD gate. See context/olink_panel_selection.md.
olink.GDF15,olink,olink.NPX_norm (panel=Cardiometabolic),[CORE] Strongest age-associated plasma protein. Independent citation(s): Tanaka18; Lehallier19. Selected by external immune-aging biology (flat prior); passes >30% LOD gate. See context/olink_panel_selection.md.
olink.CCL11,olink,olink.NPX_norm (panel=Inflammation),[CORE] 'Aging factor' eotaxin. Independent citation(s): Villeda11. Selected by external immune-aging biology (flat prior); passes >30% LOD gate. See context/olink_panel_selection.md.
olink.TNFRSF1A,olink,olink.NPX_norm (panel=Neurology),[CORE] Soluble TNFR1 rises with age. Independent citation(s): Komosinska11. Selected by external immune-aging biology (flat prior); passes >30% LOD gate. See context/olink_panel_selection.md.
olink.CD8A,olink,olink.NPX_norm (panel=Neurology),[CORE] CD8 T-cell immunosenescence. Independent citation(s): Tarazona00. Selected by external immune-aging biology (flat prior); passes >30% LOD gate. See context/olink_panel_selection.md.
olink.GZMA,olink,olink.NPX_norm (panel=Inflammation),[CORE] Cytotoxic effector accumulation with age. Independent citation(s): Tarazona00. Selected by external immune-aging biology (flat prior); passes >30% LOD gate. See context/olink_panel_selection.md.
olink.GZMB,olink,olink.NPX_norm (panel=Inflammation),[CORE] Cytotoxic effector accumulation with age. Independent citation(s): Tarazona00. Selected by external immune-aging biology (flat prior); passes >30% LOD gate. See context/olink_panel_selection.md.
olink.KLRD1,olink,olink.NPX_norm (panel=Inflammation),[CORE] NK-receptor (CD94) on senescent T cells. Independent citation(s): Tarazona00. Selected by external immune-aging biology (flat prior); passes >30% LOD gate. See context/olink_panel_selection.md.
olink.FGF21,olink,olink.NPX_norm (panel=Oncology),[CORE] Circulating FGF21 rises with age indep. body comp. Independent citation(s): Hanks15. Selected by external immune-aging biology (flat prior); passes >30% LOD gate. See context/olink_panel_selection.md.
olink.CHI3L1,olink,olink.NPX_norm (panel=Cardiometabolic),[CORE] YKL-40 rises with age; mortality in octogenarians. Independent citation(s): Johansen08. Selected by external immune-aging biology (flat prior); passes >30% LOD gate. See context/olink_panel_selection.md.
olink.IL18,olink,olink.NPX_norm (panel=Inflammation),[CORE] Inflammasome/inflammaging; serum rises over age 65. Independent citation(s): Barbe14. Selected by external immune-aging biology (flat prior); passes >30% LOD gate. See context/olink_panel_selection.md.
olink.CXCL10,olink,olink.NPX_norm (panel=Inflammation),[EXTENDED] IFN-gamma-induced chemokine axis (with CXCL9). Independent citation(s): Sayed21; Tanaka18. Selected by external immune-aging biology (flat prior); passes >30% LOD gate. See context/olink_panel_selection.md.
olink.CXCL11,olink,olink.NPX_norm (panel=Neurology),[EXTENDED] IFN-gamma-induced chemokine axis (with CXCL9). Independent citation(s): Sayed21; Tanaka18. Selected by external immune-aging biology (flat prior); passes >30% LOD gate. See context/olink_panel_selection.md.
olink.IFNG,olink,olink.NPX_norm (panel=Inflammation),[EXTENDED] Th1 driver of CXCL9/10/11 axis. Independent citation(s): Sayed21. Selected by external immune-aging biology (flat prior); passes >30% LOD gate. See context/olink_panel_selection.md.
olink.CCL2,olink,olink.NPX_norm (panel=Neurology),[EXTENDED] Age-associated monocyte chemokine (MCP-1). Independent citation(s): Tanaka18; Lehallier19. Selected by external immune-aging biology (flat prior); passes >30% LOD gate. See context/olink_panel_selection.md.
olink.CCL8,olink,olink.NPX_norm (panel=Oncology),[EXTENDED] Age-associated chemokine pathway. Independent citation(s): Tanaka18. Selected by external immune-aging biology (flat prior); passes >30% LOD gate. See context/olink_panel_selection.md.
olink.CCL3,olink,olink.NPX_norm (panel=Inflammation),[EXTENDED] Age-associated chemokine pathway. Independent citation(s): Tanaka18. Selected by external immune-aging biology (flat prior); passes >30% LOD gate. See context/olink_panel_selection.md.
olink.CCL4,olink,olink.NPX_norm (panel=Inflammation),[EXTENDED] Age-associated chemokine pathway. Independent citation(s): Tanaka18. Selected by external immune-aging biology (flat prior); passes >30% LOD gate. See context/olink_panel_selection.md.
olink.TNFRSF1B,olink,olink.NPX_norm (panel=Neurology),[EXTENDED] Soluble TNFR2 (paired receptor). Independent citation(s): Komosinska11; Ferrucci18. Selected by external immune-aging biology (flat prior); passes >30% LOD gate. See context/olink_panel_selection.md.
olink.MMP9,olink,olink.NPX_norm (panel=Neurology),[EXTENDED] SASP protease. Independent citation(s): Coppe10. Selected by external immune-aging biology (flat prior); passes >30% LOD gate. See context/olink_panel_selection.md.
olink.MMP12,olink,olink.NPX_norm (panel=Oncology),[EXTENDED] SASP protease. Independent citation(s): Coppe10. Selected by external immune-aging biology (flat prior); passes >30% LOD gate. See context/olink_panel_selection.md.
olink.IGFBP7,olink,olink.NPX_norm (panel=Cardiometabolic),[EXTENDED] SASP factor. Independent citation(s): Coppe10. Selected by external immune-aging biology (flat prior); passes >30% LOD gate. See context/olink_panel_selection.md.
olink.VEGFA,olink,olink.NPX_norm (panel=Inflammation),[EXTENDED] SASP / angiogenic factor. Independent citation(s): Coppe10. Selected by external immune-aging biology (flat prior); passes >30% LOD gate. See context/olink_panel_selection.md.
olink.IL10,olink,olink.NPX_norm (panel=Inflammation),[EXTENDED] Regulatory cytokine in inflammaging. Independent citation(s): Ferrucci18. Selected by external immune-aging biology (flat prior); passes >30% LOD gate. See context/olink_panel_selection.md.
olink.IL1RN,olink,olink.NPX_norm (panel=Inflammation),[EXTENDED] IL-1ra rises in older adults. Independent citation(s): Barbe14; Ferrucci18. Selected by external immune-aging biology (flat prior); passes >30% LOD gate. See context/olink_panel_selection.md.
olink.IL7,olink,olink.NPX_norm (panel=Inflammation),[EXTENDED] T-cell homeostasis / immunosenescence. Independent citation(s): IL7rev. Selected by external immune-aging biology (flat prior); passes >30% LOD gate. See context/olink_panel_selection.md.
olink.IL15,olink,olink.NPX_norm (panel=Inflammation),[EXTENDED] T-cell homeostasis / immunosenescence. Independent citation(s): IL15rev. Selected by external immune-aging biology (flat prior); passes >30% LOD gate. See context/olink_panel_selection.md.
olink.PDCD1,olink,olink.NPX_norm (panel=Oncology),[EXTENDED] Inhibitory checkpoint / immunosenescence. Independent citation(s): Salminen24. Selected by external immune-aging biology (flat prior); passes >30% LOD gate. See context/olink_panel_selection.md.
olink.LAG3,olink,olink.NPX_norm (panel=Oncology),[EXTENDED] Inhibitory checkpoint / immunosenescence. Independent citation(s): Salminen24. Selected by external immune-aging biology (flat prior); passes >30% LOD gate. See context/olink_panel_selection.md.
olink.HAVCR2,olink,olink.NPX_norm (panel=Neurology),[EXTENDED] Inhibitory checkpoint (TIM-3) / immunosenescence. Independent citation(s): Salminen24. Selected by external immune-aging biology (flat prior); passes >30% LOD gate. See context/olink_panel_selection.md.
olink.CD274,olink,olink.NPX_norm (panel=Neurology),[EXTENDED] Checkpoint ligand (PD-L1) / immunosenescence. Independent citation(s): Salminen24. Selected by external immune-aging biology (flat prior); passes >30% LOD gate. See context/olink_panel_selection.md.
olink.LEP,olink,olink.NPX_norm (panel=Cardiometabolic),[EXTENDED] Inflammaging adipokine (CAVEAT: adiposity-linked). Independent citation(s): Zoico13. Selected by external immune-aging biology (flat prior); passes >30% LOD gate. See context/olink_panel_selection.md.
