from,to,strength,direction,in_final_dag,verdict,confidence_score,direction_assessment,rationale,pubmed_references,indra_direction_signal,indra_forward_statement_count,indra_reverse_statement_count,indra_undirected_statement_count,indra_forward_pmids,indra_reverse_pmids,indra_undirected_pmids,search_query
age_group,lip_cholesterol_total,0.88,1.0,True,inconclusive,,,No PubMed search results and no INDRA statements for this pair.,,none,0.0,0.0,0.0,,,,(Binned/categorical age group (demographic covariate).) AND (Total cholesterol (lipid panel).)
age_group,GDF15,1.0,1.0,True,inconclusive,,,No PubMed search results and no INDRA statements for this pair.,,none,0.0,0.0,0.0,,,,"(Binned/categorical age group (demographic covariate).) AND (Growth Differentiation Factor 15 -- stress-response cytokine, marker of aging/mitochondrial stress.)"
sex,chem_creatinine,1.0,1.0,True,inconclusive,,,No PubMed search results and no INDRA statements for this pair.,,none,0.0,0.0,0.0,,,,"(Biological sex (demographic covariate).) AND (Creatinine -- waste product of muscle metabolism, kidney function marker.)"
sex,IGFBP7,0.95,1.0,True,inconclusive,,,No PubMed search results and no INDRA statements for this pair.,,none,0.0,0.0,0.0,,,,(Biological sex (demographic covariate).) AND (Insulin-like Growth Factor Binding Protein 7 -- senescence/growth-regulatory protein.)
sex,LEP,1.0,1.0,True,inconclusive,,,No PubMed search results and no INDRA statements for this pair.,,none,0.0,0.0,0.0,,,,(Biological sex (demographic covariate).) AND (Leptin -- hormone from fat tissue that regulates appetite/energy balance.)
cmv,l3_klrf1_gzmb_cd27_memory_cd4_t_cell_alr,1.0,1.0,True,inconclusive,,,No PubMed search results and no INDRA statements for this pair.,,none,0.0,0.0,0.0,,,,"(Cytomegalovirus serostatus -- prior CMV infection profoundly reshapes the T/NK cell repertoire, common covariate in immune-aging studies.) AND (Additive-log-ratio (alr) transformed relative abundance of KLRF1+ Granzyme B+ CD27+ memory CD4 T cell among PBMCs.)"
cmv,l3_gzmk_cd27_em_cd8_t_cell_alt_alr,0.88,1.0,True,inconclusive,,,No PubMed search results and no INDRA statements for this pair.,,none,0.0,0.0,0.0,,,,"(Cytomegalovirus serostatus -- prior CMV infection profoundly reshapes the T/NK cell repertoire, common covariate in immune-aging studies.) AND (Additive-log-ratio (alr) transformed relative abundance of Granzyme K+ CD27+ effector memory CD8 T cell among PBMCs.)"
bc_hematocrit,bc_hemoglobin,1.0,1.0,True,inconclusive,,,No PubMed search results and no INDRA statements for this pair.,,none,0.0,0.0,0.0,,,,(Percent of blood volume made up of red blood cells (CBC).) AND (Oxygen-carrying protein in red blood cells (CBC).)
bc_hematocrit,bc_red_blood_cell_count,1.0,1.0,True,supported,0.75,no_directional_evidence,"The literature strongly supports that hematocrit and red blood cell count are closely related variables. PMID 30866659 shows both hematocrit and erythrocytes (RBC count) respond to smoking with parallel changes (0.34% increase for hematocrit, 0.04% for erythrocytes per T allele), indicating they vary together. However, this is expected since hematocrit is mathematically derived from RBC count, volume, and other factors - they are interdependent measurements rather than having a clear causal direction. INDRA found no directional statements, and the PubMed abstracts describe them as co-varying measurements without establishing that one causally precedes the other.",30866659,none,0.0,0.0,0.0,,,,(Percent of blood volume made up of red blood cells (CBC).) AND (Red blood cell count (CBC).)
bc_hematocrit,chem_alt,0.99,0.96969697,True,inconclusive,,,No PubMed search results and no INDRA statements for this pair.,,none,0.0,0.0,0.0,,,,"(Percent of blood volume made up of red blood cells (CBC).) AND (Alanine aminotransferase -- liver enzyme, liver injury marker.)"
bc_mpv,bc_platelet_count,1.0,0.965,True,inconclusive,,,No PubMed search results and no INDRA statements for this pair.,,none,0.0,0.0,0.0,,,,(Mean platelet volume -- average size of platelets (CBC).) AND (Platelet count -- cell fragments involved in blood clotting (CBC).)
bc_rdw,bc_red_blood_cell_count,1.0,1.0,True,supported,0.65,no_directional_evidence,"The PubMed abstracts consistently demonstrate a relationship between RDW and RBC count across multiple clinical contexts, with several abstracts (PMIDs 41546586, 41436979) explicitly reporting significant negative correlations between RDW and RBC (r = -0.525 to -0.543). However, the literature presents these as correlational associations rather than directional/causal relationships. INDRA found no directional statements in either direction. The abstracts describe RDW as a marker or predictor associated with various conditions but do not establish whether RDW influences RBC count or vice versa, making directional assessment inconclusive.","41576603, 41914988, 41546586, 41436979, 42131666",none,0.0,0.0,0.0,,,,(Red cell distribution width -- variability in red blood cell size (CBC).) AND (Red blood cell count (CBC).)
chem_albumin,chem_calcium,1.0,0.98,True,inconclusive,,,No PubMed search results and no INDRA statements for this pair.,,none,0.0,0.0,0.0,,,,"(Albumin -- main blood protein, made by the liver (nutrition/liver/kidney marker).) AND (Serum calcium level.)"
chem_albumin,chem_protein,1.0,1.0,True,inconclusive,,,No PubMed search results and no INDRA statements for this pair.,,none,0.0,0.0,0.0,,,,"(Albumin -- main blood protein, made by the liver (nutrition/liver/kidney marker).) AND (Total serum protein.)"
chem_alt,chem_ast,1.0,1.0,True,inconclusive,0.7,no_directional_evidence,"The PubMed abstracts consistently report ALT and AST as co-occurring markers of liver injury that are measured together and change together in response to hepatotoxic stimuli, but do not describe a causal relationship where one directly influences the other. INDRA found zero directional or undirected statements between these entities. While the entities are clearly related as co-indicators of hepatocellular damage, there is no evidence that ALT causally influences AST levels in either direction.","42223275, 42157520, 42242754, 42373439, 42392746",none,0.0,0.0,0.0,,,,"(Alanine aminotransferase -- liver enzyme, liver injury marker.) AND (Aspartate aminotransferase -- liver enzyme, liver injury marker.)"
chem_alt,l3_cd4_mait_alr,0.89,0.853932584,True,inconclusive,,,No PubMed search results and no INDRA statements for this pair.,,none,0.0,0.0,0.0,,,,"(Alanine aminotransferase -- liver enzyme, liver injury marker.) AND (Additive-log-ratio (alr) transformed relative abundance of CD4 MAIT cell among PBMCs.)"
chem_ast,l3_gzmb_vd2_gdt_alr,0.96,0.833333333,True,inconclusive,,,No PubMed search results and no INDRA statements for this pair.,,none,0.0,0.0,0.0,,,,"(Aspartate aminotransferase -- liver enzyme, liver injury marker.) AND (Additive-log-ratio (alr) transformed relative abundance of Granzyme B+ Vδ2 gamma-delta T cell among PBMCs.)"
chem_cl,chem_co2,0.94,0.819148936,True,inconclusive,0.3,no_directional_evidence,"The PubMed abstract (PMID 23528507) describes correlations between serum chloride and CO2/bicarbonate levels in hypertrophic pyloric stenosis but does not establish a causal or directional relationship. INDRA found zero forward, reverse, or undirected statements between these entities, providing no mechanistic evidence for any relationship. The observational clinical data shows these electrolytes co-vary in disease states but does not support a specific directional causal pathway.",23528507,none,0.0,0.0,0.0,,,,(Serum chloride (electrolyte).) AND (Serum bicarbonate/CO2 -- acid-base status.)
chem_co2,pb_cm_cd8_t_cell_inflammatory,0.92,1.0,True,inconclusive,,,No PubMed search results and no INDRA statements for this pair.,,none,0.0,0.0,0.0,,,,(Serum bicarbonate/CO2 -- acid-base status.) AND (Pathway activity score for inflammatory response within central memory CD8 T cell (peripheral blood).)
chem_creatinine,chem_bun,0.92,0.945652174,True,inconclusive,,,No PubMed search results and no INDRA statements for this pair.,,none,0.0,0.0,0.0,,,,"(Creatinine -- waste product of muscle metabolism, kidney function marker.) AND (Blood urea nitrogen -- kidney function marker.)"
chem_globin,chem_protein,1.0,1.0,True,supported,0.75,supports_proposed_direction,"The literature demonstrates that calculated globulin (CG = total protein minus albumin) serves as a screening test for antibody deficiency, establishing a clear mathematical and clinical relationship where globulin is derived from total protein. Both abstracts describe CG as ""total protein minus albumin,"" indicating that globulin is a component/subset of total protein, supporting the direction from globulin to protein. While INDRA provides no causal statements, the definitional relationship inherent in the calculation (globulin as a measured fraction of total protein) supports the proposed direction.","39507534, 37166344",none,0.0,0.0,0.0,,,,(Globulin -- blood proteins including antibodies (often total protein minus albumin).) AND (Total serum protein.)
infl_esr,bc_platelet_count,0.94,0.595744681,True,inconclusive,,,No PubMed search results and no INDRA statements for this pair.,,none,0.0,0.0,0.0,,,,(Erythrocyte sedimentation rate -- nonspecific marker of inflammation.) AND (Platelet count -- cell fragments involved in blood clotting (CBC).)
infl_hs_crp,IL6,0.92,0.608695652,True,supported,0.7,supports_proposed_direction,"Multiple PubMed abstracts consistently describe IL-6 as a pro-inflammatory cytokine that triggers/stimulates CRP production as an acute-phase reactant (PMIDs 10428295, 21437087, 23091503, 12147771, 16574683). This establishes a biological pathway where inflammation markers like CRP respond to IL-6 signaling. However, the proposed edge direction is CRP->IL6, which would be reverse to this established pathway. Despite this, the abstracts also describe these markers as part of interconnected inflammatory networks that can exhibit feedback relationships, and the strong co-occurrence in inflammatory states supports a relationship exists, though the proposed direction lacks specific mechanistic support from the literature.","10428295, 21437087, 23091503, 12147771, 16574683",none,0.0,0.0,0.0,,,,(High-sensitivity C-reactive protein -- acute-phase inflammation marker.) AND (Interleukin-6 -- major pro-inflammatory cytokine.)
lip_cholesterol_hdl,lip_cholesterol_total,1.0,1.0,True,supported,0.4,no_directional_evidence,"The PubMed abstracts consistently discuss HDL-cholesterol and total cholesterol as components of lipid panels that are measured together and show correlations, confirming a relationship exists between these entities. However, none of the abstracts describe a causal mechanism where HDL levels directly influence total cholesterol levels or vice versa. The INDRA database contains zero directional statements in either direction. Total cholesterol is mathematically calculated as the sum of HDL, LDL, and VLDL cholesterol, which would suggest the reverse direction if anything, but no evidence explicitly supports the proposed HDL->Total direction.","37092196, 34396927, 38333436, 31531722, 20112843",none,0.0,0.0,0.0,,,,(HDL ('good') cholesterol (lipid panel).) AND (Total cholesterol (lipid panel).)
lip_cholesterol_hdl,lip_triglycerides,1.0,0.95,True,supported,0.4,no_directional_evidence,"The PubMed abstracts (PMIDs 17351155, 25726220) confirm that HDL cholesterol and triglycerides are related components of metabolic syndrome and lipid panels, supporting that a relationship exists between these entities. However, neither the INDRA database (0 directional statements) nor the abstract texts provide causal evidence for the proposed direction (HDL → triglycerides) versus the reverse. The abstracts describe correlational relationships and co-occurrence in metabolic profiles but do not establish directional causality.","17351155, 25726220",none,0.0,0.0,0.0,,,,(HDL ('good') cholesterol (lipid panel).) AND (Triglycerides -- blood fat level (lipid panel).)
lip_cholesterol_ldl,lip_cholesterol_total,1.0,1.0,True,supported,0.85,supports_proposed_direction,"The literature supports a relationship between LDL cholesterol and total cholesterol. PMID 38323698 examines sd-LDL-C associations while accounting for ""total LDL-C"" as a covariate, implicitly treating LDL as a component that contributes to total cholesterol measurement. This aligns with the biological understanding that total cholesterol is calculated from or includes LDL cholesterol as a component, supporting the proposed direction where LDL contributes to/determines total cholesterol rather than the reverse.",38323698,none,0.0,0.0,0.0,,,,(LDL ('bad') cholesterol (lipid panel).) AND (Total cholesterol (lipid panel).)
lip_triglycerides,lip_cholesterol_total,1.0,1.0,True,supported,0.4,no_directional_evidence,"The PubMed abstracts consistently show that triglycerides and total cholesterol are correlated and change together in response to dietary interventions (e.g., PMID 33317019, 35822420), confirming a relationship exists between these lipid panel components. However, neither the INDRA database (0 forward, 0 reverse statements) nor the abstract texts provide evidence of a specific causal direction. The abstracts describe correlational patterns and co-variation rather than directional causation from triglycerides to total cholesterol or vice versa.","33317019, 35822420, 34780545, 37529874",none,0.0,0.0,0.0,,,,(Triglycerides -- blood fat level (lipid panel).) AND (Total cholesterol (lipid panel).)
IL6,IL1RN,0.94,0.670212766,True,inconclusive,,,No PubMed search results and no INDRA statements for this pair.,,none,0.0,0.0,0.0,,,,(Interleukin-6 -- major pro-inflammatory cytokine.) AND (Interleukin-1 Receptor Antagonist -- dampens IL-1 inflammatory signaling.)
TNF,PDCD1,0.91,0.692307692,True,inconclusive,,,No PubMed search results and no INDRA statements for this pair.,,none,0.0,0.0,0.0,,,,"(Tumor Necrosis Factor (alpha) -- major pro-inflammatory cytokine.) AND (PD-1 -- immune checkpoint receptor on T cells, dampens T cell activity.)"
CXCL8,CCL2,0.92,0.815217391,True,supported,0.4,conflicting,"The literature clearly supports a relationship between CXCL8 and CCL2, as both are well-characterized chemokines involved in inflammatory responses (PMIDs 28189389, 27863550, 26466066). However, the directional evidence is conflicting: INDRA reports equal counts of forward (25) and reverse (25) directional statements with similar causal relationship types in both directions. The PubMed abstracts describe both chemokines co-occurring in inflammatory contexts and being co-regulated (e.g., PMID 23075670 shows TNF-α stimulating production of both CXCL8 and CCL2; PMID 31271845 shows both KC and MCP-1 increased together), but do not establish that CXCL8 directly regulates CCL2 production rather than vice versa or co-regulation by upstream factors.","28189389, 27863550, 26466066, 31271845, 23075670",conflicting,25.0,25.0,25.0,"12356582, 16118510, 16142858, 16532324, 18791359, 19063994, 20627090, 21334428, 22000099, 22805873, 22883023, 23092829, 23352378, 24970800, 25264363, 25452755, 25905622, 25963887, 26270969, 26478735, 27168728, 27235855, 27496101, 27505625, 27907172, 28531215, 28928004, 29374213, 29479319, 29670468, 29694440, 29748248, 30228372, 31871502, 32949185, 32973773, 34135910, 34676126, 36432041, 36551901, 37170459, 38642584, 39057789, 39770782, 40040991, 40098558, 8674120, 9714185","11381071, 16142858, 16532324, 18791359, 19063994, 19735741, 20333310, 20627090, 21334428, 22000099, 22178803, 22805873, 22883023, 23352378, 23764888, 24918924, 25264363, 25706389, 25905622, 26270969, 26701795, 27168728, 27403039, 27496101, 27505625, 27907172, 28531215, 28928004, 29209219, 29374213, 29748248, 30228372, 30562564, 31508331, 31871502, 32949185, 32973773, 34135910, 34531754, 34676126, 35047989, 36108613, 36370518, 36634048, 36985171, 37170459, 37197881, 37296891, 38857290, 40040991, 8674120","11381071, 16118510, 18791359, 19063994, 19735741, 20333310, 20627090, 21334428, 22000099, 22178803, 22883023, 23092829, 23352378, 23764888, 24918924, 24970800, 25264363, 25452755, 25706389, 25905622, 25963887, 26478735, 26701795, 27235855, 27403039, 27496101, 27907172, 28928004, 29209219, 29374213, 29670468, 29694440, 29748248, 30228372, 30562564, 31508331, 32973773, 34135910, 34531754, 34676126, 35047989, 36108613, 36370518, 36432041, 36551901, 36634048, 36985171, 37170459, 37197881, 37296891, 38642584, 38857290, 39057789, 39770782, 40040991, 40098558, 9714185",(Interleukin-8 -- chemokine that recruits neutrophils.) AND (MCP-1 -- chemokine that recruits monocytes.)
CXCL9,CXCL10,1.0,1.0,True,supported,0.5,conflicting,"INDRA provides strong evidence that CXCL9 and CXCL10 are related (25 forward statements, 25 reverse statements, and numerous undirected statements including Complex formation). However, the directional evidence is conflicting: forward statements show 25 instances with mixed types (Complex: 20, Activation: 1, IncreaseAmount: 2, DecreaseAmount: 1, Inhibition: 1), while reverse statements also show 25 instances with similar mixed types (Complex: 21, Activation: 1, IncreaseAmount: 1, DecreaseAmount: 1, Inhibition: 1). The roughly equal counts and symmetric relationship types suggest these chemokines likely co-regulate each other or are co-expressed rather than having a clear unidirectional causal relationship.",,conflicting,25.0,25.0,25.0,"10322299, 11423172, 12782716, 15265940, 18533024, 19301198, 19794961, 20585034, 20627090, 21040721, 21049277, 21307292, 21326865, 21601294, 21864623, 21873527, 22155217, 22531000, 22633082, 22800603, 23150742, 23382730, 23626590, 23827991, 24440740, 24587470, 24740099, 24992040, 25134448, 25324719, 25723593, 25907241, 26196739, 26270565, 26437779, 26664893, 27412416, 27708643, 28821016, 29288898, 30473680, 30777092, 30915067, 31551984, 31843005, 32211244, 32547545, 33196963, 33323542, 33365073, 33481318, 34221297, 34676126, 34685582, 36799104, 36934327, 37869162, 38686377, 39956620, 9500790","10322299, 11423172, 12782716, 15265940, 18023390, 18533024, 18622291, 19794961, 20194716, 20585034, 20627090, 21040721, 21049277, 21167783, 21307292, 21326865, 21376175, 21864623, 21873527, 22155217, 22531000, 22800603, 23150742, 23352833, 23382730, 23626590, 23827991, 24587470, 24740099, 24992040, 25134448, 25324719, 25723593, 25907241, 26196739, 26270565, 26437779, 26664893, 27412416, 27708643, 28821016, 29288898, 29374213, 30473680, 30777092, 30915067, 31843005, 32211244, 32519302, 32547545, 33359600, 33365073, 33481318, 34676126, 34685582, 34896075, 36934327, 39956620, 9500790","10322299, 11423172, 12782716, 15265940, 18023390, 18533024, 18622291, 19301198, 19794961, 20194716, 20585034, 20627090, 21040721, 21049277, 21167783, 21307292, 21326865, 21376175, 21601294, 21873527, 22155217, 22531000, 22633082, 23150742, 23382730, 23626590, 23827991, 24440740, 24587470, 24740099, 24992040, 25134448, 25324719, 25723593, 25907241, 26196739, 26437779, 27412416, 27708643, 28821016, 29288898, 30473680, 30777092, 30915067, 31551984, 31843005, 32211244, 32519302, 32547545, 33196963, 33323542, 33359600, 33365073, 33481318, 34221297, 34676126, 34685582, 34896075, 36799104, 36934327, 37869162, 39956620","(MIG -- interferon-gamma-induced chemokine, recruits T cells.) AND (IP-10 -- interferon-induced chemokine, recruits T cells.)"
GDF15,TNFRSF1A,0.91,1.0,True,supported,0.4,no_directional_evidence,"INDRA reports 2 statements in each direction (forward and reverse), both indicating Complex formation, which are non-directional interaction types. The equal counts in both directions and the non-causal nature of ""Complex"" relationships provide evidence that GDF15 and TNFRSF1A physically interact, but offer no support for directional causality in either the proposed or reverse direction. No PubMed abstracts were retrieved to provide additional context.",,conflicting,2.0,2.0,2.0,"36508390, 37997735","36508390, 37997735","36508390, 37997735","(Growth Differentiation Factor 15 -- stress-response cytokine, marker of aging/mitochondrial stress.) AND (TNF Receptor 1 (TNF-R1) -- receptor mediating TNF signaling.)"
TNFRSF1A,TNFRSF1B,0.99,0.919191919,True,supported,0.75,conflicting,"The literature strongly supports a relationship between TNFRSF1A (TNF-R1) and TNFRSF1B (TNF-R2), with PubMed abstracts consistently describing these receptors as interacting partners in TNF signaling, including formation of signaling complexes (e.g., both recruit TRAF2) and cross-talk mechanisms. However, the INDRA data shows equal counts of forward and reverse directional statements (25 each, with similar type distributions including Activation, Inhibition, and Amount changes), indicating bidirectional regulatory relationships rather than a clear unidirectional influence from TNFRSF1A to TNFRSF1B. The PubMed abstracts describe mutual regulation and interaction but don't establish a clear hierarchical direction.","26993379, 18825372, 20704259, 20194223, 19446337",conflicting,25.0,25.0,25.0,"10685004, 11164894, 12700600, 17010968, 18457972, 18544042, 19671449, 19788501, 19956564, 20646763, 22177419, 22507528, 22568977, 23029405, 23402793, 24508087, 24520376, 24703938, 25860248, 26005049, 26177311, 26578976, 26757107, 26909869, 27428882, 27458112, 27513655, 27517315, 27652081, 27747245, 29685497, 29740434, 30206205, 30354202, 30703869, 30731109, 31810488, 31885495, 31973181, 32020859, 32234829, 33603056, 33678123, 33824270, 33868599, 37841418, 39637913, 9069264","10685004, 11164894, 11239407, 12700600, 16631207, 17010968, 18457972, 19671449, 19956564, 20395596, 20463877, 20646763, 20673807, 21152396, 22177419, 22507528, 22568977, 23029405, 23840967, 23869211, 24508087, 25860248, 26005049, 26177311, 26578976, 26757107, 27428882, 27458112, 27517315, 27652081, 27895617, 28217129, 29685497, 29740434, 30354202, 31885495, 31973181, 32020859, 32234829, 33569512, 33603056, 33678123, 33824270, 33868599, 35979166, 36923938, 37841418, 38428465, 9069264","11164894, 11239407, 16631207, 18457972, 18544042, 19671449, 19788501, 19956564, 20395596, 20463877, 20646763, 20673807, 21152396, 22177419, 22507528, 22568977, 23029405, 23402793, 23840967, 23869211, 24508087, 24520376, 24703938, 25860248, 26005049, 26177311, 26578976, 26757107, 26909869, 27428882, 27458112, 27513655, 27517315, 27652081, 27747245, 27895617, 28217129, 29685497, 29740434, 30206205, 30731109, 31810488, 31885495, 31973181, 32020859, 32234829, 33569512, 33603056, 33678123, 33824270, 33868599, 35979166, 36923938, 37841418, 38428465, 39637913, 9069264",(TNF Receptor 1 (TNF-R1) -- receptor mediating TNF signaling.) AND (TNF Receptor 2 (TNF-R2) -- receptor mediating TNF signaling.)
TNFRSF1A,IGFBP7,0.93,0.978494624,True,inconclusive,,,No PubMed search results and no INDRA statements for this pair.,,none,0.0,0.0,0.0,,,,(TNF Receptor 1 (TNF-R1) -- receptor mediating TNF signaling.) AND (Insulin-like Growth Factor Binding Protein 7 -- senescence/growth-regulatory protein.)
TNFRSF1A,HAVCR2,0.99,0.909090909,True,supported,0.75,supports_proposed_direction,"INDRA provides strong directional evidence with 2 forward statements (Activation and DecreaseAmount) from TNFRSF1A to HAVCR2 and 0 reverse statements, clearly supporting the proposed direction. The lack of PubMed abstracts limits additional context, but the INDRA causal statement graph alone provides substantial mechanistic evidence for this directional relationship.",,forward,2.0,0.0,2.0,"29273790, 35743911, 39543125",,"29273790, 35743911, 39543125","(TNF Receptor 1 (TNF-R1) -- receptor mediating TNF signaling.) AND (TIM-3 -- immune checkpoint receptor, marks exhausted T/NK cells.)"
GZMA,LAG3,1.0,1.0,True,supported,0.4,conflicting,"INDRA provides evidence for a relationship between GZMA and LAG3 through complex formation and regulatory interactions. However, the directional evidence is conflicting: 1 forward statement (Complex) vs 2 reverse statements (DecreaseAmount, Complex). The reverse direction shows LAG3 decreasing GZMA levels, which is a stronger directional signal than complex formation alone. Without PubMed abstracts to provide additional context, the evidence supports a relationship exists but does not favor the proposed GZMA->LAG3 direction.",,conflicting,1.0,2.0,2.0,30059832,"30059832, 35821635","30059832, 35821635","(Granzyme A -- cytotoxic enzyme released by NK/T cells.) AND (LAG-3 -- immune checkpoint receptor, dampens T cell activity.)"
GZMB,GZMA,0.92,0.793478261,True,supported,0.35,conflicting,"The literature strongly supports a relationship between GZMB and GZMA, as both are cytotoxic enzymes co-expressed by NK/T cells (evident from PubMed abstracts) and INDRA reports 11 undirected relationships. However, the directional evidence is conflicting: INDRA shows 9 forward statements (GZMB->GZMA) versus 8 reverse statements (GZMA->GZMB), with similar statement types in both directions (Complex, Activation, Inhibition). The PubMed abstracts discuss co-regulation but do not provide explicit directional mechanistic evidence favoring one granzyme regulating the other.","24894428, 42196181",conflicting,9.0,8.0,11.0,"10367905, 15998831, 17182966, 18485875, 24771851, 25156367, 26894590, 28167943, 28694562, 29352005, 29800567, 30059832, 31258764, 34594031, 36901959, 38665903, 39622583","11790262, 15998831, 17088087, 17182966, 24752302, 24771851, 26894590, 28694562, 29352005, 29800567, 30059832, 31258764, 33035645, 36901959, 40200299","10367905, 11790262, 15998831, 17088087, 17182966, 18485875, 24752302, 24771851, 25156367, 26894590, 28167943, 28694562, 29352005, 29800567, 30059832, 31258764, 33035645, 34594031, 36901959, 38665903, 39622583, 40200299",(Granzyme B -- cytotoxic enzyme released by NK/T cells.) AND (Granzyme A -- cytotoxic enzyme released by NK/T cells.)
GZMB,CCL4,0.9,0.955555556,True,supported,0.4,conflicting,"INDRA provides evidence for a relationship between GZMB and CCL4 with 5 undirected statements confirming their interaction. However, the directional evidence is conflicting: 4 forward statements (GZMB->CCL4) including 1 Activation and 1 IncreaseAmount versus 3 reverse statements (CCL4->GZMB) including 1 Activation. The slight numerical advantage for the forward direction (4 vs 3) and presence of mechanistically stronger statement types (IncreaseAmount) provides weak support for the proposed direction, but the bidirectional activation evidence suggests potential reciprocal regulation or context-dependent directionality.",,conflicting,4.0,3.0,5.0,"30563459, 34025649, 34258887, 36185677","34025649, 34312385, 36185677","30563459, 34025649, 34258887, 34312385, 36185677","(Granzyme B -- cytotoxic enzyme released by NK/T cells.) AND (MIP-1beta -- chemokine, recruits immune cells.)"
CXCL10,CXCL11,0.98,0.989795918,True,supported,0.7,conflicting,"The INDRA database provides strong evidence for a relationship between CXCL10 and CXCL11 with 25 forward statements and 25 reverse statements, predominantly showing complex formation (a symmetric relationship). The nearly equal counts of forward (25) and reverse (25) directional statements, combined with the predominance of Complex statements (which are inherently bidirectional), indicates that while these chemokines clearly interact, the evidence does not favor one causal direction over the other.",,conflicting,25.0,25.0,25.0,"11423172, 12782716, 18533024, 21196205, 21307292, 21326865, 21864623, 22233170, 22343319, 22531000, 23483225, 23626590, 24205388, 24940911, 24992040, 25324719, 25498524, 25907241, 26129991, 26216123, 26270565, 26489007, 26663990, 27412416, 27917296, 28575534, 28821016, 29218043, 29288898, 30473680, 30777092, 31780824, 31843005, 32211244, 32547545, 33481318, 34685582, 34896075, 35349874, 38698849","11423172, 12782716, 12787142, 18060089, 18533024, 21196205, 21307292, 21326865, 21864623, 22004287, 22233170, 22343319, 22531000, 23483225, 23626590, 24205388, 24940911, 24992040, 25324719, 25498524, 25907241, 26129991, 26216123, 26270565, 26344576, 26489007, 26663990, 27412416, 27917296, 28821016, 29218043, 29288898, 30473680, 30777092, 31780824, 31843005, 32211244, 32547545, 33481318, 34685582, 35087741, 35349874, 38686450","11423172, 12782716, 12787142, 18060089, 18533024, 21307292, 21326865, 21864623, 22004287, 22233170, 22343319, 22531000, 23483225, 23626590, 24205388, 24940911, 24992040, 25324719, 25498524, 25907241, 26216123, 26270565, 26344576, 26489007, 26663990, 27412416, 27917296, 28821016, 29218043, 29288898, 30473680, 30777092, 31780824, 31843005, 32211244, 32547545, 33481318, 34685582, 34896075, 35087741, 35349874, 38686450, 38698849","(IP-10 -- interferon-induced chemokine, recruits T cells.) AND (I-TAC -- interferon-induced chemokine, recruits T cells.)"
TNFRSF1B,HAVCR2,1.0,0.94,True,supported,0.65,supports_proposed_direction,"The INDRA database provides evidence for the proposed direction with 1 forward statement (TNFRSF1B activates HAVCR2) and 0 reverse statements. While the evidence is limited to a single source, the directional signal clearly favors the proposed ""TNFRSF1B"" -> ""HAVCR2"" direction. No PubMed abstracts were retrieved to provide additional context or validation.",,forward,1.0,0.0,1.0,39543125,,39543125,"(TNF Receptor 2 (TNF-R2) -- receptor mediating TNF signaling.) AND (TIM-3 -- immune checkpoint receptor, marks exhausted T/NK cells.)"
VEGFA,IL7,1.0,0.97,True,inconclusive,,,No PubMed search results and no INDRA statements for this pair.,,none,0.0,0.0,0.0,,,,(Vascular Endothelial Growth Factor A -- drives blood vessel formation (angiogenesis).) AND (Interleukin-7 -- cytokine required for lymphocyte development/survival.)
IL1RN,chem_alkaline_phosphatase,1.0,0.85,True,inconclusive,,,No PubMed search results and no INDRA statements for this pair.,,none,0.0,0.0,0.0,,,,(Interleukin-1 Receptor Antagonist -- dampens IL-1 inflammatory signaling.) AND (Alkaline phosphatase -- liver/bone enzyme.)
IL1RN,infl_esr,0.91,0.956043956,True,inconclusive,,,No PubMed search results and no INDRA statements for this pair.,,none,0.0,0.0,0.0,,,,(Interleukin-1 Receptor Antagonist -- dampens IL-1 inflammatory signaling.) AND (Erythrocyte sedimentation rate -- nonspecific marker of inflammation.)
IL1RN,IL18,0.93,0.76344086,True,inconclusive,,,No PubMed search results and no INDRA statements for this pair.,,none,0.0,0.0,0.0,,,,"(Interleukin-1 Receptor Antagonist -- dampens IL-1 inflammatory signaling.) AND (Interleukin-18 -- pro-inflammatory cytokine, activates NK/T cells.)"
IL1RN,LEP,0.97,0.783505155,True,inconclusive,,,No PubMed search results and no INDRA statements for this pair.,,none,0.0,0.0,0.0,,,,(Interleukin-1 Receptor Antagonist -- dampens IL-1 inflammatory signaling.) AND (Leptin -- hormone from fat tissue that regulates appetite/energy balance.)
PDCD1,l3_gzmb_cd27_em_cd4_t_cell_alt_alr,0.95,1.0,True,inconclusive,,,No PubMed search results and no INDRA statements for this pair.,,none,0.0,0.0,0.0,,,,"(PD-1 -- immune checkpoint receptor on T cells, dampens T cell activity.) AND (Additive-log-ratio (alr) transformed relative abundance of Granzyme B+ CD27+ effector memory CD4 T cell among PBMCs.)"
l3_asdc,wb_allograft_rejection,0.91,0.967032967,True,inconclusive,,,No PubMed search results and no INDRA statements for this pair.,,none,0.0,0.0,0.0,,,,"(Relative abundance / frequency (untransformed) of AXL+/SIGLEC6+ dendritic cell (ASDC) among PBMCs.) AND (Gene-set activity score, in whole blood, for genes involved in immune rejection of transplanted tissue.)"
l3_erythrocyte,l1_erythrocyte_alr,1.0,1.0,True,inconclusive,,,No PubMed search results and no INDRA statements for this pair.,,none,0.0,0.0,0.0,,,,(Relative abundance / frequency (untransformed) of erythrocyte (red blood cell) among PBMCs.) AND (Additive-log-ratio (alr) transformed relative abundance of erythrocyte (red blood cell) among PBMCs.)
l3_ilc,l1_ilc_alr,1.0,1.0,True,inconclusive,,,No PubMed search results and no INDRA statements for this pair.,,none,0.0,0.0,0.0,,,,(Relative abundance / frequency (untransformed) of innate lymphoid cell (ILC) among PBMCs.) AND (Additive-log-ratio (alr) transformed relative abundance of innate lymphoid cell (ILC) among PBMCs.)
l3_pdc,l1_dc_alr,1.0,0.65,True,inconclusive,,,No PubMed search results and no INDRA statements for this pair.,,none,0.0,0.0,0.0,,,,(Relative abundance / frequency (untransformed) of plasmacytoid dendritic cell among PBMCs.) AND (Additive-log-ratio (alr) transformed relative abundance of dendritic cell among PBMCs.)
l3_platelet,l1_platelet_alr,1.0,1.0,True,inconclusive,,,No PubMed search results and no INDRA statements for this pair.,,none,0.0,0.0,0.0,,,,(Relative abundance / frequency (untransformed) of platelet among PBMCs.) AND (Additive-log-ratio (alr) transformed relative abundance of platelet among PBMCs.)
l3_transitional_b_cell,l1_b_cell_alr,1.0,1.0,True,inconclusive,,,No PubMed search results and no INDRA statements for this pair.,,none,0.0,0.0,0.0,,,,(Relative abundance / frequency (untransformed) of transitional B cell among PBMCs.) AND (Additive-log-ratio (alr) transformed relative abundance of B cell among PBMCs.)
pb_cd14_cdc2_ifn_alpha,pb_cd14_cdc2_ifn_gamma,1.0,1.0,True,inconclusive,,,No PubMed search results and no INDRA statements for this pair.,,none,0.0,0.0,0.0,,,,(Pathway activity score for interferon alpha response within CD14 conventional dendritic cell 2 (cDC2) (peripheral blood).) AND (Pathway activity score for interferon gamma response within CD14 conventional dendritic cell 2 (cDC2) (peripheral blood).)
pb_cd14_cdc2_ifn_alpha,pb_core_cd14_monocyte_ifn_alpha,0.99,0.686868687,True,inconclusive,,,No PubMed search results and no INDRA statements for this pair.,,none,0.0,0.0,0.0,,,,(Pathway activity score for interferon alpha response within CD14 conventional dendritic cell 2 (cDC2) (peripheral blood).) AND (Pathway activity score for interferon alpha response within CD14 monocyte (peripheral blood).)
pb_cd14_cdc2_il2_stat5,pb_cd14_cdc2_inflammatory,0.99,0.565656566,True,inconclusive,,,No PubMed search results and no INDRA statements for this pair.,,none,0.0,0.0,0.0,,,,(Pathway activity score for IL-2/STAT5 signaling within CD14 conventional dendritic cell 2 (cDC2) (peripheral blood).) AND (Pathway activity score for inflammatory response within CD14 conventional dendritic cell 2 (cDC2) (peripheral blood).)
pb_cd14_cdc2_tnfa_nfkb,pb_cd14_cdc2_inflammatory,0.99,0.797979798,True,inconclusive,,,No PubMed search results and no INDRA statements for this pair.,,none,0.0,0.0,0.0,,,,(Pathway activity score for TNF-alpha/NF-kB signaling within CD14 conventional dendritic cell 2 (cDC2) (peripheral blood).) AND (Pathway activity score for inflammatory response within CD14 conventional dendritic cell 2 (cDC2) (peripheral blood).)
pb_cd14_cdc2_tnfa_nfkb,pb_hla_drhi_cdc2_tnfa_nfkb,1.0,0.77,True,inconclusive,,,No PubMed search results and no INDRA statements for this pair.,,none,0.0,0.0,0.0,,,,(Pathway activity score for TNF-alpha/NF-kB signaling within CD14 conventional dendritic cell 2 (cDC2) (peripheral blood).) AND (Pathway activity score for TNF-alpha/NF-kB signaling within HLA-DR-high conventional dendritic cell 2 (cDC2) (peripheral blood).)
pb_cd14_cdc2_tnfa_nfkb,l2_intermediate_monocyte_alr,0.98,1.0,True,inconclusive,,,No PubMed search results and no INDRA statements for this pair.,,none,0.0,0.0,0.0,,,,(Pathway activity score for TNF-alpha/NF-kB signaling within CD14 conventional dendritic cell 2 (cDC2) (peripheral blood).) AND (Additive-log-ratio (alr) transformed relative abundance of intermediate monocyte among PBMCs.)
pb_cd56bright_nk_cell_ifn_alpha,pb_cd56bright_nk_cell_ifn_gamma,1.0,1.0,True,inconclusive,,,No PubMed search results and no INDRA statements for this pair.,,none,0.0,0.0,0.0,,,,(Pathway activity score for interferon alpha response within CD56bright NK cell (peripheral blood).) AND (Pathway activity score for interferon gamma response within CD56bright NK cell (peripheral blood).)
pb_cd56bright_nk_cell_tnfa_nfkb,pb_pdc_tnfa_nfkb,0.88,0.988636364,True,inconclusive,,,No PubMed search results and no INDRA statements for this pair.,,none,0.0,0.0,0.0,,,,(Pathway activity score for TNF-alpha/NF-kB signaling within CD56bright NK cell (peripheral blood).) AND (Pathway activity score for TNF-alpha/NF-kB signaling within plasmacytoid dendritic cell (peripheral blood).)
pb_cd8_mait_ifn_alpha,pb_cd8_mait_ifn_gamma,1.0,1.0,True,inconclusive,,,No PubMed search results and no INDRA statements for this pair.,,none,0.0,0.0,0.0,,,,(Pathway activity score for interferon alpha response within CD8 MAIT cell (peripheral blood).) AND (Pathway activity score for interferon gamma response within CD8 MAIT cell (peripheral blood).)
pb_cd8_mait_ifn_alpha,pb_gzmk_vd2_gdt_ifn_alpha,0.88,0.943181818,True,inconclusive,,,No PubMed search results and no INDRA statements for this pair.,,none,0.0,0.0,0.0,,,,(Pathway activity score for interferon alpha response within CD8 MAIT cell (peripheral blood).) AND (Pathway activity score for interferon alpha response within Granzyme K+ Vδ2 gamma-delta T cell (peripheral blood).)
pb_cd8_mait_ifn_gamma,pb_cd8_mait_inflammatory,0.98,1.0,True,inconclusive,,,No PubMed search results and no INDRA statements for this pair.,,none,0.0,0.0,0.0,,,,(Pathway activity score for interferon gamma response within CD8 MAIT cell (peripheral blood).) AND (Pathway activity score for inflammatory response within CD8 MAIT cell (peripheral blood).)
pb_cd8_mait_inflammatory,pb_cd8_mait_il6_jak_stat3,0.98,0.948979592,True,inconclusive,,,No PubMed search results and no INDRA statements for this pair.,,none,0.0,0.0,0.0,,,,(Pathway activity score for inflammatory response within CD8 MAIT cell (peripheral blood).) AND (Pathway activity score for IL-6/JAK/STAT3 signaling within CD8 MAIT cell (peripheral blood).)
pb_cd8_mait_tnfa_nfkb,pb_gzmk_cd56dim_nk_cell_tnfa_nfkb,1.0,0.92,True,inconclusive,,,No PubMed search results and no INDRA statements for this pair.,,none,0.0,0.0,0.0,,,,(Pathway activity score for TNF-alpha/NF-kB signaling within CD8 MAIT cell (peripheral blood).) AND (Pathway activity score for TNF-alpha/NF-kB signaling within Granzyme K+ CD56dim NK cell (peripheral blood).)
pb_cd8_mait_tnfa_nfkb,pb_gzmk_vd2_gdt_tnfa_nfkb,0.98,0.551020408,True,inconclusive,,,No PubMed search results and no INDRA statements for this pair.,,none,0.0,0.0,0.0,,,,(Pathway activity score for TNF-alpha/NF-kB signaling within CD8 MAIT cell (peripheral blood).) AND (Pathway activity score for TNF-alpha/NF-kB signaling within Granzyme K+ Vδ2 gamma-delta T cell (peripheral blood).)
pb_cm_cd4_t_cell_ifn_alpha,pb_cd8_mait_ifn_alpha,0.95,0.894736842,True,inconclusive,,,No PubMed search results and no INDRA statements for this pair.,,none,0.0,0.0,0.0,,,,(Pathway activity score for interferon alpha response within central memory CD4 T cell (peripheral blood).) AND (Pathway activity score for interferon alpha response within CD8 MAIT cell (peripheral blood).)
pb_cm_cd4_t_cell_ifn_alpha,pb_cm_cd4_t_cell_ifn_gamma,1.0,1.0,True,inconclusive,,,No PubMed search results and no INDRA statements for this pair.,,none,0.0,0.0,0.0,,,,(Pathway activity score for interferon alpha response within central memory CD4 T cell (peripheral blood).) AND (Pathway activity score for interferon gamma response within central memory CD4 T cell (peripheral blood).)
pb_cm_cd4_t_cell_ifn_alpha,pb_gzmb_cd27_em_cd4_t_cell_ifn_alpha,1.0,1.0,True,inconclusive,,,No PubMed search results and no INDRA statements for this pair.,,none,0.0,0.0,0.0,,,,(Pathway activity score for interferon alpha response within central memory CD4 T cell (peripheral blood).) AND (Pathway activity score for interferon alpha response within Granzyme B+ CD27+ effector memory CD4 T cell (peripheral blood).)
pb_cm_cd4_t_cell_ifn_gamma,pb_gzmb_cd27_em_cd4_t_cell_ifn_gamma,0.97,0.969072165,True,inconclusive,,,No PubMed search results and no INDRA statements for this pair.,,none,0.0,0.0,0.0,,,,(Pathway activity score for interferon gamma response within central memory CD4 T cell (peripheral blood).) AND (Pathway activity score for interferon gamma response within Granzyme B+ CD27+ effector memory CD4 T cell (peripheral blood).)
pb_cm_cd4_t_cell_il2_stat5,pb_cm_cd4_t_cell_tnfa_nfkb,0.99,0.828282828,True,inconclusive,,,No PubMed search results and no INDRA statements for this pair.,,none,0.0,0.0,0.0,,,,(Pathway activity score for IL-2/STAT5 signaling within central memory CD4 T cell (peripheral blood).) AND (Pathway activity score for TNF-alpha/NF-kB signaling within central memory CD4 T cell (peripheral blood).)
pb_cm_cd4_t_cell_il2_stat5,pb_cm_cd8_t_cell_il2_stat5,1.0,1.0,True,inconclusive,,,No PubMed search results and no INDRA statements for this pair.,,none,0.0,0.0,0.0,,,,(Pathway activity score for IL-2/STAT5 signaling within central memory CD4 T cell (peripheral blood).) AND (Pathway activity score for IL-2/STAT5 signaling within central memory CD8 T cell (peripheral blood).)
pb_cm_cd4_t_cell_il2_stat5,pb_core_naive_cd4_t_cell_il2_stat5,0.99,0.898989899,True,inconclusive,,,No PubMed search results and no INDRA statements for this pair.,,none,0.0,0.0,0.0,,,,(Pathway activity score for IL-2/STAT5 signaling within central memory CD4 T cell (peripheral blood).) AND (Pathway activity score for IL-2/STAT5 signaling within naive CD4 T cell (peripheral blood).)
pb_cm_cd4_t_cell_il2_stat5,pb_gzmb_cd27_em_cd4_t_cell_il2_stat5,1.0,1.0,True,inconclusive,,,No PubMed search results and no INDRA statements for this pair.,,none,0.0,0.0,0.0,,,,(Pathway activity score for IL-2/STAT5 signaling within central memory CD4 T cell (peripheral blood).) AND (Pathway activity score for IL-2/STAT5 signaling within Granzyme B+ CD27+ effector memory CD4 T cell (peripheral blood).)
pb_cm_cd4_t_cell_il2_stat5,pb_memory_cd4_treg_il2_stat5,0.95,1.0,True,inconclusive,,,No PubMed search results and no INDRA statements for this pair.,,none,0.0,0.0,0.0,,,,(Pathway activity score for IL-2/STAT5 signaling within central memory CD4 T cell (peripheral blood).) AND (Pathway activity score for IL-2/STAT5 signaling within memory CD4 regulatory T cell (Treg) (peripheral blood).)
pb_cm_cd4_t_cell_il6_jak_stat3,pb_cm_cd4_t_cell_ifn_gamma,0.93,0.892473118,True,inconclusive,,,No PubMed search results and no INDRA statements for this pair.,,none,0.0,0.0,0.0,,,,(Pathway activity score for IL-6/JAK/STAT3 signaling within central memory CD4 T cell (peripheral blood).) AND (Pathway activity score for interferon gamma response within central memory CD4 T cell (peripheral blood).)
pb_cm_cd4_t_cell_il6_jak_stat3,pb_core_naive_b_cell_il6_jak_stat3,0.99,0.818181818,True,inconclusive,,,No PubMed search results and no INDRA statements for this pair.,,none,0.0,0.0,0.0,,,,(Pathway activity score for IL-6/JAK/STAT3 signaling within central memory CD4 T cell (peripheral blood).) AND (Pathway activity score for IL-6/JAK/STAT3 signaling within naive B cell (peripheral blood).)
pb_cm_cd4_t_cell_inflammatory,pb_cd56bright_nk_cell_inflammatory,1.0,1.0,True,inconclusive,,,No PubMed search results and no INDRA statements for this pair.,,none,0.0,0.0,0.0,,,,(Pathway activity score for inflammatory response within central memory CD4 T cell (peripheral blood).) AND (Pathway activity score for inflammatory response within CD56bright NK cell (peripheral blood).)
pb_cm_cd4_t_cell_inflammatory,pb_cm_cd4_t_cell_il6_jak_stat3,0.99,0.575757576,True,inconclusive,,,No PubMed search results and no INDRA statements for this pair.,,none,0.0,0.0,0.0,,,,(Pathway activity score for inflammatory response within central memory CD4 T cell (peripheral blood).) AND (Pathway activity score for IL-6/JAK/STAT3 signaling within central memory CD4 T cell (peripheral blood).)
pb_cm_cd4_t_cell_inflammatory,pb_memory_cd4_treg_inflammatory,0.95,0.978947368,True,inconclusive,,,No PubMed search results and no INDRA statements for this pair.,,none,0.0,0.0,0.0,,,,(Pathway activity score for inflammatory response within central memory CD4 T cell (peripheral blood).) AND (Pathway activity score for inflammatory response within memory CD4 regulatory T cell (Treg) (peripheral blood).)
pb_cm_cd4_t_cell_tnfa_nfkb,pb_gzmb_cd27_em_cd4_t_cell_tnfa_nfkb,1.0,1.0,True,inconclusive,,,No PubMed search results and no INDRA statements for this pair.,,none,0.0,0.0,0.0,,,,(Pathway activity score for TNF-alpha/NF-kB signaling within central memory CD4 T cell (peripheral blood).) AND (Pathway activity score for TNF-alpha/NF-kB signaling within Granzyme B+ CD27+ effector memory CD4 T cell (peripheral blood).)
pb_cm_cd8_t_cell_ifn_alpha,pb_cm_cd8_t_cell_ifn_gamma,1.0,1.0,True,inconclusive,,,No PubMed search results and no INDRA statements for this pair.,,none,0.0,0.0,0.0,,,,(Pathway activity score for interferon alpha response within central memory CD8 T cell (peripheral blood).) AND (Pathway activity score for interferon gamma response within central memory CD8 T cell (peripheral blood).)
pb_cm_cd8_t_cell_il2_stat5,pb_cm_cd8_t_cell_inflammatory,0.9,0.955555556,True,inconclusive,,,No PubMed search results and no INDRA statements for this pair.,,none,0.0,0.0,0.0,,,,(Pathway activity score for IL-2/STAT5 signaling within central memory CD8 T cell (peripheral blood).) AND (Pathway activity score for inflammatory response within central memory CD8 T cell (peripheral blood).)
pb_cm_cd8_t_cell_il2_stat5,pb_cm_cd8_t_cell_tnfa_nfkb,0.99,0.818181818,True,inconclusive,,,No PubMed search results and no INDRA statements for this pair.,,none,0.0,0.0,0.0,,,,(Pathway activity score for IL-2/STAT5 signaling within central memory CD8 T cell (peripheral blood).) AND (Pathway activity score for TNF-alpha/NF-kB signaling within central memory CD8 T cell (peripheral blood).)
pb_cm_cd8_t_cell_il6_jak_stat3,pb_gzmk_vd2_gdt_ifn_gamma,0.96,1.0,True,inconclusive,,,No PubMed search results and no INDRA statements for this pair.,,none,0.0,0.0,0.0,,,,(Pathway activity score for IL-6/JAK/STAT3 signaling within central memory CD8 T cell (peripheral blood).) AND (Pathway activity score for interferon gamma response within Granzyme K+ Vδ2 gamma-delta T cell (peripheral blood).)
pb_cm_cd8_t_cell_tnfa_nfkb,pb_gzmk_vd2_gdt_tnfa_nfkb,1.0,0.59,True,inconclusive,,,No PubMed search results and no INDRA statements for this pair.,,none,0.0,0.0,0.0,,,,(Pathway activity score for TNF-alpha/NF-kB signaling within central memory CD8 T cell (peripheral blood).) AND (Pathway activity score for TNF-alpha/NF-kB signaling within Granzyme K+ Vδ2 gamma-delta T cell (peripheral blood).)
pb_core_cd14_monocyte_ifn_alpha,pb_core_cd14_monocyte_ifn_gamma,1.0,1.0,True,inconclusive,,,No PubMed search results and no INDRA statements for this pair.,,none,0.0,0.0,0.0,,,,(Pathway activity score for interferon alpha response within CD14 monocyte (peripheral blood).) AND (Pathway activity score for interferon gamma response within CD14 monocyte (peripheral blood).)
pb_core_cd14_monocyte_ifn_gamma,pb_isg_cd14_monocyte_ifn_alpha,1.0,1.0,True,inconclusive,,,No PubMed search results and no INDRA statements for this pair.,,none,0.0,0.0,0.0,,,,(Pathway activity score for interferon gamma response within CD14 monocyte (peripheral blood).) AND (Pathway activity score for interferon alpha response within ISG-high (interferon-stimulated-gene-high) CD14 monocyte (peripheral blood).)
pb_core_cd14_monocyte_il2_stat5,pb_core_cd14_monocyte_inflammatory,0.91,0.824175824,True,inconclusive,,,No PubMed search results and no INDRA statements for this pair.,,none,0.0,0.0,0.0,,,,(Pathway activity score for IL-2/STAT5 signaling within CD14 monocyte (peripheral blood).) AND (Pathway activity score for inflammatory response within CD14 monocyte (peripheral blood).)
pb_core_cd14_monocyte_il2_stat5,pb_intermediate_monocyte_il2_stat5,1.0,1.0,True,inconclusive,,,No PubMed search results and no INDRA statements for this pair.,,none,0.0,0.0,0.0,,,,(Pathway activity score for IL-2/STAT5 signaling within CD14 monocyte (peripheral blood).) AND (Pathway activity score for IL-2/STAT5 signaling within intermediate monocyte (peripheral blood).)
pb_core_cd14_monocyte_il2_stat5,pb_isg_cd14_monocyte_il2_stat5,1.0,1.0,True,inconclusive,,,No PubMed search results and no INDRA statements for this pair.,,none,0.0,0.0,0.0,,,,(Pathway activity score for IL-2/STAT5 signaling within CD14 monocyte (peripheral blood).) AND (Pathway activity score for IL-2/STAT5 signaling within ISG-high (interferon-stimulated-gene-high) CD14 monocyte (peripheral blood).)
pb_core_cd14_monocyte_il6_jak_stat3,pb_isg_cd14_monocyte_il6_jak_stat3,1.0,1.0,True,inconclusive,,,No PubMed search results and no INDRA statements for this pair.,,none,0.0,0.0,0.0,,,,(Pathway activity score for IL-6/JAK/STAT3 signaling within CD14 monocyte (peripheral blood).) AND (Pathway activity score for IL-6/JAK/STAT3 signaling within ISG-high (interferon-stimulated-gene-high) CD14 monocyte (peripheral blood).)
pb_core_cd14_monocyte_inflammatory,pb_core_cd14_monocyte_il6_jak_stat3,0.93,0.569892473,True,inconclusive,,,No PubMed search results and no INDRA statements for this pair.,,none,0.0,0.0,0.0,,,,(Pathway activity score for inflammatory response within CD14 monocyte (peripheral blood).) AND (Pathway activity score for IL-6/JAK/STAT3 signaling within CD14 monocyte (peripheral blood).)
pb_core_cd14_monocyte_inflammatory,pb_core_cd14_monocyte_tnfa_nfkb,0.99,0.646464646,True,inconclusive,,,No PubMed search results and no INDRA statements for this pair.,,none,0.0,0.0,0.0,,,,(Pathway activity score for inflammatory response within CD14 monocyte (peripheral blood).) AND (Pathway activity score for TNF-alpha/NF-kB signaling within CD14 monocyte (peripheral blood).)
pb_core_cd14_monocyte_inflammatory,pb_intermediate_monocyte_inflammatory,0.91,1.0,True,supported,0.65,supports_proposed_direction,"PMID 31169830 describes that in RA patients, RA serum promotes differentiation of CD14+CD16- (classical/core CD14 monocytes) to CD14++CD16+ (intermediate monocytes), and that these intermediate monocytes display inflammatory molecular signatures associated with endothelial dysfunction and atherosclerosis. This supports the proposed direction where inflammatory pathway activity in core CD14 monocytes leads to inflammatory pathway activity in intermediate monocytes, consistent with a differentiation process. However, INDRA provides no directional statements, limiting confidence.",31169830,none,0.0,0.0,0.0,,,,(Pathway activity score for inflammatory response within CD14 monocyte (peripheral blood).) AND (Pathway activity score for inflammatory response within intermediate monocyte (peripheral blood).)
pb_core_cd14_monocyte_inflammatory,pb_isg_cd14_monocyte_inflammatory,1.0,1.0,True,inconclusive,,,No PubMed search results and no INDRA statements for this pair.,,none,0.0,0.0,0.0,,,,(Pathway activity score for inflammatory response within CD14 monocyte (peripheral blood).) AND (Pathway activity score for inflammatory response within ISG-high (interferon-stimulated-gene-high) CD14 monocyte (peripheral blood).)
pb_core_cd14_monocyte_tnfa_nfkb,pb_intermediate_monocyte_tnfa_nfkb,1.0,0.99,True,inconclusive,,,No PubMed search results and no INDRA statements for this pair.,,none,0.0,0.0,0.0,,,,(Pathway activity score for TNF-alpha/NF-kB signaling within CD14 monocyte (peripheral blood).) AND (Pathway activity score for TNF-alpha/NF-kB signaling within intermediate monocyte (peripheral blood).)
pb_core_cd14_monocyte_tnfa_nfkb,pb_isg_cd14_monocyte_tnfa_nfkb,1.0,1.0,True,inconclusive,,,No PubMed search results and no INDRA statements for this pair.,,none,0.0,0.0,0.0,,,,(Pathway activity score for TNF-alpha/NF-kB signaling within CD14 monocyte (peripheral blood).) AND (Pathway activity score for TNF-alpha/NF-kB signaling within ISG-high (interferon-stimulated-gene-high) CD14 monocyte (peripheral blood).)
pb_core_cd16_monocyte_ifn_alpha,pb_core_cd16_monocyte_ifn_gamma,1.0,1.0,True,inconclusive,,,No PubMed search results and no INDRA statements for this pair.,,none,0.0,0.0,0.0,,,,(Pathway activity score for interferon alpha response within CD16 monocyte (peripheral blood).) AND (Pathway activity score for interferon gamma response within CD16 monocyte (peripheral blood).)
pb_core_cd16_monocyte_ifn_gamma,pb_core_cd16_monocyte_inflammatory,0.99,0.737373737,True,inconclusive,,,No PubMed search results and no INDRA statements for this pair.,,none,0.0,0.0,0.0,,,,(Pathway activity score for interferon gamma response within CD16 monocyte (peripheral blood).) AND (Pathway activity score for inflammatory response within CD16 monocyte (peripheral blood).)
pb_core_cd16_monocyte_tnfa_nfkb,pb_core_cd16_monocyte_inflammatory,1.0,0.95,True,inconclusive,,,No PubMed search results and no INDRA statements for this pair.,,none,0.0,0.0,0.0,,,,(Pathway activity score for TNF-alpha/NF-kB signaling within CD16 monocyte (peripheral blood).) AND (Pathway activity score for inflammatory response within CD16 monocyte (peripheral blood).)
pb_core_memory_b_cell_ifn_gamma,pb_core_memory_b_cell_ifn_alpha,1.0,0.62,True,inconclusive,,,No PubMed search results and no INDRA statements for this pair.,,none,0.0,0.0,0.0,,,,(Pathway activity score for interferon gamma response within memory B cell (peripheral blood).) AND (Pathway activity score for interferon alpha response within memory B cell (peripheral blood).)
pb_core_memory_b_cell_ifn_gamma,pb_core_memory_b_cell_il2_stat5,0.95,0.831578947,True,inconclusive,,,No PubMed search results and no INDRA statements for this pair.,,none,0.0,0.0,0.0,,,,(Pathway activity score for interferon gamma response within memory B cell (peripheral blood).) AND (Pathway activity score for IL-2/STAT5 signaling within memory B cell (peripheral blood).)
pb_core_memory_b_cell_il2_stat5,pb_core_memory_b_cell_il6_jak_stat3,1.0,1.0,True,inconclusive,,,No PubMed search results and no INDRA statements for this pair.,,none,0.0,0.0,0.0,,,,(Pathway activity score for IL-2/STAT5 signaling within memory B cell (peripheral blood).) AND (Pathway activity score for IL-6/JAK/STAT3 signaling within memory B cell (peripheral blood).)
pb_core_memory_b_cell_il2_stat5,pb_core_memory_b_cell_inflammatory,0.93,1.0,True,inconclusive,,,No PubMed search results and no INDRA statements for this pair.,,none,0.0,0.0,0.0,,,,(Pathway activity score for IL-2/STAT5 signaling within memory B cell (peripheral blood).) AND (Pathway activity score for inflammatory response within memory B cell (peripheral blood).)
pb_core_memory_b_cell_il2_stat5,pb_core_naive_b_cell_il2_stat5,0.98,0.734693878,True,inconclusive,,,No PubMed search results and no INDRA statements for this pair.,,none,0.0,0.0,0.0,,,,(Pathway activity score for IL-2/STAT5 signaling within memory B cell (peripheral blood).) AND (Pathway activity score for IL-2/STAT5 signaling within naive B cell (peripheral blood).)
pb_core_memory_b_cell_tnfa_nfkb,pb_core_naive_b_cell_tnfa_nfkb,1.0,0.94,True,inconclusive,,,No PubMed search results and no INDRA statements for this pair.,,none,0.0,0.0,0.0,,,,(Pathway activity score for TNF-alpha/NF-kB signaling within memory B cell (peripheral blood).) AND (Pathway activity score for TNF-alpha/NF-kB signaling within naive B cell (peripheral blood).)
pb_core_naive_b_cell_ifn_alpha,pb_core_naive_b_cell_ifn_gamma,1.0,1.0,True,inconclusive,,,No PubMed search results and no INDRA statements for this pair.,,none,0.0,0.0,0.0,,,,(Pathway activity score for interferon alpha response within naive B cell (peripheral blood).) AND (Pathway activity score for interferon gamma response within naive B cell (peripheral blood).)
pb_core_naive_b_cell_ifn_gamma,pb_core_naive_b_cell_il2_stat5,1.0,0.59,True,inconclusive,,,No PubMed search results and no INDRA statements for this pair.,,none,0.0,0.0,0.0,,,,(Pathway activity score for interferon gamma response within naive B cell (peripheral blood).) AND (Pathway activity score for IL-2/STAT5 signaling within naive B cell (peripheral blood).)
pb_core_naive_b_cell_il2_stat5,pb_core_naive_b_cell_il6_jak_stat3,0.9,0.988888889,True,inconclusive,,,No PubMed search results and no INDRA statements for this pair.,,none,0.0,0.0,0.0,,,,(Pathway activity score for IL-2/STAT5 signaling within naive B cell (peripheral blood).) AND (Pathway activity score for IL-6/JAK/STAT3 signaling within naive B cell (peripheral blood).)
pb_core_naive_b_cell_il6_jak_stat3,pb_core_naive_b_cell_inflammatory,1.0,0.97,True,inconclusive,,,No PubMed search results and no INDRA statements for this pair.,,none,0.0,0.0,0.0,,,,(Pathway activity score for IL-6/JAK/STAT3 signaling within naive B cell (peripheral blood).) AND (Pathway activity score for inflammatory response within naive B cell (peripheral blood).)
pb_core_naive_b_cell_inflammatory,pb_transitional_b_cell_il2_stat5,0.91,0.78021978,True,inconclusive,,,No PubMed search results and no INDRA statements for this pair.,,none,0.0,0.0,0.0,,,,(Pathway activity score for inflammatory response within naive B cell (peripheral blood).) AND (Pathway activity score for IL-2/STAT5 signaling within transitional B cell (peripheral blood).)
pb_core_naive_b_cell_inflammatory,pb_transitional_b_cell_il6_jak_stat3,0.93,0.946236559,True,inconclusive,,,No PubMed search results and no INDRA statements for this pair.,,none,0.0,0.0,0.0,,,,(Pathway activity score for inflammatory response within naive B cell (peripheral blood).) AND (Pathway activity score for IL-6/JAK/STAT3 signaling within transitional B cell (peripheral blood).)
pb_core_naive_b_cell_tnfa_nfkb,pb_core_naive_b_cell_il2_stat5,0.88,0.761363636,True,inconclusive,,,No PubMed search results and no INDRA statements for this pair.,,none,0.0,0.0,0.0,,,,(Pathway activity score for TNF-alpha/NF-kB signaling within naive B cell (peripheral blood).) AND (Pathway activity score for IL-2/STAT5 signaling within naive B cell (peripheral blood).)
pb_core_naive_b_cell_tnfa_nfkb,pb_transitional_b_cell_tnfa_nfkb,1.0,0.99,True,inconclusive,,,No PubMed search results and no INDRA statements for this pair.,,none,0.0,0.0,0.0,,,,(Pathway activity score for TNF-alpha/NF-kB signaling within naive B cell (peripheral blood).) AND (Pathway activity score for TNF-alpha/NF-kB signaling within transitional B cell (peripheral blood).)
pb_core_naive_cd4_t_cell_ifn_alpha,pb_core_naive_cd4_t_cell_ifn_gamma,1.0,0.99,True,inconclusive,,,No PubMed search results and no INDRA statements for this pair.,,none,0.0,0.0,0.0,,,,(Pathway activity score for interferon alpha response within naive CD4 T cell (peripheral blood).) AND (Pathway activity score for interferon gamma response within naive CD4 T cell (peripheral blood).)
pb_core_naive_cd4_t_cell_ifn_alpha,pb_core_naive_cd8_t_cell_ifn_alpha,1.0,0.99,True,inconclusive,0.3,no_directional_evidence,"The PubMed abstract (PMID 41277843) reports correlation between IFN-α response scores in CD4+ and CD8+ T cells in HIV LTNPs, showing coordinated lower expression across effector-state T-cell subsets. However, it provides no mechanistic or causal evidence for directionality between naive CD4 and CD8 T cell IFN-α responses. INDRA found zero directional or undirected statements linking these entities. Without explicit causal mechanisms or temporal precedence data, the direction remains unsupported.",41277843,none,0.0,0.0,0.0,,,,(Pathway activity score for interferon alpha response within naive CD4 T cell (peripheral blood).) AND (Pathway activity score for interferon alpha response within naive CD8 T cell (peripheral blood).)
pb_core_naive_cd4_t_cell_ifn_alpha,pb_core_naive_cd8_t_cell_ifn_gamma,0.93,0.989247312,True,inconclusive,,,No PubMed search results and no INDRA statements for this pair.,,none,0.0,0.0,0.0,,,,(Pathway activity score for interferon alpha response within naive CD4 T cell (peripheral blood).) AND (Pathway activity score for interferon gamma response within naive CD8 T cell (peripheral blood).)
pb_core_naive_cd4_t_cell_ifn_gamma,pb_core_naive_cd8_t_cell_ifn_gamma,0.99,1.0,True,inconclusive,,,No PubMed search results and no INDRA statements for this pair.,,none,0.0,0.0,0.0,,,,(Pathway activity score for interferon gamma response within naive CD4 T cell (peripheral blood).) AND (Pathway activity score for interferon gamma response within naive CD8 T cell (peripheral blood).)
pb_core_naive_cd4_t_cell_il2_stat5,pb_core_naive_cd4_t_cell_tnfa_nfkb,0.9,0.977777778,True,inconclusive,,,No PubMed search results and no INDRA statements for this pair.,,none,0.0,0.0,0.0,,,,(Pathway activity score for IL-2/STAT5 signaling within naive CD4 T cell (peripheral blood).) AND (Pathway activity score for TNF-alpha/NF-kB signaling within naive CD4 T cell (peripheral blood).)
pb_core_naive_cd4_t_cell_il2_stat5,pb_core_naive_cd8_t_cell_il2_stat5,1.0,1.0,True,inconclusive,,,No PubMed search results and no INDRA statements for this pair.,,none,0.0,0.0,0.0,,,,(Pathway activity score for IL-2/STAT5 signaling within naive CD4 T cell (peripheral blood).) AND (Pathway activity score for IL-2/STAT5 signaling within naive CD8 T cell (peripheral blood).)
pb_core_naive_cd4_t_cell_il6_jak_stat3,pb_core_naive_cd4_t_cell_inflammatory,1.0,0.91,True,inconclusive,,,No PubMed search results and no INDRA statements for this pair.,,none,0.0,0.0,0.0,,,,(Pathway activity score for IL-6/JAK/STAT3 signaling within naive CD4 T cell (peripheral blood).) AND (Pathway activity score for inflammatory response within naive CD4 T cell (peripheral blood).)
pb_core_naive_cd4_t_cell_inflammatory,pb_core_naive_cd4_t_cell_il2_stat5,0.95,0.652631579,True,inconclusive,,,No PubMed search results and no INDRA statements for this pair.,,none,0.0,0.0,0.0,,,,(Pathway activity score for inflammatory response within naive CD4 T cell (peripheral blood).) AND (Pathway activity score for IL-2/STAT5 signaling within naive CD4 T cell (peripheral blood).)
pb_core_naive_cd4_t_cell_tnfa_nfkb,pb_core_naive_cd8_t_cell_tnfa_nfkb,1.0,1.0,True,inconclusive,,,No PubMed search results and no INDRA statements for this pair.,,none,0.0,0.0,0.0,,,,(Pathway activity score for TNF-alpha/NF-kB signaling within naive CD4 T cell (peripheral blood).) AND (Pathway activity score for TNF-alpha/NF-kB signaling within naive CD8 T cell (peripheral blood).)
pb_core_naive_cd8_t_cell_ifn_alpha,pb_cm_cd4_t_cell_ifn_alpha,0.9,0.955555556,True,inconclusive,,,No PubMed search results and no INDRA statements for this pair.,,none,0.0,0.0,0.0,,,,(Pathway activity score for interferon alpha response within naive CD8 T cell (peripheral blood).) AND (Pathway activity score for interferon alpha response within central memory CD4 T cell (peripheral blood).)
pb_core_naive_cd8_t_cell_ifn_alpha,pb_core_naive_cd8_t_cell_ifn_gamma,1.0,0.98,True,inconclusive,,,No PubMed search results and no INDRA statements for this pair.,,none,0.0,0.0,0.0,,,,(Pathway activity score for interferon alpha response within naive CD8 T cell (peripheral blood).) AND (Pathway activity score for interferon gamma response within naive CD8 T cell (peripheral blood).)
pb_core_naive_cd8_t_cell_il2_stat5,pb_core_naive_cd8_t_cell_inflammatory,0.98,0.87755102,True,inconclusive,,,No PubMed search results and no INDRA statements for this pair.,,none,0.0,0.0,0.0,,,,(Pathway activity score for IL-2/STAT5 signaling within naive CD8 T cell (peripheral blood).) AND (Pathway activity score for inflammatory response within naive CD8 T cell (peripheral blood).)
pb_core_naive_cd8_t_cell_il2_stat5,pb_naive_cd4_treg_il2_stat5,0.95,1.0,True,inconclusive,,,No PubMed search results and no INDRA statements for this pair.,,none,0.0,0.0,0.0,,,,(Pathway activity score for IL-2/STAT5 signaling within naive CD8 T cell (peripheral blood).) AND (Pathway activity score for IL-2/STAT5 signaling within naive CD4 regulatory T cell (Treg) (peripheral blood).)
pb_core_naive_cd8_t_cell_inflammatory,pb_core_naive_b_cell_inflammatory,0.97,0.659793814,True,inconclusive,0.2,no_directional_evidence,"The INDRA database contains no forward, reverse, or undirected statements between these entities, providing no causal/mechanistic evidence. The single PubMed abstract (PMID 41277843) discusses inflammatory response patterns in naive CD8+ T cells and B cells in HIV LTNPs but describes correlational observations without establishing directional causality between inflammatory pathway activities in these cell types. Without explicit directional evidence, the proposed edge cannot be validated.",41277843,none,0.0,0.0,0.0,,,,(Pathway activity score for inflammatory response within naive CD8 T cell (peripheral blood).) AND (Pathway activity score for inflammatory response within naive B cell (peripheral blood).)
pb_core_naive_cd8_t_cell_inflammatory,pb_core_naive_cd8_t_cell_il6_jak_stat3,1.0,0.86,True,inconclusive,,,No PubMed search results and no INDRA statements for this pair.,,none,0.0,0.0,0.0,,,,(Pathway activity score for inflammatory response within naive CD8 T cell (peripheral blood).) AND (Pathway activity score for IL-6/JAK/STAT3 signaling within naive CD8 T cell (peripheral blood).)
pb_core_naive_cd8_t_cell_tnfa_nfkb,pb_cm_cd4_t_cell_tnfa_nfkb,0.92,0.97826087,True,inconclusive,,,No PubMed search results and no INDRA statements for this pair.,,none,0.0,0.0,0.0,,,,(Pathway activity score for TNF-alpha/NF-kB signaling within naive CD8 T cell (peripheral blood).) AND (Pathway activity score for TNF-alpha/NF-kB signaling within central memory CD4 T cell (peripheral blood).)
pb_core_naive_cd8_t_cell_tnfa_nfkb,pb_naive_cd4_treg_tnfa_nfkb,0.91,1.0,True,inconclusive,,,No PubMed search results and no INDRA statements for this pair.,,none,0.0,0.0,0.0,,,,(Pathway activity score for TNF-alpha/NF-kB signaling within naive CD8 T cell (peripheral blood).) AND (Pathway activity score for TNF-alpha/NF-kB signaling within naive CD4 regulatory T cell (Treg) (peripheral blood).)
pb_gzmb_cd27_em_cd4_t_cell_ifn_alpha,pb_gzmb_cd27_em_cd4_t_cell_ifn_gamma,1.0,0.75,True,inconclusive,,,No PubMed search results and no INDRA statements for this pair.,,none,0.0,0.0,0.0,,,,(Pathway activity score for interferon alpha response within Granzyme B+ CD27+ effector memory CD4 T cell (peripheral blood).) AND (Pathway activity score for interferon gamma response within Granzyme B+ CD27+ effector memory CD4 T cell (peripheral blood).)
pb_gzmb_cd27_em_cd4_t_cell_ifn_alpha,pb_hla_drhi_cdc2_ifn_alpha,0.89,0.97752809,True,inconclusive,,,No PubMed search results and no INDRA statements for this pair.,,none,0.0,0.0,0.0,,,,(Pathway activity score for interferon alpha response within Granzyme B+ CD27+ effector memory CD4 T cell (peripheral blood).) AND (Pathway activity score for interferon alpha response within HLA-DR-high conventional dendritic cell 2 (cDC2) (peripheral blood).)
pb_gzmb_cd27_em_cd4_t_cell_ifn_alpha,pb_memory_cd4_treg_ifn_alpha,1.0,1.0,True,inconclusive,,,No PubMed search results and no INDRA statements for this pair.,,none,0.0,0.0,0.0,,,,(Pathway activity score for interferon alpha response within Granzyme B+ CD27+ effector memory CD4 T cell (peripheral blood).) AND (Pathway activity score for interferon alpha response within memory CD4 regulatory T cell (Treg) (peripheral blood).)
pb_gzmb_cd27_em_cd4_t_cell_ifn_gamma,pb_gzmb_cd27_em_cd4_t_cell_inflammatory,0.97,0.762886598,True,inconclusive,,,No PubMed search results and no INDRA statements for this pair.,,none,0.0,0.0,0.0,,,,(Pathway activity score for interferon gamma response within Granzyme B+ CD27+ effector memory CD4 T cell (peripheral blood).) AND (Pathway activity score for inflammatory response within Granzyme B+ CD27+ effector memory CD4 T cell (peripheral blood).)
pb_gzmb_cd27_em_cd4_t_cell_il2_stat5,pb_gzmb_cd27_em_cd4_t_cell_tnfa_nfkb,0.94,0.510638298,True,inconclusive,,,No PubMed search results and no INDRA statements for this pair.,,none,0.0,0.0,0.0,,,,(Pathway activity score for IL-2/STAT5 signaling within Granzyme B+ CD27+ effector memory CD4 T cell (peripheral blood).) AND (Pathway activity score for TNF-alpha/NF-kB signaling within Granzyme B+ CD27+ effector memory CD4 T cell (peripheral blood).)
pb_gzmb_cd27_em_cd4_t_cell_inflammatory,pb_gzmb_cd27_em_cd4_t_cell_il6_jak_stat3,0.95,1.0,True,inconclusive,,,No PubMed search results and no INDRA statements for this pair.,,none,0.0,0.0,0.0,,,,(Pathway activity score for inflammatory response within Granzyme B+ CD27+ effector memory CD4 T cell (peripheral blood).) AND (Pathway activity score for IL-6/JAK/STAT3 signaling within Granzyme B+ CD27+ effector memory CD4 T cell (peripheral blood).)
pb_gzmk_cd56dim_nk_cell_ifn_alpha,pb_gzmk_cd56dim_nk_cell_ifn_gamma,1.0,1.0,True,inconclusive,,,No PubMed search results and no INDRA statements for this pair.,,none,0.0,0.0,0.0,,,,(Pathway activity score for interferon alpha response within Granzyme K+ CD56dim NK cell (peripheral blood).) AND (Pathway activity score for interferon gamma response within Granzyme K+ CD56dim NK cell (peripheral blood).)
pb_gzmk_cd56dim_nk_cell_ifn_alpha,pb_klrf1_gzmb_cd27_em_cd8_t_cell_ifn_alpha,0.88,0.988636364,True,inconclusive,,,No PubMed search results and no INDRA statements for this pair.,,none,0.0,0.0,0.0,,,,(Pathway activity score for interferon alpha response within Granzyme K+ CD56dim NK cell (peripheral blood).) AND (Pathway activity score for interferon alpha response within KLRF1+ Granzyme B+ CD27+ effector memory CD8 T cell (peripheral blood).)
pb_gzmk_cd56dim_nk_cell_ifn_gamma,pb_gzmk_cd56dim_nk_cell_il2_stat5,1.0,0.7,True,inconclusive,,,No PubMed search results and no INDRA statements for this pair.,,none,0.0,0.0,0.0,,,,(Pathway activity score for interferon gamma response within Granzyme K+ CD56dim NK cell (peripheral blood).) AND (Pathway activity score for IL-2/STAT5 signaling within Granzyme K+ CD56dim NK cell (peripheral blood).)
pb_gzmk_cd56dim_nk_cell_il2_stat5,pb_gzmk_cd56dim_nk_cell_inflammatory,1.0,0.72,True,inconclusive,,,No PubMed search results and no INDRA statements for this pair.,,none,0.0,0.0,0.0,,,,(Pathway activity score for IL-2/STAT5 signaling within Granzyme K+ CD56dim NK cell (peripheral blood).) AND (Pathway activity score for inflammatory response within Granzyme K+ CD56dim NK cell (peripheral blood).)
pb_gzmk_cd56dim_nk_cell_il6_jak_stat3,pb_cd8_mait_il6_jak_stat3,0.88,0.875,True,inconclusive,,,No PubMed search results and no INDRA statements for this pair.,,none,0.0,0.0,0.0,,,,(Pathway activity score for IL-6/JAK/STAT3 signaling within Granzyme K+ CD56dim NK cell (peripheral blood).) AND (Pathway activity score for IL-6/JAK/STAT3 signaling within CD8 MAIT cell (peripheral blood).)
pb_gzmk_cd56dim_nk_cell_inflammatory,pb_gzmk_cd56dim_nk_cell_il6_jak_stat3,1.0,0.69,True,inconclusive,,,No PubMed search results and no INDRA statements for this pair.,,none,0.0,0.0,0.0,,,,(Pathway activity score for inflammatory response within Granzyme K+ CD56dim NK cell (peripheral blood).) AND (Pathway activity score for IL-6/JAK/STAT3 signaling within Granzyme K+ CD56dim NK cell (peripheral blood).)
pb_gzmk_cd56dim_nk_cell_tnfa_nfkb,pb_klrf1_gzmb_cd27_em_cd8_t_cell_tnfa_nfkb,0.96,0.96875,True,inconclusive,,,No PubMed search results and no INDRA statements for this pair.,,none,0.0,0.0,0.0,,,,(Pathway activity score for TNF-alpha/NF-kB signaling within Granzyme K+ CD56dim NK cell (peripheral blood).) AND (Pathway activity score for TNF-alpha/NF-kB signaling within KLRF1+ Granzyme B+ CD27+ effector memory CD8 T cell (peripheral blood).)
pb_gzmk_vd2_gdt_ifn_alpha,pb_gzmk_vd2_gdt_ifn_gamma,1.0,1.0,True,inconclusive,,,No PubMed search results and no INDRA statements for this pair.,,none,0.0,0.0,0.0,,,,(Pathway activity score for interferon alpha response within Granzyme K+ Vδ2 gamma-delta T cell (peripheral blood).) AND (Pathway activity score for interferon gamma response within Granzyme K+ Vδ2 gamma-delta T cell (peripheral blood).)
pb_gzmk_vd2_gdt_il2_stat5,pb_gzmk_vd2_gdt_il6_jak_stat3,0.99,0.949494949,True,inconclusive,,,No PubMed search results and no INDRA statements for this pair.,,none,0.0,0.0,0.0,,,,(Pathway activity score for IL-2/STAT5 signaling within Granzyme K+ Vδ2 gamma-delta T cell (peripheral blood).) AND (Pathway activity score for IL-6/JAK/STAT3 signaling within Granzyme K+ Vδ2 gamma-delta T cell (peripheral blood).)
pb_hla_drhi_cdc2_ifn_alpha,pb_hla_drhi_cdc2_ifn_gamma,1.0,1.0,True,inconclusive,,,No PubMed search results and no INDRA statements for this pair.,,none,0.0,0.0,0.0,,,,(Pathway activity score for interferon alpha response within HLA-DR-high conventional dendritic cell 2 (cDC2) (peripheral blood).) AND (Pathway activity score for interferon gamma response within HLA-DR-high conventional dendritic cell 2 (cDC2) (peripheral blood).)
pb_hla_drhi_cdc2_il2_stat5,pb_hla_drhi_cdc2_inflammatory,1.0,0.85,True,inconclusive,,,No PubMed search results and no INDRA statements for this pair.,,none,0.0,0.0,0.0,,,,(Pathway activity score for IL-2/STAT5 signaling within HLA-DR-high conventional dendritic cell 2 (cDC2) (peripheral blood).) AND (Pathway activity score for inflammatory response within HLA-DR-high conventional dendritic cell 2 (cDC2) (peripheral blood).)
pb_hla_drhi_cdc2_tnfa_nfkb,pb_hla_drhi_cdc2_inflammatory,1.0,0.84,True,inconclusive,,,No PubMed search results and no INDRA statements for this pair.,,none,0.0,0.0,0.0,,,,(Pathway activity score for TNF-alpha/NF-kB signaling within HLA-DR-high conventional dendritic cell 2 (cDC2) (peripheral blood).) AND (Pathway activity score for inflammatory response within HLA-DR-high conventional dendritic cell 2 (cDC2) (peripheral blood).)
pb_hla_drhi_cdc2_tnfa_nfkb,pb_klrf1_gzmb_cd27_em_cd8_t_cell_tnfa_nfkb,0.9,0.744444444,True,inconclusive,,,No PubMed search results and no INDRA statements for this pair.,,none,0.0,0.0,0.0,,,,(Pathway activity score for TNF-alpha/NF-kB signaling within HLA-DR-high conventional dendritic cell 2 (cDC2) (peripheral blood).) AND (Pathway activity score for TNF-alpha/NF-kB signaling within KLRF1+ Granzyme B+ CD27+ effector memory CD8 T cell (peripheral blood).)
pb_intermediate_monocyte_ifn_alpha,pb_core_cd16_monocyte_ifn_alpha,1.0,0.56,True,inconclusive,,,No PubMed search results and no INDRA statements for this pair.,,none,0.0,0.0,0.0,,,,(Pathway activity score for interferon alpha response within intermediate monocyte (peripheral blood).) AND (Pathway activity score for interferon alpha response within CD16 monocyte (peripheral blood).)
pb_intermediate_monocyte_ifn_alpha,pb_intermediate_monocyte_ifn_gamma,1.0,1.0,True,inconclusive,,,No PubMed search results and no INDRA statements for this pair.,,none,0.0,0.0,0.0,,,,(Pathway activity score for interferon alpha response within intermediate monocyte (peripheral blood).) AND (Pathway activity score for interferon gamma response within intermediate monocyte (peripheral blood).)
pb_intermediate_monocyte_il6_jak_stat3,pb_intermediate_monocyte_il2_stat5,0.97,0.587628866,True,inconclusive,,,No PubMed search results and no INDRA statements for this pair.,,none,0.0,0.0,0.0,,,,(Pathway activity score for IL-6/JAK/STAT3 signaling within intermediate monocyte (peripheral blood).) AND (Pathway activity score for IL-2/STAT5 signaling within intermediate monocyte (peripheral blood).)
pb_intermediate_monocyte_inflammatory,pb_intermediate_monocyte_il6_jak_stat3,0.94,0.904255319,True,inconclusive,,,No PubMed search results and no INDRA statements for this pair.,,none,0.0,0.0,0.0,,,,(Pathway activity score for inflammatory response within intermediate monocyte (peripheral blood).) AND (Pathway activity score for IL-6/JAK/STAT3 signaling within intermediate monocyte (peripheral blood).)
pb_intermediate_monocyte_inflammatory,pb_intermediate_monocyte_tnfa_nfkb,0.98,0.734693878,True,inconclusive,,,No PubMed search results and no INDRA statements for this pair.,,none,0.0,0.0,0.0,,,,(Pathway activity score for inflammatory response within intermediate monocyte (peripheral blood).) AND (Pathway activity score for TNF-alpha/NF-kB signaling within intermediate monocyte (peripheral blood).)
pb_isg_cd14_monocyte_ifn_alpha,pb_isg_cd14_monocyte_ifn_gamma,1.0,1.0,True,inconclusive,,,No PubMed search results and no INDRA statements for this pair.,,none,0.0,0.0,0.0,,,,(Pathway activity score for interferon alpha response within ISG-high (interferon-stimulated-gene-high) CD14 monocyte (peripheral blood).) AND (Pathway activity score for interferon gamma response within ISG-high (interferon-stimulated-gene-high) CD14 monocyte (peripheral blood).)
pb_isg_memory_cd4_t_cell_ifn_alpha,pb_isg_memory_cd4_t_cell_ifn_gamma,1.0,1.0,True,inconclusive,,,No PubMed search results and no INDRA statements for this pair.,,none,0.0,0.0,0.0,,,,(Pathway activity score for interferon alpha response within ISG-high (interferon-stimulated-gene-high) memory CD4 T cell (peripheral blood).) AND (Pathway activity score for interferon gamma response within ISG-high (interferon-stimulated-gene-high) memory CD4 T cell (peripheral blood).)
pb_isg_memory_cd4_t_cell_il2_stat5,pb_isg_memory_cd4_t_cell_ifn_gamma,0.94,0.978723404,True,inconclusive,,,No PubMed search results and no INDRA statements for this pair.,,none,0.0,0.0,0.0,,,,(Pathway activity score for IL-2/STAT5 signaling within ISG-high (interferon-stimulated-gene-high) memory CD4 T cell (peripheral blood).) AND (Pathway activity score for interferon gamma response within ISG-high (interferon-stimulated-gene-high) memory CD4 T cell (peripheral blood).)
pb_isg_memory_cd4_t_cell_tnfa_nfkb,pb_isg_memory_cd4_t_cell_il6_jak_stat3,0.88,1.0,True,inconclusive,,,No PubMed search results and no INDRA statements for this pair.,,none,0.0,0.0,0.0,,,,(Pathway activity score for TNF-alpha/NF-kB signaling within ISG-high (interferon-stimulated-gene-high) memory CD4 T cell (peripheral blood).) AND (Pathway activity score for IL-6/JAK/STAT3 signaling within ISG-high (interferon-stimulated-gene-high) memory CD4 T cell (peripheral blood).)
pb_klrb1_memory_cd4_treg_ifn_alpha,pb_klrb1_memory_cd4_treg_ifn_gamma,1.0,1.0,True,inconclusive,,,No PubMed search results and no INDRA statements for this pair.,,none,0.0,0.0,0.0,,,,(Pathway activity score for interferon alpha response within KLRB1+ memory CD4 regulatory T cell (Treg) (peripheral blood).) AND (Pathway activity score for interferon gamma response within KLRB1+ memory CD4 regulatory T cell (Treg) (peripheral blood).)
pb_klrb1_memory_cd4_treg_ifn_gamma,pb_klrb1_memory_cd4_treg_il2_stat5,1.0,0.98,True,inconclusive,,,No PubMed search results and no INDRA statements for this pair.,,none,0.0,0.0,0.0,,,,(Pathway activity score for interferon gamma response within KLRB1+ memory CD4 regulatory T cell (Treg) (peripheral blood).) AND (Pathway activity score for IL-2/STAT5 signaling within KLRB1+ memory CD4 regulatory T cell (Treg) (peripheral blood).)
pb_klrb1_memory_cd4_treg_tnfa_nfkb,pb_klrb1_memory_cd4_treg_il2_stat5,0.99,0.808080808,True,inconclusive,,,No PubMed search results and no INDRA statements for this pair.,,none,0.0,0.0,0.0,,,,(Pathway activity score for TNF-alpha/NF-kB signaling within KLRB1+ memory CD4 regulatory T cell (Treg) (peripheral blood).) AND (Pathway activity score for IL-2/STAT5 signaling within KLRB1+ memory CD4 regulatory T cell (Treg) (peripheral blood).)
pb_klrb1_memory_cd4_treg_tnfa_nfkb,pb_klrb1_memory_cd4_treg_inflammatory,0.96,0.958333333,True,inconclusive,,,No PubMed search results and no INDRA statements for this pair.,,none,0.0,0.0,0.0,,,,(Pathway activity score for TNF-alpha/NF-kB signaling within KLRB1+ memory CD4 regulatory T cell (Treg) (peripheral blood).) AND (Pathway activity score for inflammatory response within KLRB1+ memory CD4 regulatory T cell (Treg) (peripheral blood).)
pb_klrf1_gzmb_cd27_em_cd8_t_cell_ifn_alpha,pb_klrf1_gzmb_cd27_em_cd8_t_cell_ifn_gamma,1.0,1.0,True,inconclusive,,,No PubMed search results and no INDRA statements for this pair.,,none,0.0,0.0,0.0,,,,(Pathway activity score for interferon alpha response within KLRF1+ Granzyme B+ CD27+ effector memory CD8 T cell (peripheral blood).) AND (Pathway activity score for interferon gamma response within KLRF1+ Granzyme B+ CD27+ effector memory CD8 T cell (peripheral blood).)
pb_klrf1_gzmb_cd27_em_cd8_t_cell_il6_jak_stat3,pb_klrf1_gzmb_cd27_em_cd8_t_cell_ifn_gamma,0.97,0.587628866,True,inconclusive,,,No PubMed search results and no INDRA statements for this pair.,,none,0.0,0.0,0.0,,,,(Pathway activity score for IL-6/JAK/STAT3 signaling within KLRF1+ Granzyme B+ CD27+ effector memory CD8 T cell (peripheral blood).) AND (Pathway activity score for interferon gamma response within KLRF1+ Granzyme B+ CD27+ effector memory CD8 T cell (peripheral blood).)
pb_klrf1_gzmb_cd27_em_cd8_t_cell_il6_jak_stat3,pb_klrf1_gzmb_cd27_em_cd8_t_cell_inflammatory,0.97,0.587628866,True,inconclusive,,,No PubMed search results and no INDRA statements for this pair.,,none,0.0,0.0,0.0,,,,(Pathway activity score for IL-6/JAK/STAT3 signaling within KLRF1+ Granzyme B+ CD27+ effector memory CD8 T cell (peripheral blood).) AND (Pathway activity score for inflammatory response within KLRF1+ Granzyme B+ CD27+ effector memory CD8 T cell (peripheral blood).)
pb_klrf1_gzmb_cd27_em_cd8_t_cell_inflammatory,pb_klrf1_gzmb_cd27_em_cd8_t_cell_il2_stat5,1.0,0.6,True,inconclusive,,,No PubMed search results and no INDRA statements for this pair.,,none,0.0,0.0,0.0,,,,(Pathway activity score for inflammatory response within KLRF1+ Granzyme B+ CD27+ effector memory CD8 T cell (peripheral blood).) AND (Pathway activity score for IL-2/STAT5 signaling within KLRF1+ Granzyme B+ CD27+ effector memory CD8 T cell (peripheral blood).)
pb_memory_cd4_treg_ifn_alpha,pb_memory_cd4_treg_ifn_gamma,1.0,1.0,True,inconclusive,,,No PubMed search results and no INDRA statements for this pair.,,none,0.0,0.0,0.0,,,,(Pathway activity score for interferon alpha response within memory CD4 regulatory T cell (Treg) (peripheral blood).) AND (Pathway activity score for interferon gamma response within memory CD4 regulatory T cell (Treg) (peripheral blood).)
pb_memory_cd4_treg_il2_stat5,pb_isg_memory_cd4_t_cell_il2_stat5,0.88,0.977272727,True,inconclusive,,,No PubMed search results and no INDRA statements for this pair.,,none,0.0,0.0,0.0,,,,(Pathway activity score for IL-2/STAT5 signaling within memory CD4 regulatory T cell (Treg) (peripheral blood).) AND (Pathway activity score for IL-2/STAT5 signaling within ISG-high (interferon-stimulated-gene-high) memory CD4 T cell (peripheral blood).)
pb_memory_cd4_treg_il2_stat5,pb_memory_cd4_treg_il6_jak_stat3,0.95,0.789473684,True,inconclusive,,,No PubMed search results and no INDRA statements for this pair.,,none,0.0,0.0,0.0,,,,(Pathway activity score for IL-2/STAT5 signaling within memory CD4 regulatory T cell (Treg) (peripheral blood).) AND (Pathway activity score for IL-6/JAK/STAT3 signaling within memory CD4 regulatory T cell (Treg) (peripheral blood).)
pb_memory_cd4_treg_il6_jak_stat3,pb_memory_cd4_treg_inflammatory,0.94,0.64893617,True,inconclusive,,,No PubMed search results and no INDRA statements for this pair.,,none,0.0,0.0,0.0,,,,(Pathway activity score for IL-6/JAK/STAT3 signaling within memory CD4 regulatory T cell (Treg) (peripheral blood).) AND (Pathway activity score for inflammatory response within memory CD4 regulatory T cell (Treg) (peripheral blood).)
pb_naive_cd4_treg_ifn_alpha,pb_naive_cd4_treg_ifn_gamma,1.0,1.0,True,inconclusive,,,No PubMed search results and no INDRA statements for this pair.,,none,0.0,0.0,0.0,,,,(Pathway activity score for interferon alpha response within naive CD4 regulatory T cell (Treg) (peripheral blood).) AND (Pathway activity score for interferon gamma response within naive CD4 regulatory T cell (Treg) (peripheral blood).)
pb_naive_cd4_treg_ifn_gamma,pb_naive_cd4_treg_inflammatory,0.99,1.0,True,inconclusive,,,No PubMed search results and no INDRA statements for this pair.,,none,0.0,0.0,0.0,,,,(Pathway activity score for interferon gamma response within naive CD4 regulatory T cell (Treg) (peripheral blood).) AND (Pathway activity score for inflammatory response within naive CD4 regulatory T cell (Treg) (peripheral blood).)
pb_naive_cd4_treg_ifn_gamma,l3_naive_cd4_treg_alr,0.88,0.920454545,True,inconclusive,,,No PubMed search results and no INDRA statements for this pair.,,none,0.0,0.0,0.0,,,,(Pathway activity score for interferon gamma response within naive CD4 regulatory T cell (Treg) (peripheral blood).) AND (Additive-log-ratio (alr) transformed relative abundance of naive CD4 regulatory T cell (Treg) among PBMCs.)
pb_naive_cd4_treg_il2_stat5,pb_naive_cd4_treg_tnfa_nfkb,0.94,0.978723404,True,inconclusive,,,No PubMed search results and no INDRA statements for this pair.,,none,0.0,0.0,0.0,,,,(Pathway activity score for IL-2/STAT5 signaling within naive CD4 regulatory T cell (Treg) (peripheral blood).) AND (Pathway activity score for TNF-alpha/NF-kB signaling within naive CD4 regulatory T cell (Treg) (peripheral blood).)
pb_pdc_ifn_alpha,pb_pdc_ifn_gamma,1.0,0.99,True,inconclusive,,,No PubMed search results and no INDRA statements for this pair.,,none,0.0,0.0,0.0,,,,(Pathway activity score for interferon alpha response within plasmacytoid dendritic cell (peripheral blood).) AND (Pathway activity score for interferon gamma response within plasmacytoid dendritic cell (peripheral blood).)
pb_pdc_ifn_gamma,pb_pdc_il2_stat5,0.93,0.838709677,True,inconclusive,,,No PubMed search results and no INDRA statements for this pair.,,none,0.0,0.0,0.0,,,,(Pathway activity score for interferon gamma response within plasmacytoid dendritic cell (peripheral blood).) AND (Pathway activity score for IL-2/STAT5 signaling within plasmacytoid dendritic cell (peripheral blood).)
pb_pdc_il2_stat5,pb_pdc_il6_jak_stat3,1.0,1.0,True,inconclusive,,,No PubMed search results and no INDRA statements for this pair.,,none,0.0,0.0,0.0,,,,(Pathway activity score for IL-2/STAT5 signaling within plasmacytoid dendritic cell (peripheral blood).) AND (Pathway activity score for IL-6/JAK/STAT3 signaling within plasmacytoid dendritic cell (peripheral blood).)
pb_transitional_b_cell_ifn_alpha,pb_transitional_b_cell_ifn_gamma,1.0,0.93,True,inconclusive,,,No PubMed search results and no INDRA statements for this pair.,,none,0.0,0.0,0.0,,,,(Pathway activity score for interferon alpha response within transitional B cell (peripheral blood).) AND (Pathway activity score for interferon gamma response within transitional B cell (peripheral blood).)
pb_transitional_b_cell_ifn_gamma,pb_transitional_b_cell_il2_stat5,0.94,0.925531915,True,inconclusive,,,No PubMed search results and no INDRA statements for this pair.,,none,0.0,0.0,0.0,,,,(Pathway activity score for interferon gamma response within transitional B cell (peripheral blood).) AND (Pathway activity score for IL-2/STAT5 signaling within transitional B cell (peripheral blood).)
pb_transitional_b_cell_il6_jak_stat3,pb_isg_memory_cd4_t_cell_ifn_gamma,0.98,0.918367347,True,inconclusive,,,No PubMed search results and no INDRA statements for this pair.,,none,0.0,0.0,0.0,,,,(Pathway activity score for IL-6/JAK/STAT3 signaling within transitional B cell (peripheral blood).) AND (Pathway activity score for interferon gamma response within ISG-high (interferon-stimulated-gene-high) memory CD4 T cell (peripheral blood).)
wb_apical_junction,wb_epithelial_mesenchymal_transition,1.0,0.915,True,inconclusive,,,No PubMed search results and no INDRA statements for this pair.,,none,0.0,0.0,0.0,,,,"(Gene-set activity score, in whole blood, for genes for apical junction complex (cell-cell adhesion).) AND (Gene-set activity score, in whole blood, for genes for epithelial-to-mesenchymal transition.)"
wb_apoptosis,wb_cholesterol_homeostasis,1.0,0.96,True,inconclusive,,,No PubMed search results and no INDRA statements for this pair.,,none,0.0,0.0,0.0,,,,"(Gene-set activity score, in whole blood, for genes for programmed cell death.) AND (Gene-set activity score, in whole blood, for genes for cholesterol regulation.)"
wb_apoptosis,wb_il_2_stat5_signaling,0.94,0.946808511,True,inconclusive,,,No PubMed search results and no INDRA statements for this pair.,,none,0.0,0.0,0.0,,,,"(Gene-set activity score, in whole blood, for genes for programmed cell death.) AND (Gene-set activity score, in whole blood, for genes induced by IL-2/STAT5 signaling.)"
wb_bile_acid_metabolism,wb_pperoxisome,0.95,0.852631579,True,inconclusive,,,No PubMed search results and no INDRA statements for this pair.,,none,0.0,0.0,0.0,,,,"(Gene-set activity score, in whole blood, for genes for bile acid metabolism.) AND (Gene-set activity score, in whole blood, for genes for peroxisome function.)"
wb_cholesterol_homeostasis,wb_protein_secretion,0.97,0.567010309,True,inconclusive,,,No PubMed search results and no INDRA statements for this pair.,,none,0.0,0.0,0.0,,,,"(Gene-set activity score, in whole blood, for genes for cholesterol regulation.) AND (Gene-set activity score, in whole blood, for genes for protein secretion pathway.)"
wb_coagulation,wb_complement,1.0,0.96,True,inconclusive,,,No PubMed search results and no INDRA statements for this pair.,,none,0.0,0.0,0.0,,,,"(Gene-set activity score, in whole blood, for genes for blood coagulation.) AND (Gene-set activity score, in whole blood, for genes for the complement immune system.)"
wb_complement,wb_uv_response_up,0.91,0.934065934,True,inconclusive,,,No PubMed search results and no INDRA statements for this pair.,,none,0.0,0.0,0.0,,,,"(Gene-set activity score, in whole blood, for genes for the complement immune system.) AND (Gene-set activity score, in whole blood, for genes upregulated in response to UV radiation.)"
wb_e2f_targets,wb_g2_m_checkpoint,1.0,1.0,True,inconclusive,,,No PubMed search results and no INDRA statements for this pair.,,none,0.0,0.0,0.0,,,,"(Gene-set activity score, in whole blood, for genes regulated by the E2F transcription factor (cell cycle/proliferation).) AND (Gene-set activity score, in whole blood, for genes for the G2/M cell cycle checkpoint (proliferation).)"
wb_e2f_targets,wb_mtorc1_signaling,0.94,0.957446809,True,inconclusive,,,No PubMed search results and no INDRA statements for this pair.,,none,0.0,0.0,0.0,,,,"(Gene-set activity score, in whole blood, for genes regulated by the E2F transcription factor (cell cycle/proliferation).) AND (Gene-set activity score, in whole blood, for genes induced by mTORC1 signaling (growth/metabolism).)"
wb_e2f_targets,wb_myc_targets_v1,0.92,0.663043478,True,inconclusive,,,No PubMed search results and no INDRA statements for this pair.,,none,0.0,0.0,0.0,,,,"(Gene-set activity score, in whole blood, for genes regulated by the E2F transcription factor (cell cycle/proliferation).) AND (Gene-set activity score, in whole blood, for genes regulated by the MYC oncogene (proliferation), set 1.)"
wb_epithelial_mesenchymal_transition,wb_hypoxia,0.98,0.979591837,True,inconclusive,,,No PubMed search results and no INDRA statements for this pair.,,none,0.0,0.0,0.0,,,,"(Gene-set activity score, in whole blood, for genes for epithelial-to-mesenchymal transition.) AND (Gene-set activity score, in whole blood, for genes induced by low-oxygen conditions.)"
wb_epithelial_mesenchymal_transition,wb_myogenesis,0.96,0.916666667,True,inconclusive,,,No PubMed search results and no INDRA statements for this pair.,,none,0.0,0.0,0.0,,,,"(Gene-set activity score, in whole blood, for genes for epithelial-to-mesenchymal transition.) AND (Gene-set activity score, in whole blood, for genes for muscle cell development.)"
wb_epithelial_mesenchymal_transition,wb_uv_response_dn,1.0,0.985,True,inconclusive,,,No PubMed search results and no INDRA statements for this pair.,,none,0.0,0.0,0.0,,,,"(Gene-set activity score, in whole blood, for genes for epithelial-to-mesenchymal transition.) AND (Gene-set activity score, in whole blood, for genes downregulated in response to UV radiation.)"
wb_estrogen_response_early,wb_apical_surface,0.98,0.989795918,True,inconclusive,,,No PubMed search results and no INDRA statements for this pair.,,none,0.0,0.0,0.0,,,,"(Gene-set activity score, in whole blood, for genes for early estrogen response.) AND (Gene-set activity score, in whole blood, for genes for the apical cell membrane surface.)"
wb_estrogen_response_early,wb_estrogen_response_late,1.0,1.0,True,inconclusive,,,No PubMed search results and no INDRA statements for this pair.,,none,0.0,0.0,0.0,,,,"(Gene-set activity score, in whole blood, for genes for early estrogen response.) AND (Gene-set activity score, in whole blood, for genes for late estrogen response.)"
wb_g2_m_checkpoint,wb_mitotic_spindle,1.0,1.0,True,inconclusive,,,No PubMed search results and no INDRA statements for this pair.,,none,0.0,0.0,0.0,,,,"(Gene-set activity score, in whole blood, for genes for the G2/M cell cycle checkpoint (proliferation).) AND (Gene-set activity score, in whole blood, for genes for the mitotic spindle apparatus (cell division).)"
wb_hypoxia,wb_protein_secretion,1.0,0.97,True,inconclusive,,,No PubMed search results and no INDRA statements for this pair.,,none,0.0,0.0,0.0,,,,"(Gene-set activity score, in whole blood, for genes induced by low-oxygen conditions.) AND (Gene-set activity score, in whole blood, for genes for protein secretion pathway.)"
wb_inflammatory_response,wb_il_6_jak_stat3_signaling,0.99,0.97979798,True,inconclusive,,,No PubMed search results and no INDRA statements for this pair.,,none,0.0,0.0,0.0,,,,"(Gene-set activity score, in whole blood, for genes for general inflammatory response.) AND (Gene-set activity score, in whole blood, for genes induced by IL-6/JAK/STAT3 signaling.)"
wb_inflammatory_response,wb_kras_signaling_up,0.99,0.95959596,True,inconclusive,,,No PubMed search results and no INDRA statements for this pair.,,none,0.0,0.0,0.0,,,,"(Gene-set activity score, in whole blood, for genes for general inflammatory response.) AND (Gene-set activity score, in whole blood, for genes upregulated by KRAS oncogene signaling.)"
wb_interferon_alpha_response,wb_interferon_gamma_response,1.0,1.0,True,inconclusive,,,No PubMed search results and no INDRA statements for this pair.,,none,0.0,0.0,0.0,,,,"(Gene-set activity score, in whole blood, for genes induced by type-I interferon (IFN-alpha) signaling.) AND (Gene-set activity score, in whole blood, for genes induced by interferon-gamma signaling.)"
wb_kras_signaling_up,wb_allograft_rejection,0.99,1.0,True,inconclusive,,,No PubMed search results and no INDRA statements for this pair.,,none,0.0,0.0,0.0,,,,"(Gene-set activity score, in whole blood, for genes upregulated by KRAS oncogene signaling.) AND (Gene-set activity score, in whole blood, for genes involved in immune rejection of transplanted tissue.)"
wb_kras_signaling_up,wb_tnf_alpha_signaling_via_nf_kb,1.0,0.99,True,inconclusive,,,No PubMed search results and no INDRA statements for this pair.,,none,0.0,0.0,0.0,,,,"(Gene-set activity score, in whole blood, for genes upregulated by KRAS oncogene signaling.) AND (Gene-set activity score, in whole blood, for genes induced by TNF-alpha via the NF-kB pathway.)"
wb_mitotic_spindle,wb_adipogenesis,0.99,0.696969697,True,inconclusive,,,No PubMed search results and no INDRA statements for this pair.,,none,0.0,0.0,0.0,,,,"(Gene-set activity score, in whole blood, for genes for the mitotic spindle apparatus (cell division).) AND (Gene-set activity score, in whole blood, for genes for fat cell development.)"
wb_mtorc1_signaling,wb_glycolysis,0.99,0.929292929,True,inconclusive,,,No PubMed search results and no INDRA statements for this pair.,,none,0.0,0.0,0.0,,,,"(Gene-set activity score, in whole blood, for genes induced by mTORC1 signaling (growth/metabolism).) AND (Gene-set activity score, in whole blood, for genes for glucose breakdown/energy metabolism.)"
wb_myc_targets_v1,wb_dna_repair,1.0,0.67,True,inconclusive,,,No PubMed search results and no INDRA statements for this pair.,,none,0.0,0.0,0.0,,,,"(Gene-set activity score, in whole blood, for genes regulated by the MYC oncogene (proliferation), set 1.) AND (Gene-set activity score, in whole blood, for genes for DNA damage repair.)"
wb_myc_targets_v1,wb_myc_targets_v2,0.91,0.912087912,True,inconclusive,,,No PubMed search results and no INDRA statements for this pair.,,none,0.0,0.0,0.0,,,,"(Gene-set activity score, in whole blood, for genes regulated by the MYC oncogene (proliferation), set 1.) AND (Gene-set activity score, in whole blood, for genes regulated by the MYC oncogene (proliferation), set 2.)"
wb_myogenesis,wb_spermatogenesis,0.91,0.989010989,True,inconclusive,,,No PubMed search results and no INDRA statements for this pair.,,none,0.0,0.0,0.0,,,,"(Gene-set activity score, in whole blood, for genes for muscle cell development.) AND (Gene-set activity score, in whole blood, for genes for sperm cell development.)"
wb_reactive_oxygen_species_pathway,wb_unfolded_protein_response,0.89,0.887640449,True,inconclusive,,,No PubMed search results and no INDRA statements for this pair.,,none,0.0,0.0,0.0,,,,"(Gene-set activity score, in whole blood, for genes for oxidative-stress response.) AND (Gene-set activity score, in whole blood, for genes for the cellular stress response to misfolded proteins.)"
wb_uv_response_dn,wb_inflammatory_response,0.96,0.947916667,True,inconclusive,,,No PubMed search results and no INDRA statements for this pair.,,none,0.0,0.0,0.0,,,,"(Gene-set activity score, in whole blood, for genes downregulated in response to UV radiation.) AND (Gene-set activity score, in whole blood, for genes for general inflammatory response.)"
l2_effector_b_cell_alr,l2_memory_b_cell_alr,1.0,1.0,True,inconclusive,,,No PubMed search results and no INDRA statements for this pair.,,none,0.0,0.0,0.0,,,,(Additive-log-ratio (alr) transformed relative abundance of effector B cell among PBMCs.) AND (Additive-log-ratio (alr) transformed relative abundance of memory B cell among PBMCs.)
l2_effector_b_cell_alr,l3_isg_naive_b_cell_alr,0.97,0.93814433,True,inconclusive,,,No PubMed search results and no INDRA statements for this pair.,,none,0.0,0.0,0.0,,,,(Additive-log-ratio (alr) transformed relative abundance of effector B cell among PBMCs.) AND (Additive-log-ratio (alr) transformed relative abundance of ISG-high (interferon-stimulated-gene-high) naive B cell among PBMCs.)
l2_memory_b_cell_alr,l3_baeomap_cell,1.0,1.0,True,inconclusive,,,No PubMed search results and no INDRA statements for this pair.,,none,0.0,0.0,0.0,,,,(Additive-log-ratio (alr) transformed relative abundance of memory B cell among PBMCs.) AND (Relative abundance / frequency (untransformed) of [unrecognized marker/subset code -- verify against Azimuth PBMC L3 reference] cell among PBMCs.)
l2_memory_b_cell_alr,l3_transitional_b_cell,1.0,1.0,True,inconclusive,,,No PubMed search results and no INDRA statements for this pair.,,none,0.0,0.0,0.0,,,,(Additive-log-ratio (alr) transformed relative abundance of memory B cell among PBMCs.) AND (Relative abundance / frequency (untransformed) of transitional B cell among PBMCs.)
l2_memory_b_cell_alr,l2_plasma_cell_alr,0.96,1.0,True,inconclusive,,,No PubMed search results and no INDRA statements for this pair.,,none,0.0,0.0,0.0,,,,(Additive-log-ratio (alr) transformed relative abundance of memory B cell among PBMCs.) AND (Additive-log-ratio (alr) transformed relative abundance of plasma cell cell among PBMCs.)
l2_plasma_cell_alr,l2_proliferating_t_cell_alr,0.88,0.977272727,True,inconclusive,,,No PubMed search results and no INDRA statements for this pair.,,none,0.0,0.0,0.0,,,,(Additive-log-ratio (alr) transformed relative abundance of plasma cell cell among PBMCs.) AND (Additive-log-ratio (alr) transformed relative abundance of proliferating T cell among PBMCs.)
l2_cd16_monocyte_alr,l2_intermediate_monocyte_alr,1.0,1.0,True,inconclusive,,,No PubMed search results and no INDRA statements for this pair.,,none,0.0,0.0,0.0,,,,(Additive-log-ratio (alr) transformed relative abundance of CD16 monocyte among PBMCs.) AND (Additive-log-ratio (alr) transformed relative abundance of intermediate monocyte among PBMCs.)
l2_cd56bright_nk_cell_alr,l2_proliferating_nk_cell_alr,0.99,0.909090909,True,inconclusive,,,No PubMed search results and no INDRA statements for this pair.,,none,0.0,0.0,0.0,,,,(Additive-log-ratio (alr) transformed relative abundance of CD56bright NK cell among PBMCs.) AND (Additive-log-ratio (alr) transformed relative abundance of proliferating NK cell among PBMCs.)
l2_cd56bright_nk_cell_alr,l3_gzmk_cd56dim_nk_cell_alr,0.97,0.989690722,True,inconclusive,,,No PubMed search results and no INDRA statements for this pair.,,none,0.0,0.0,0.0,,,,(Additive-log-ratio (alr) transformed relative abundance of CD56bright NK cell among PBMCs.) AND (Additive-log-ratio (alr) transformed relative abundance of Granzyme K+ CD56dim NK cell among PBMCs.)
l2_cd8aa_alr,l3_sox4_naive_cd4_t_cell_alr,1.0,0.85,True,inconclusive,,,No PubMed search results and no INDRA statements for this pair.,,none,0.0,0.0,0.0,,,,(Additive-log-ratio (alr) transformed relative abundance of CD8aa among PBMCs.) AND (Additive-log-ratio (alr) transformed relative abundance of SOX4+ (recent thymic emigrant marker) naive CD4 T cell among PBMCs.)
l2_mait_alr,l3_naive_vd1_gdt_alr,1.0,0.98,True,inconclusive,,,No PubMed search results and no INDRA statements for this pair.,,none,0.0,0.0,0.0,,,,(Additive-log-ratio (alr) transformed relative abundance of MAIT cell among PBMCs.) AND (Additive-log-ratio (alr) transformed relative abundance of naive Vδ1 gamma-delta T cell among PBMCs.)
l2_memory_cd4_t_cell_alr,l2_treg_alr,1.0,1.0,True,inconclusive,,,No PubMed search results and no INDRA statements for this pair.,,none,0.0,0.0,0.0,,,,(Additive-log-ratio (alr) transformed relative abundance of memory CD4 T cell among PBMCs.) AND (Additive-log-ratio (alr) transformed relative abundance of regulatory T cell (Treg) among PBMCs.)
l2_memory_cd8_t_cell_alr,l2_gdt_alr,0.97,0.989690722,True,inconclusive,,,No PubMed search results and no INDRA statements for this pair.,,none,0.0,0.0,0.0,,,,(Additive-log-ratio (alr) transformed relative abundance of memory CD8 T cell among PBMCs.) AND (Additive-log-ratio (alr) transformed relative abundance of gamma-delta T cell among PBMCs.)
l2_memory_cd8_t_cell_alr,l2_proliferating_t_cell_alr,1.0,1.0,True,inconclusive,,,No PubMed search results and no INDRA statements for this pair.,,none,0.0,0.0,0.0,,,,(Additive-log-ratio (alr) transformed relative abundance of memory CD8 T cell among PBMCs.) AND (Additive-log-ratio (alr) transformed relative abundance of proliferating T cell among PBMCs.)
l2_proliferating_t_cell_alr,l2_dn_t_cell_alr,0.95,0.989473684,True,inconclusive,,,No PubMed search results and no INDRA statements for this pair.,,none,0.0,0.0,0.0,,,,(Additive-log-ratio (alr) transformed relative abundance of proliferating T cell among PBMCs.) AND (Additive-log-ratio (alr) transformed relative abundance of double-negative T cell among PBMCs.)
l3_isg_cd14_monocyte_alr,l3_isg_cd16_monocyte_alr,1.0,0.875,True,inconclusive,,,No PubMed search results and no INDRA statements for this pair.,,none,0.0,0.0,0.0,,,,(Additive-log-ratio (alr) transformed relative abundance of ISG-high (interferon-stimulated-gene-high) CD14 monocyte among PBMCs.) AND (Additive-log-ratio (alr) transformed relative abundance of ISG-high (interferon-stimulated-gene-high) CD16 monocyte among PBMCs.)
l3_isg_cd14_monocyte_alr,l3_isg_cd56dim_nk_cell_alr,1.0,1.0,True,inconclusive,,,No PubMed search results and no INDRA statements for this pair.,,none,0.0,0.0,0.0,,,,(Additive-log-ratio (alr) transformed relative abundance of ISG-high (interferon-stimulated-gene-high) CD14 monocyte among PBMCs.) AND (Additive-log-ratio (alr) transformed relative abundance of ISG-high (interferon-stimulated-gene-high) CD56dim NK cell among PBMCs.)
l3_isg_cd14_monocyte_alr,l3_isg_cdc2_alr,1.0,0.995,True,inconclusive,,,No PubMed search results and no INDRA statements for this pair.,,none,0.0,0.0,0.0,,,,(Additive-log-ratio (alr) transformed relative abundance of ISG-high (interferon-stimulated-gene-high) CD14 monocyte among PBMCs.) AND (Additive-log-ratio (alr) transformed relative abundance of ISG-high (interferon-stimulated-gene-high) conventional dendritic cell 2 (cDC2) among PBMCs.)
l3_isg_cd14_monocyte_alr,l3_isg_memory_cd4_t_cell_alr,1.0,0.94,True,inconclusive,,,No PubMed search results and no INDRA statements for this pair.,,none,0.0,0.0,0.0,,,,(Additive-log-ratio (alr) transformed relative abundance of ISG-high (interferon-stimulated-gene-high) CD14 monocyte among PBMCs.) AND (Additive-log-ratio (alr) transformed relative abundance of ISG-high (interferon-stimulated-gene-high) memory CD4 T cell among PBMCs.)
l3_isg_cd14_monocyte_alr,l3_isg_memory_cd8_t_cell_alr,1.0,1.0,True,inconclusive,,,No PubMed search results and no INDRA statements for this pair.,,none,0.0,0.0,0.0,,,,(Additive-log-ratio (alr) transformed relative abundance of ISG-high (interferon-stimulated-gene-high) CD14 monocyte among PBMCs.) AND (Additive-log-ratio (alr) transformed relative abundance of ISG-high (interferon-stimulated-gene-high) memory CD8 T cell among PBMCs.)
l3_isg_cd14_monocyte_alr,l3_isg_naive_b_cell_alr,0.94,0.989361702,True,inconclusive,,,No PubMed search results and no INDRA statements for this pair.,,none,0.0,0.0,0.0,,,,(Additive-log-ratio (alr) transformed relative abundance of ISG-high (interferon-stimulated-gene-high) CD14 monocyte among PBMCs.) AND (Additive-log-ratio (alr) transformed relative abundance of ISG-high (interferon-stimulated-gene-high) naive B cell among PBMCs.)
l3_isg_cd14_monocyte_alr,l3_isg_naive_cd4_t_cell_alr,0.92,0.97826087,True,inconclusive,,,No PubMed search results and no INDRA statements for this pair.,,none,0.0,0.0,0.0,,,,(Additive-log-ratio (alr) transformed relative abundance of ISG-high (interferon-stimulated-gene-high) CD14 monocyte among PBMCs.) AND (Additive-log-ratio (alr) transformed relative abundance of ISG-high (interferon-stimulated-gene-high) naive CD4 T cell among PBMCs.)
l3_isg_cd16_monocyte_alr,pb_pdc_ifn_alpha,1.0,0.86,True,inconclusive,,,No PubMed search results and no INDRA statements for this pair.,,none,0.0,0.0,0.0,,,,(Additive-log-ratio (alr) transformed relative abundance of ISG-high (interferon-stimulated-gene-high) CD16 monocyte among PBMCs.) AND (Pathway activity score for interferon alpha response within plasmacytoid dendritic cell (peripheral blood).)
l3_gzmk_cd56dim_nk_cell_alr,l1_nk_cell_alr,1.0,0.98,True,inconclusive,,,No PubMed search results and no INDRA statements for this pair.,,none,0.0,0.0,0.0,,,,(Additive-log-ratio (alr) transformed relative abundance of Granzyme K+ CD56dim NK cell among PBMCs.) AND (Additive-log-ratio (alr) transformed relative abundance of NK cell among PBMCs.)
l3_adaptive_nk_cell_alr,l3_pdc,0.96,0.989583333,True,inconclusive,,,No PubMed search results and no INDRA statements for this pair.,,none,0.0,0.0,0.0,,,,(Additive-log-ratio (alr) transformed relative abundance of adaptive (memory-like) NK cell among PBMCs.) AND (Relative abundance / frequency (untransformed) of plasmacytoid dendritic cell among PBMCs.)
l3_adaptive_nk_cell_alr,l2_pdc_alr,0.92,0.97826087,True,inconclusive,,,No PubMed search results and no INDRA statements for this pair.,,none,0.0,0.0,0.0,,,,(Additive-log-ratio (alr) transformed relative abundance of adaptive (memory-like) NK cell among PBMCs.) AND (Additive-log-ratio (alr) transformed relative abundance of plasmacytoid dendritic cell among PBMCs.)
l3_adaptive_nk_cell_alr,l3_gzmk_cd56dim_nk_cell_alr,0.97,0.721649485,True,inconclusive,,,No PubMed search results and no INDRA statements for this pair.,,none,0.0,0.0,0.0,,,,(Additive-log-ratio (alr) transformed relative abundance of adaptive (memory-like) NK cell among PBMCs.) AND (Additive-log-ratio (alr) transformed relative abundance of Granzyme K+ CD56dim NK cell among PBMCs.)
l3_cd14_cdc2_alr,l3_isg_cdc2_alr,0.94,0.989361702,True,inconclusive,,,No PubMed search results and no INDRA statements for this pair.,,none,0.0,0.0,0.0,,,,(Additive-log-ratio (alr) transformed relative abundance of CD14 conventional dendritic cell 2 (cDC2) among PBMCs.) AND (Additive-log-ratio (alr) transformed relative abundance of ISG-high (interferon-stimulated-gene-high) conventional dendritic cell 2 (cDC2) among PBMCs.)
l3_cd27_effector_b_cell_alt_alr,l3_klrf1_effector_vd1_gdt_alr,1.0,0.72,True,inconclusive,,,No PubMed search results and no INDRA statements for this pair.,,none,0.0,0.0,0.0,,,,(Additive-log-ratio (alr) transformed relative abundance of CD27+ effector B cell among PBMCs.) AND (Additive-log-ratio (alr) transformed relative abundance of KLRF1+ effector Vδ1 gamma-delta T cell among PBMCs.)
l3_klrf1_effector_vd1_gdt_alr,l3_klrf1_effector_vd1_gdt_alt_alr,1.0,0.92,True,inconclusive,,,No PubMed search results and no INDRA statements for this pair.,,none,0.0,0.0,0.0,,,,(Additive-log-ratio (alr) transformed relative abundance of KLRF1+ effector Vδ1 gamma-delta T cell among PBMCs.) AND (Additive-log-ratio (alr) transformed relative abundance of KLRF1+ effector Vδ1 gamma-delta T cell among PBMCs.)
l3_klrf1_effector_vd1_gdt_alr,l3_sox4_vd1_gdt_alr,0.88,1.0,True,inconclusive,,,No PubMed search results and no INDRA statements for this pair.,,none,0.0,0.0,0.0,,,,(Additive-log-ratio (alr) transformed relative abundance of KLRF1+ effector Vδ1 gamma-delta T cell among PBMCs.) AND (Additive-log-ratio (alr) transformed relative abundance of SOX4+ (recent thymic emigrant marker) Vδ1 gamma-delta T cell among PBMCs.)
l3_klrf1_effector_vd1_gdt_alt_alr,l3_klrf1_gzmb_cd27_em_cd8_t_cell_alt_alr,0.98,1.0,True,inconclusive,,,No PubMed search results and no INDRA statements for this pair.,,none,0.0,0.0,0.0,,,,(Additive-log-ratio (alr) transformed relative abundance of KLRF1+ effector Vδ1 gamma-delta T cell among PBMCs.) AND (Additive-log-ratio (alr) transformed relative abundance of KLRF1+ Granzyme B+ CD27+ effector memory CD8 T cell among PBMCs.)
l3_naive_vd1_gdt_alr,l3_sox4_vd1_gdt_alr,1.0,1.0,True,inconclusive,,,No PubMed search results and no INDRA statements for this pair.,,none,0.0,0.0,0.0,,,,(Additive-log-ratio (alr) transformed relative abundance of naive Vδ1 gamma-delta T cell among PBMCs.) AND (Additive-log-ratio (alr) transformed relative abundance of SOX4+ (recent thymic emigrant marker) Vδ1 gamma-delta T cell among PBMCs.)
l3_cd95_memory_b_cell_alr,l2_plasma_cell_alr,0.96,1.0,True,inconclusive,,,No PubMed search results and no INDRA statements for this pair.,,none,0.0,0.0,0.0,,,,(Additive-log-ratio (alr) transformed relative abundance of CD95(Fas)+ memory B cell among PBMCs.) AND (Additive-log-ratio (alr) transformed relative abundance of plasma cell cell among PBMCs.)
l3_cd95_memory_b_cell_alr,l3_type_2_polarized_memory_b_cell_alr,1.0,0.89,True,inconclusive,,,No PubMed search results and no INDRA statements for this pair.,,none,0.0,0.0,0.0,,,,(Additive-log-ratio (alr) transformed relative abundance of CD95(Fas)+ memory B cell among PBMCs.) AND (Additive-log-ratio (alr) transformed relative abundance of type 2 polarized memory B cell among PBMCs.)
l3_isg_memory_cd4_t_cell_alr,pb_memory_cd4_treg_ifn_alpha,0.95,0.989473684,True,inconclusive,,,No PubMed search results and no INDRA statements for this pair.,,none,0.0,0.0,0.0,,,,(Additive-log-ratio (alr) transformed relative abundance of ISG-high (interferon-stimulated-gene-high) memory CD4 T cell among PBMCs.) AND (Pathway activity score for interferon alpha response within memory CD4 regulatory T cell (Treg) (peripheral blood).)
l3_isg_memory_cd4_t_cell_alr,l3_isg_naive_cd4_t_cell_alr,1.0,0.965,True,inconclusive,,,No PubMed search results and no INDRA statements for this pair.,,none,0.0,0.0,0.0,,,,(Additive-log-ratio (alr) transformed relative abundance of ISG-high (interferon-stimulated-gene-high) memory CD4 T cell among PBMCs.) AND (Additive-log-ratio (alr) transformed relative abundance of ISG-high (interferon-stimulated-gene-high) naive CD4 T cell among PBMCs.)
l3_klrf1_gzmb_cd27_memory_cd4_t_cell_alr,l2_memory_cd8_t_cell_alr,0.99,1.0,True,inconclusive,,,No PubMed search results and no INDRA statements for this pair.,,none,0.0,0.0,0.0,,,,(Additive-log-ratio (alr) transformed relative abundance of KLRF1+ Granzyme B+ CD27+ memory CD4 T cell among PBMCs.) AND (Additive-log-ratio (alr) transformed relative abundance of memory CD8 T cell among PBMCs.)
l3_klrf1_gzmb_cd27_memory_cd4_t_cell_alr,l3_cm_cd8_t_cell_alr,0.97,1.0,True,inconclusive,,,No PubMed search results and no INDRA statements for this pair.,,none,0.0,0.0,0.0,,,,(Additive-log-ratio (alr) transformed relative abundance of KLRF1+ Granzyme B+ CD27+ memory CD4 T cell among PBMCs.) AND (Additive-log-ratio (alr) transformed relative abundance of central memory CD8 T cell among PBMCs.)
l3_cm_cd8_t_cell_alr,l3_isg_memory_cd8_t_cell_alr,1.0,1.0,True,inconclusive,,,No PubMed search results and no INDRA statements for this pair.,,none,0.0,0.0,0.0,,,,(Additive-log-ratio (alr) transformed relative abundance of central memory CD8 T cell among PBMCs.) AND (Additive-log-ratio (alr) transformed relative abundance of ISG-high (interferon-stimulated-gene-high) memory CD8 T cell among PBMCs.)
l3_isg_naive_cd4_t_cell_alr,l3_isg_naive_cd8_t_cell_alr,1.0,1.0,True,inconclusive,,,No PubMed search results and no INDRA statements for this pair.,,none,0.0,0.0,0.0,,,,(Additive-log-ratio (alr) transformed relative abundance of ISG-high (interferon-stimulated-gene-high) naive CD4 T cell among PBMCs.) AND (Additive-log-ratio (alr) transformed relative abundance of ISG-high (interferon-stimulated-gene-high) naive CD8 T cell among PBMCs.)
l3_isg_naive_cd4_t_cell_alr,l1_erythrocyte_alr,0.92,0.989130435,True,inconclusive,,,No PubMed search results and no INDRA statements for this pair.,,none,0.0,0.0,0.0,,,,(Additive-log-ratio (alr) transformed relative abundance of ISG-high (interferon-stimulated-gene-high) naive CD4 T cell among PBMCs.) AND (Additive-log-ratio (alr) transformed relative abundance of erythrocyte (red blood cell) among PBMCs.)
l3_sox4_naive_cd4_t_cell_alr,l3_cd8aa,1.0,0.87,True,inconclusive,,,No PubMed search results and no INDRA statements for this pair.,,none,0.0,0.0,0.0,,,,(Additive-log-ratio (alr) transformed relative abundance of SOX4+ (recent thymic emigrant marker) naive CD4 T cell among PBMCs.) AND (Relative abundance / frequency (untransformed) of CD8aa among PBMCs.)
l3_sox4_naive_cd4_t_cell_alr,l3_proliferating_nk_cell,1.0,1.0,True,inconclusive,,,No PubMed search results and no INDRA statements for this pair.,,none,0.0,0.0,0.0,,,,(Additive-log-ratio (alr) transformed relative abundance of SOX4+ (recent thymic emigrant marker) naive CD4 T cell among PBMCs.) AND (Relative abundance / frequency (untransformed) of proliferating NK cell among PBMCs.)
l3_sox4_naive_cd4_t_cell_alr,l2_naive_cd8_t_cell_alr,1.0,1.0,True,inconclusive,,,No PubMed search results and no INDRA statements for this pair.,,none,0.0,0.0,0.0,,,,(Additive-log-ratio (alr) transformed relative abundance of SOX4+ (recent thymic emigrant marker) naive CD4 T cell among PBMCs.) AND (Additive-log-ratio (alr) transformed relative abundance of naive CD8 T cell among PBMCs.)
l3_sox4_naive_cd4_t_cell_alr,l3_naive_vd1_gdt_alr,0.88,1.0,True,inconclusive,,,No PubMed search results and no INDRA statements for this pair.,,none,0.0,0.0,0.0,,,,(Additive-log-ratio (alr) transformed relative abundance of SOX4+ (recent thymic emigrant marker) naive CD4 T cell among PBMCs.) AND (Additive-log-ratio (alr) transformed relative abundance of naive Vδ1 gamma-delta T cell among PBMCs.)
l3_sox4_naive_cd4_t_cell_alr,l3_sox4_naive_cd8_t_cell_alr,1.0,1.0,True,inconclusive,,,No PubMed search results and no INDRA statements for this pair.,,none,0.0,0.0,0.0,,,,(Additive-log-ratio (alr) transformed relative abundance of SOX4+ (recent thymic emigrant marker) naive CD4 T cell among PBMCs.) AND (Additive-log-ratio (alr) transformed relative abundance of SOX4+ (recent thymic emigrant marker) naive CD8 T cell among PBMCs.)
l3_sox4_naive_cd8_t_cell_alr,l3_sox4_vd1_gdt_alr,0.95,1.0,True,inconclusive,,,No PubMed search results and no INDRA statements for this pair.,,none,0.0,0.0,0.0,,,,(Additive-log-ratio (alr) transformed relative abundance of SOX4+ (recent thymic emigrant marker) naive CD8 T cell among PBMCs.) AND (Additive-log-ratio (alr) transformed relative abundance of SOX4+ (recent thymic emigrant marker) Vδ1 gamma-delta T cell among PBMCs.)
l3_naive_cd4_treg_alr,l2_memory_cd4_t_cell_alr,0.98,0.765306122,True,inconclusive,,,No PubMed search results and no INDRA statements for this pair.,,none,0.0,0.0,0.0,,,,(Additive-log-ratio (alr) transformed relative abundance of naive CD4 regulatory T cell (Treg) among PBMCs.) AND (Additive-log-ratio (alr) transformed relative abundance of memory CD4 T cell among PBMCs.)
l1_dc_alr,l3_cdc1,0.89,0.606741573,True,inconclusive,,,No PubMed search results and no INDRA statements for this pair.,,none,0.0,0.0,0.0,,,,(Additive-log-ratio (alr) transformed relative abundance of dendritic cell among PBMCs.) AND (Relative abundance / frequency (untransformed) of conventional dendritic cell 1 (cDC1) among PBMCs.)
l1_dc_alr,l1_monocyte_alr,1.0,0.89,True,inconclusive,,,No PubMed search results and no INDRA statements for this pair.,,none,0.0,0.0,0.0,,,,(Additive-log-ratio (alr) transformed relative abundance of dendritic cell among PBMCs.) AND (Additive-log-ratio (alr) transformed relative abundance of monocyte among PBMCs.)
l1_dc_alr,l1_erythrocyte_alr,0.94,1.0,True,inconclusive,,,No PubMed search results and no INDRA statements for this pair.,,none,0.0,0.0,0.0,,,,(Additive-log-ratio (alr) transformed relative abundance of dendritic cell among PBMCs.) AND (Additive-log-ratio (alr) transformed relative abundance of erythrocyte (red blood cell) among PBMCs.)
l1_dc_alr,l1_ilc_alr,0.93,1.0,True,inconclusive,,,No PubMed search results and no INDRA statements for this pair.,,none,0.0,0.0,0.0,,,,(Additive-log-ratio (alr) transformed relative abundance of dendritic cell among PBMCs.) AND (Additive-log-ratio (alr) transformed relative abundance of innate lymphoid cell (ILC) among PBMCs.)
l1_dc_alr,l1_platelet_alr,0.89,1.0,True,inconclusive,,,No PubMed search results and no INDRA statements for this pair.,,none,0.0,0.0,0.0,,,,(Additive-log-ratio (alr) transformed relative abundance of dendritic cell among PBMCs.) AND (Additive-log-ratio (alr) transformed relative abundance of platelet among PBMCs.)
l1_dc_alr,l1_progenitor_cell_alr,0.99,0.848484848,True,inconclusive,,,No PubMed search results and no INDRA statements for this pair.,,none,0.0,0.0,0.0,,,,(Additive-log-ratio (alr) transformed relative abundance of dendritic cell among PBMCs.) AND (Additive-log-ratio (alr) transformed relative abundance of progenitor (stem/precursor) cell cell among PBMCs.)
l1_monocyte_alr,bc_lymphocyte_count,1.0,0.85,True,inconclusive,,,No PubMed search results and no INDRA statements for this pair.,,none,0.0,0.0,0.0,,,,"(Additive-log-ratio (alr) transformed relative abundance of monocyte among PBMCs.) AND (Lymphocyte count -- T cells, B cells, NK cells; adaptive + innate immunity (CBC differential).)"
l1_monocyte_alr,bc_monocyte_count,0.99,0.828282828,True,inconclusive,,,No PubMed search results and no INDRA statements for this pair.,,none,0.0,0.0,0.0,,,,(Additive-log-ratio (alr) transformed relative abundance of monocyte among PBMCs.) AND (Monocyte count -- precursors to macrophages/dendritic cells (CBC differential).)
l1_monocyte_alr,l3_intermediate_monocyte,1.0,0.99,True,inconclusive,,,No PubMed search results and no INDRA statements for this pair.,,none,0.0,0.0,0.0,,,,(Additive-log-ratio (alr) transformed relative abundance of monocyte among PBMCs.) AND (Relative abundance / frequency (untransformed) of intermediate monocyte among PBMCs.)
l1_nk_cell_alr,l3_proliferating_nk_cell,1.0,0.99,True,inconclusive,,,No PubMed search results and no INDRA statements for this pair.,,none,0.0,0.0,0.0,,,,(Additive-log-ratio (alr) transformed relative abundance of NK cell among PBMCs.) AND (Relative abundance / frequency (untransformed) of proliferating NK cell among PBMCs.)
